-- MySQL dump 10.13  Distrib 5.7.17, for Win64 (x86_64)
--
-- Host: localhost    Database: nutriversion
-- ------------------------------------------------------
-- Server version	5.7.19

/*!40101 SET @OLD_CHARACTER_SET_CLIENT=@@CHARACTER_SET_CLIENT */;
/*!40101 SET @OLD_CHARACTER_SET_RESULTS=@@CHARACTER_SET_RESULTS */;
/*!40101 SET @OLD_COLLATION_CONNECTION=@@COLLATION_CONNECTION */;
/*!40101 SET NAMES utf8 */;
/*!40103 SET @OLD_TIME_ZONE=@@TIME_ZONE */;
/*!40103 SET TIME_ZONE='+00:00' */;
/*!40014 SET @OLD_UNIQUE_CHECKS=@@UNIQUE_CHECKS, UNIQUE_CHECKS=0 */;
/*!40014 SET @OLD_FOREIGN_KEY_CHECKS=@@FOREIGN_KEY_CHECKS, FOREIGN_KEY_CHECKS=0 */;
/*!40101 SET @OLD_SQL_MODE=@@SQL_MODE, SQL_MODE='NO_AUTO_VALUE_ON_ZERO' */;
/*!40111 SET @OLD_SQL_NOTES=@@SQL_NOTES, SQL_NOTES=0 */;

--
-- Table structure for table `alergias`
--

DROP TABLE IF EXISTS `alergias`;
/*!40101 SET @saved_cs_client     = @@character_set_client */;
/*!40101 SET character_set_client = utf8 */;
CREATE TABLE `alergias` (
  `id_alergia` int(11) NOT NULL,
  `id_tipo_alergia` int(11) DEFAULT NULL,
  `nombre` varchar(50) DEFAULT NULL,
  PRIMARY KEY (`id_alergia`),
  KEY `fk_tipo_aler_idx` (`id_tipo_alergia`),
  CONSTRAINT `fk_tipo_aler` FOREIGN KEY (`id_tipo_alergia`) REFERENCES `tipo_alergia` (`id_alergia`) ON DELETE NO ACTION ON UPDATE NO ACTION
) ENGINE=InnoDB DEFAULT CHARSET=latin1;
/*!40101 SET character_set_client = @saved_cs_client */;

--
-- Dumping data for table `alergias`
--

LOCK TABLES `alergias` WRITE;
/*!40000 ALTER TABLE `alergias` DISABLE KEYS */;
INSERT INTO `alergias` VALUES (1,1,'penisilina'),(2,1,'paracetamol'),(3,1,'anestesia'),(4,2,'polen'),(5,3,'tomate'),(6,3,'choclo');
/*!40000 ALTER TABLE `alergias` ENABLE KEYS */;
UNLOCK TABLES;

--
-- Table structure for table `alimentos`
--

DROP TABLE IF EXISTS `alimentos`;
/*!40101 SET @saved_cs_client     = @@character_set_client */;
/*!40101 SET character_set_client = utf8 */;
CREATE TABLE `alimentos` (
  `ID_SUBCATE` int(11) DEFAULT NULL,
  `ID_ALIMENTO` int(11) NOT NULL DEFAULT '0',
  `ALIMENTO` varchar(57) COLLATE utf8_unicode_ci DEFAULT NULL,
  `Cantidad_gramos` double DEFAULT NULL,
  `Humedad` double DEFAULT NULL,
  `Calorias` double DEFAULT NULL,
  `Proteinas_g` double DEFAULT NULL,
  `Hidratos_g` double DEFAULT NULL,
  `Fibra_Dietaria_g` double DEFAULT NULL,
  `Lipidos_g` double DEFAULT NULL,
  `Saturados_g` double DEFAULT NULL,
  `Monoinsat_g` double DEFAULT NULL,
  `Polieinsat_g` double DEFAULT NULL,
  `Colesterol_mg` double DEFAULT NULL,
  `omega_6_g` double DEFAULT NULL,
  `omega_3_g` double DEFAULT NULL,
  `Caroteno_ER` double DEFAULT NULL,
  `Retinol_ER` double DEFAULT NULL,
  `Vitamina_AER` double DEFAULT NULL,
  `Vit_B1_mg` double DEFAULT NULL,
  `Vit_B2_mg` double DEFAULT NULL,
  `Niacina_mg` double DEFAULT NULL,
  `Vit_B6_mg` double DEFAULT NULL,
  `Vit_B12_mg` double DEFAULT NULL,
  `Folatos_mcg` double DEFAULT NULL,
  `Pantotenico_mg` double DEFAULT NULL,
  `Vit_C_mg` double DEFAULT NULL,
  `Vit_E_mg` double DEFAULT NULL,
  `Calcio_mg` double DEFAULT NULL,
  `Cobre_mg` double DEFAULT NULL,
  `Hierro_mg` double DEFAULT NULL,
  `Magnesio_mg` double DEFAULT NULL,
  `Fosforo_mg` double DEFAULT NULL,
  `Potasio_mg` double DEFAULT NULL,
  `Selenio_mcg` double DEFAULT NULL,
  `Sodio_mg` double DEFAULT NULL,
  `Zinc_mg` double DEFAULT NULL,
  PRIMARY KEY (`ID_ALIMENTO`),
  KEY `ID_SUBCATE` (`ID_SUBCATE`),
  CONSTRAINT `alimentos_ibfk_1` FOREIGN KEY (`ID_SUBCATE`) REFERENCES `sub_categoria` (`sub_cate_id`)
) ENGINE=InnoDB DEFAULT CHARSET=utf8 COLLATE=utf8_unicode_ci;
/*!40101 SET character_set_client = @saved_cs_client */;

--
-- Dumping data for table `alimentos`
--

LOCK TABLES `alimentos` WRITE;
/*!40000 ALTER TABLE `alimentos` DISABLE KEYS */;
INSERT INTO `alimentos` VALUES (1,1,'ARROZ',100,11.6,365,7.14,79.5,1.2,0.66,0.18,0.21,0.18,0,0,0,0,0,0,0.5,0,4.19,0.16,0,8,1.02,0,0.33,28,0.22,4.31,25,115,115,31.4,5,1),(1,2,'ARROZ INTEGRAL',100,10.4,370,7.95,76.8,3.41,2.92,0.58,1.05,1.04,0,0,0,0,0,0,0.4,0,5.09,0.51,0,20,1.49,0,1.62,23,0.28,1.47,143,333,223,38.8,7.03,2),(1,3,'AVENA',100,8.8,384,16,67,10.9,6.3,1.11,1.98,2.3,0,0,0,10,0,10,0.7,0.1,0.78,0.12,0,32,1.25,0,1.51,52,0.34,4.2,147,473,349,27,4,3),(1,4,'CHUCHOCA',100,10.9,361,6.93,76.8,12.8,3.86,0.54,1.02,1.76,0,0,0,46.9,0,46.9,0.2,0,1.9,0.37,0,25,0.66,0,1.05,7,0.23,2.38,92.3,272,315,2.22,5,1.7),(1,5,'CHUNO',100,7.6,351,7.99,79.9,1.12,0.8,0.21,0.02,0.35,0,0,0,0,0,0,0.4,0.1,3.4,0.01,0,50.6,1.5,19,0.17,33,1.08,17.2,87.7,178,1588,2.79,34,1.6),(1,6,'FIDEOS',100,8.34,372,13.3,74.8,6.8,1.57,0.23,0.18,0.64,0,0,0,46,0,46,0.3,0.2,4.55,0.32,0,48,1.21,0,0.13,58,0.5,2.13,174,332,376,50,36,2.7),(1,7,'HARINA TOSTADA',100,4.7,380.3,13.4,77.4,0.9,1.9,0,0,0,0,0,0,0,0,0,0.2,0.3,9.1,0,0,0,0,0,0,62,0,3.2,0,292,0,0,0,0),(1,8,'HARINA TRIGO',100,11.9,364,10.3,76.3,2.7,0.98,0.16,0.09,0.41,0,0,0,0,0,0,0.7,0.4,5.9,0.04,0,26,0.44,0,1.34,15,0.14,4.64,22,108,106,30.4,2,0.7),(1,9,'MAICENA',100,8.32,381,0.26,91.3,1,0.05,0.01,0.01,0.03,0,0,0,0,0,0,0,0,0,0,0,0,0,0,0,2,0.05,0.48,3,13,3,0.4,9,0),(1,10,'QUINOA',100,9.8,375,13,64.1,2.7,7.4,0,0,0,0,0,0,0,0,0,0.3,0.5,1.4,0,0,0,0,1.3,0,94,0,16.8,0,140,0,0,0,0),(1,11,'SEMOLA',100,12.7,360,12.7,72.5,3.47,1.05,0.15,0.12,0.43,0,0,0,0,0,0,0.8,0.5,5.99,0.1,0,71.9,0.58,0,0.26,17,0.19,4.36,47,136,186,12,1,1),(1,12,'TAPIOCA',100,8.8,360,1.3,88.6,0,0.05,0,0,0,0,0,0,0,0,0,0,0,0,0,0,0,0,0,0,26,0,4.9,0,14,22,0,3.7,0),(1,13,'SEMILLAS SESAMO',100,4.7,573,17.7,23.5,9.1,49.7,6.96,18.8,21.8,0,21.4,0.38,0.9,0,0.9,0.7,0.2,4.52,0.79,0,96.7,0.05,0,2.27,975,4.08,14.6,351,629,468,5.35,11,7.7),(2,14,'ARROZ',100,68.7,129,2.69,27.9,0.36,0.28,0.08,0.09,0.08,0,0,0,0,0,0,0.1,0,1.48,0.09,0,3,0.39,0,0.23,11,0.06,1.1,13,47,39,9.27,2,0.4),(2,15,'ARROZ INTEGRAL',100,73.1,111,2.58,23,1.7,0.9,0.18,0.33,0.32,0,0,0,0,0,0,0.1,0,1.53,0.15,0,4,0.29,0,0.72,10,0.1,0.42,43,82.6,43,13.3,5,0.6),(2,16,'FIDEOS',100,68.1,130,4.58,26.1,2.29,0.63,0.09,0.07,0.26,0,0,0,15,0,15,0.1,0.1,1.53,0.1,0,12,0.18,0,0.08,30,0.21,1.04,62,108,58,20,14,1),(2,17,'CABRITAS',100,4,386,12.7,76.7,16.2,5,0.5,2.25,1.94,0,0,0,0,0,0,0.3,0.1,2.2,0.2,0,37.5,0.48,0,0,11,0.28,2.7,288,281,256,12.5,3,2.7),(2,18,'MOTE, MAIZ',100,70,123,2.6,25.1,0.5,1.8,0.28,0.53,0.85,0,0,0,28.1,0,28.1,0.2,0,1.7,0.01,0,45.8,0.76,6.81,0.66,2,0.06,0.52,37,89,269,0.4,15.1,0.4),(2,19,'MOTE, TRIGO',100,65,131,3.5,30.4,0,0.4,0.06,0.05,0.16,0,0,0,17.6,0,17.6,0.1,0,1.74,0.12,0,18.3,0.46,0,0.05,22.1,0.19,0.81,66.4,127,144,19.1,13.7,1),(2,20,'SOPA CREMA DE ESPARRAGOS',100,3.6,368,11.4,60,0,9.8,0,0,0,0,0,0,0,0,0,0,0,0,0,0,0,0,0,0,0,0,0,0,0,0,0,0,0),(2,21,'SOPA CREMA DE ESPARRAGOS',100,4.81,366,13.8,55.8,2.4,10.8,1.61,4.64,4.06,1,3.77,0.28,168.8,0,168.8,0.2,0.3,3,0.05,0.2,46,0.5,5.2,0,137,0.6,0,18,185,824,0,4980,4.2),(3,22,'PAN TIPO MARRAQUETA/HALLULLA',100,31,289,9.09,55.4,3.7,3,0.66,1.18,0.69,3,0,0,0,0,0,0.4,0.2,3.31,0.05,0,157,0.36,0,0.57,42.9,0.15,2.8,20,84.9,90,23.8,580,0.6),(3,23,'PANMOLDE',100,35.6,269,8.7,50.4,1.9,3.19,0.73,1.41,0.91,2.99,0,0,0,0,0,0.4,0.2,3.3,0.03,0,34.5,0.43,0,0.06,83.8,0.14,2.8,20.7,96.8,106,27.5,504,0.6),(3,24,'PAN INTEGRAL',100,38.3,246,10.6,44.7,7.39,4.3,1.28,1.5,1.14,0,0,0,0,0,0,0.3,0.2,3.84,0.18,0,54.9,0.73,0,0.93,70.4,0.34,3.42,91.5,261,176,54.9,634,1.7),(3,25,'PAN DE CENTENO',100,35.5,243,9.12,52,6.6,1.1,0.2,0.36,0.4,1,0,0,0,0,0,0.3,0.2,2.8,0.1,0,39.2,0.44,0,0.2,75.2,0.19,2.7,32,147,145,36,556,1.5),(3,26,'PAN DULCE (HUEVO)',100,31.1,288.4,9.02,56.5,1.62,2.93,0.92,0.91,0.53,86.2,0,0,0.33,41,41.3,0.4,0.4,3.57,0.06,0.24,25.5,0.55,0.09,0.98,30.8,0.09,3.09,16.6,110,103,23.4,31.4,0.6),(3,27,'PAN AMASADO',100,8.33,428.7,7.22,53.4,1.89,20.7,7.95,9.09,2.53,18.96,0,0,0,0,0,0.5,0.3,4.13,0.03,0,18.2,0.31,0,1.2,11.4,0.11,3.25,16.1,76.2,74.6,21.3,150,0.5),(4,28,'AGUA',100,6.4,384,8,73.6,2.5,9.43,2.27,4.29,2.86,0,0,0,0,0,0,0.1,0.6,3.5,0.08,0,12.9,0.51,0,0,40,0.21,3.5,42.9,149,384,11,670,0.8),(4,29,'BOCADO CHAMPANA',100,6,348.9,3.7,76.1,0,3.3,0,0,0,0,0,0,0,0,0,0,0,0,0,0,0,0,0,0,0,0,0,0,0,0,0,0,0),(4,30,'CHAMPAGNA',100,6,348.9,3.7,76.1,0,3.3,0,0,0,0,0,0,0,0,0,0,0,0,0,0,0,0,0,0,0,0,0,0,0,0,0,0,0),(4,31,'SODA',100,5,420.4,8.5,72.3,0,10.8,0,0,0,0,0,0,0,0,0,0,0,0,0,0,0,0,0,0,0,0,0,0,0,0,0,0,0),(4,32,'SODA INTEGRAL',100,5,359.1,7,60.5,0,9.9,0,0,0,0,0,0,0,0,0,0,0,0,0,0,0,0,0,0,0,0,0,0,0,0,0,0,0),(4,33,'COCO',100,3.5,459,5.1,70.6,0,16.6,0,0,0,0,0,0,0,0,0,0,0,0,0,0,0,0,0,0,0,0,0,0,0,0,0,0,0),(4,34,'GRILL PROMEDIO( CLASICA, PAPA, SALAME, CIBOULETTE)',100,3.2,462.9,7.88,63.1,0,19.8,0,0,0,0,0,0,0,0,0,0,0,0,0,0,0,0,0,0,0,0,0,0,0,0,0,0,0),(4,35,'LIMON, MARAVILLA, NIZA',100,3.5,455,4.97,75,0,15,0,0,0,0,0,0,0,0,0,0,0,0,0,0,0,0,0,0,0,0,0,0,0,0,0,0,0),(4,36,'MUSEO PROMEDIO(CONEJO,CARITAS)',100,2.85,476.5,5.99,67.5,0,20.2,0,0,0,0,0,0,0,0,0,0,0,0,0,0,0,0,0,0,0,0,0,0,0,0,0,0,0),(4,37,'VINO',100,3.5,444.1,5.8,75.3,0,13.3,0,0,0,0,0,0,0,0,0,0,0,0,0,0,0,0,0,0,0,0,0,0,0,0,0,0,0),(4,38,'ALTEZA( BOCADO, CHIRIMOYA,FRUTILLA,HELADO)',100,2.8,494.9,3.4,69.5,0,22.5,0,0,0,0,0,0,0,0,0,0,0,0,0,0,0,0,0,0,0,0,0,0,0,0,0,0,0),(4,39,'DOLCE VITA( LEMON CREAM, PINA COLADA,COCO CREAM)',100,2.9,471.6,4.77,72,0,18.2,0,0,0,0,0,0,0,0,0,0,0,0,0,0,0,0,0,0,0,0,0,0,0,0,0,0,0),(4,40,'GRILL AMERICAN CRACKERS',100,5,423,8.7,73.2,0,10.6,0,0,0,0,0,0,0,0,0,0,0,0,0,0,0,0,0,0,0,0,0,0,0,0,0,0,0),(4,41,'KUKY (CLASICA,CHOCOLATE,COCO)',100,3.2,499.5,4.97,62.8,0,25.3,0,0,0,0,0,0,0,0,0,0,0,0,0,0,0,0,0,0,0,0,0,0,0,0,0,0,0),(4,42,'MOROCHA',100,2.3,482.3,6.6,65.6,0,21.5,0,0,0,0,0,0,0,0,0,0,0,0,0,0,0,0,0,0,0,0,0,0,0,0,0,0,0),(4,43,'NEGRITA',100,2.4,504.1,3.8,65.3,0,25.3,0,0,0,0,0,0,0,0,0,0,0,0,0,0,0,0,0,0,0,0,0,0,0,0,0,0,0),(4,44,'OBLEA, BLOCK PROMEDIO',100,2.8,490.9,3.9,69.4,0,21.9,0,0,0,0,0,0,0,0,0,0,0,0,0,0,0,0,0,0,0,0,0,0,0,0,0,0,0),(4,45,'TRITON PROMEDIO',100,2.9,485.6,4.13,67.5,0,22.1,0,0,0,0,0,0,0,0,0,0,0,0,0,0,0,0,0,0,0,0,0,0,0,0,0,0,0),(4,46,'TRITON',100,2.2,498.9,4.8,69.3,1,22.5,6.1,9,5.5,39,0,0,0,0,0,0.2,0.1,2.1,0.03,0.04,3,0.11,0,4.12,26,0.08,2,37.5,241,38,1,482,0.5),(5,47,'CERELAC PROMEDIO (TRIGO, 3 CEREALES, MILO, 3 FRUTAS)',100,2.5,417,15.3,68.7,1.43,8.98,0,0,0,0,0,0,0,0,1000,0.8,0.3,4,0.3,0.75,22,1.5,35,3,456.2,0,7.5,0,403,673,0,163.7,0),(5,48,'NESTUM PROMEDIO(ARROZ, MAIZ, 3 CEREALES,MIEL,AVENA)',100,3.6,372.9,6.92,82.3,2.62,1.78,0,0,0,0,0,0,0,0,670,0.4,0,11,0,0,17,0,85,7.3,373.6,0,18.5,0,427,135,0,326,0),(5,49,'CEREALES AZUCARADOS ( ESTRELLITAS, CREPITAS,CHOCAPIC,ETC)',100,2.87,365,6.35,82.4,2.9,4.3,0,0,0,0,0,0,0,0,2775,1.5,1.6,18.3,1.94,1.92,0.22,0,54,0,178,0,12.5,40,269,235,0,364,7.5),(5,50,'NATUR (ARROZ, MAIZ, TRIGO)',100,0,391.8,4,91.9,0,0.9,0,0,0,0,0,0,0,0,0,0,0,0,0,0,0,0,0,0,0,0,0,0,0,0,0,0,0),(5,51,'CORN FLAKES',100,2.6,387,8.1,86.3,2.1,0.3,0.04,0.07,0.18,0,0,0,0,1324,1324,1.3,1.5,17.6,1.8,0,352,0.18,53.2,0.41,3,0.07,6.3,12,63,91.9,6.34,1021,0.2),(5,52,'BLEVIT PROMEDIO',100,0,394.5,9.93,83.3,0.45,2.37,0,0,0,0,0,0,0,0,1500,0.5,0.6,6,0.8,2,40,0,50,4.4,452.5,0,3.92,0,0,0,0,0,0),(5,53,'BLEVIT CRECIMIENTO',100,2,418.2,13,75.8,0,7,0,0,0,0,0,0,0,0,1500,0.5,0.6,6,0.8,2,40,0,50,4.4,660,0,4,0,0,0,0,0,0),(6,54,'ARVEJAS CRUDAS',100,78.9,80.7,5.42,14.5,4.9,0.4,0.07,0.04,0.19,0,0,0,64,0,64,0.2,0.1,2.09,0.17,0,65,0.1,40,1.4,25,0.18,1.47,33,108,243,5,5,1.2),(6,55,'ARVEJAS CONGELADAS COCIDAS',100,79.5,78,5.15,14.2,4.51,0.27,0.05,0.02,0.13,0,0,0,67,0,67,0.2,0.1,1.47,0.11,0,58.6,0.14,9.9,0.5,24,0.14,1.57,29,90,167,4,87,0.9),(6,56,'ARVEJAS ENLATADAS',100,81.7,69.1,4.42,12.6,3.4,0.35,0.06,0.03,0.16,0,0,0,76.9,0,76.9,0.1,0,0.73,0.06,0,44.4,0.13,9.6,0.89,20,0.08,0.95,17.1,67.1,173,4,219,0.7),(6,57,'CAMOTE',100,66.1,130.8,1.6,30.2,0,0.4,0,0,0,0,0,0,0,0,0,0,0,0,0,0,0,0,0,0,41,0,8,0,21,0,0,0,0),(6,58,'CASTANA CRUDA',100,9,366,5,78.5,19.2,3.91,0.74,1.35,1.55,0,0,0,0,0,0,0.3,0,0.86,0.67,0,110,0.9,15.1,0,64.1,0.65,2.39,73.9,137,989,5.28,37,0.3),(6,59,'CHOCLO CRUDO',100,76,86,3.22,19,4.3,1.18,0.18,0.35,0.56,0,0,0,28.1,0,28.1,0.2,0,1.7,0.06,0,45.8,0.76,6.81,0.66,2,0.06,0.52,37,89,269,0.4,15.1,0.4),(6,60,'CHOCLO COCIDO',100,69.6,108,3.32,25.1,4.98,1.28,0.2,0.37,0.6,0,0,0,22,0,22,0.2,0,1.61,0.06,0,46.3,0.88,6.2,0.49,2,0.05,0.61,32,103,249,0.4,17,0.4),(6,61,'CHOCLO CONGELADO',100,75.8,81,3.02,20.5,4.2,0.07,0.01,0.02,0.03,0,0,0,25,0,25,0,0,1.28,0.1,0,22.8,0.22,2.6,0.27,2,0.03,0.3,18,47,138,0.5,5,0.3),(6,62,'HABAS cocidas',100,71.5,110,7.59,19.6,1.12,0.4,0.07,0.08,0.16,0,0,0,2,0,2,0.1,0,0.71,0.07,0,104,0.16,0.3,0,36,0.26,1.5,43,125,268,2.12,5,1),(6,63,'PAPA CRUDA',100,78.7,80.2,3.1,16.5,0,0.2,0,0,0,0,0,0,0,0,0,0.1,0,1.4,0,0,0,0,27.8,0,11,0,1.1,0,51,419,0,7,0),(6,64,'PAPA COCIDA',100,77.5,85.9,1.71,20,1.5,0.1,0.03,0,0.04,0,0,0,0,0,0,0.1,0,1.31,0.27,0,8.89,0.51,7.4,0.05,8,0.17,0.31,20,40,327,0.9,5,0.2),(6,65,'PINON',100,53.1,179.9,4.5,38,0,1.1,0,0,0,0,0,0,0,0,0,0.2,0,0,0,0,0,0,0,0,61,0,0,0,98,344,0,0,0),(6,66,'POROTOS GRANADOS',100,69.8,115,7.82,20.9,9.04,0.38,0.09,0.03,0.17,0,0,0,0,0,0,0.1,0,0.42,0.16,0,83,0.42,0,3.3,17,0.24,2.39,43,111,508,2.45,2,0.9),(1,67,'ARROZ',40,146,2.86,31.8,0.48,0.26,0.07,0.08,0.07,0,0,0,0,0,0,0.23,0,1.6,0.07,0,3.2,0.41,0,0.13,11.2,0.09,1.72,10,46,46,12.56,2,0.44,0),(1,68,'ARROZ INTEGRAL',40,148,3.18,30.7,1.36,1.17,0.23,0.42,0.42,0,0,0,0,0,0,0.16,0,2,0.2,0,8,0.6,0,0.65,9.2,0.11,0.59,57.2,133.2,89.2,15.52,2.81,0.81,0),(1,69,'AVENA',25,96,4,16.7,2.73,1.58,0.28,0.5,0.58,0,0,0,2.5,0,2.5,0.18,0,0.2,0.03,0,8,0.31,0,0.38,13,0.09,1.05,36.7,118.2,87.25,6.75,1,0.77,0),(1,70,'CHUCHOCA',40,144.4,2.77,30.7,5.12,1.54,0.22,0.41,0.7,0,0,0,18.76,0,18.76,0.1,0,0.7,0.15,0,10,0.26,0,0.42,2.8,0.09,0.95,36.9,108.8,126,0.89,2,0.69,0),(1,71,'CHUNO',40,140.4,3.2,31.9,0.45,0.32,0.08,0.01,0.14,0,0,0,0,0,0,0.17,0,1.3,0,0,20.24,0.6,7.6,0.07,13.2,0.43,6.88,35,71.2,635.2,1.12,13.6,0.65,0),(1,72,'FIDEOS',50,186,6.65,37.4,3.4,0.79,0.11,0.09,0.32,0,0,0,23,0,23,0.19,0.1,2.2,0.16,0,24,0.61,0,0.07,29,0.25,1.07,87,166,188,25,18,1.38,0),(1,73,'HARINA TOSTADA',40,152.1,5.36,30.9,0.36,0.76,0,0,0,0,0,0,0,0,0,0.1,0.1,3.6,0,0,0,0,0,0,24.8,0,1.28,0,116.8,0,0,0,0,0),(1,74,'HARINA TRIGO',40,145.6,4.12,30.5,1.08,0.39,0.06,0.03,0.17,0,0,0,0,0,0,0.31,0.2,2.3,0.02,0,10.4,0.18,0,0.54,6,0.06,1.86,8.8,43.2,42.4,12.16,0.8,0.28,0),(1,75,'MAICENA',30,114.3,0.08,27.3,0.3,0.02,0,0,0.01,0,0,0,0,0,0,0,0,0,0,0,0,0,0,0,0.6,0.02,0.14,0.9,3.9,0.9,0.12,2.7,0.02,0),(1,76,'QUINOA',40,150,5.2,25.6,1.08,2.96,0,0,0,0,0,0,0,0,0,0.12,0.2,0.5,0,0,0,0,0.52,0,37.6,0,6.72,0,56,0,0,0,0,0),(1,77,'SEMOLA',40,144,5.08,29,1.39,0.42,0.06,0.05,0.17,0,0,0,0,0,0,0.32,0.2,2.4,0.04,0,28.76,0.23,0,0.1,6.8,0.08,1.74,18.8,54.4,74.4,4.8,0.4,0.42,0),(1,78,'TAPIOCA',35,126,0.46,31,0,0.02,0,0,0,0,0,0,0,0,0,0,0,0,0,0,0,0,0,0,9.1,0,1.72,0,4.9,7.7,0,1.3,0,0),(1,79,'SEMILLAS SESAMO',30,171.9,5.31,7.05,2.73,14.9,2.09,5.64,6.54,0,6.42,0.11,0.27,0,0.27,0.24,0,1.3,0.24,0,29.01,0.02,0,0.68,292.5,1.22,4.38,105,188.7,140.4,1.61,3.3,2.33,0),(2,80,'ARROZ INTEGRAL',120,133.2,3.1,27.6,2.04,1.08,0.22,0.39,0.39,0,0,0,0,0,0,0.12,0,1.8,0.17,0,4.8,0.34,0,0.86,12,0.12,0.5,51.6,99.12,51.6,15.96,6,0.76,0),(2,81,'FIDEOS',110,143,5.04,28.7,2.52,0.69,0.1,0.08,0.28,0,0,0,16.5,0,16.5,0.11,0.1,1.6,0.11,0,13.2,0.2,0,0.09,33,0.23,1.14,68.2,118.8,63.8,22,15.4,1.19,0),(2,82,'CABRITAS',35,135.1,4.45,26.8,5.67,1.75,0.18,0.79,0.68,0,0,0,0,0,0,0.13,0,0.7,0.07,0,13.13,0.17,0,0,3.85,0.1,0.95,100,98.35,89.6,4.38,1.05,0.98,0),(2,83,'MOTE, MAIZ',120,147.6,3.12,30.1,0.6,2.16,0.33,0.63,1.02,0,0,0,33.72,0,33.72,0.24,0,2,0.01,0,54.96,0.91,8.17,0.79,2.4,0.07,0.62,44.4,106.8,322.8,0.48,18.12,0.54,0),(2,84,'SOPA CREMA DE ESPARRAGOS',30,110.4,3.42,18,0,2.94,0,0,0,0,0,0,0,0,0,0,0,0,0,0,0,0,0,0,0,0,0,0,0,0,0,0,0,0),(2,85,'SOPA CREMA DE ESPARRAGOS',30,109.8,4.14,16.7,0.72,3.24,0.48,1.39,1.22,0.3,1.13,0.08,50.64,0,50.64,0.06,0,0.9,0.02,0.06,13.8,0.15,1.56,0,41.1,0.18,0,5.4,55.5,247.2,0,1494,1.26,0),(3,86,'PAN TIPO MARRAQUETA/HALLULLA',50,144.5,4.55,27.7,1.85,1.5,0.33,0.59,0.35,1.5,0,0,0,0,0,0.2,0.1,1.6,0.03,0,78.5,0.18,0,0.29,21.45,0.07,1.4,10,42.45,45,11.9,290,0.32,0),(3,87,'PANMOLDE',60,161.4,5.22,30.2,1.14,1.91,0.44,0.85,0.55,1.79,0,0,0,0,0,0.24,0.1,1.9,0.02,0,20.7,0.26,0,0.03,50.28,0.08,1.68,12.4,58.08,63.6,16.5,302.4,0.37,0),(3,88,'PAN INTEGRAL',40,98.4,4.24,17.8,2.96,1.72,0.51,0.6,0.46,0,0,0,0,0,0,0.14,0,1.5,0.07,0,21.96,0.29,0,0.37,28.16,0.14,1.37,36.6,104.4,70.4,21.96,253.6,0.7,0),(3,89,'PAN DE CENTENO',50,121.5,4.56,26,3.3,0.55,0.1,0.18,0.2,0.5,0,0,0,0,0,0.15,0.1,1.4,0.05,0,19.6,0.22,0,0.1,37.6,0.1,1.35,16,73.5,72.5,18,278,0.76,0),(3,90,'PAN DULCE (HUEVO)',50,144.2,4.51,28.2,0.81,1.47,0.46,0.45,0.27,43.1,0,0,0.17,20.5,20.65,0.24,0.2,1.7,0.03,0.12,12.75,0.27,0.05,0.49,15.4,0.05,1.55,8.3,55,51.5,11.7,15.7,0.34,0),(3,91,'PAN AMASADO',50,214.3,3.61,26.7,0.95,10.3,3.98,4.55,1.27,9.48,0,0,0,0,0,0.27,0.1,2,0.02,0,9.1,0.15,0,0.6,5.7,0.05,1.63,8.05,38.1,37.3,10.65,75,0.26,0),(4,92,'AGUA',40,153.6,3.2,29.4,1,3.77,0.91,1.72,1.14,0,0,0,0,0,0,0.05,0.2,1.4,0.03,0,5.16,0.21,0,0,16,0.09,1.4,17.1,59.6,153.6,4.4,268,0.32,0),(4,93,'BOCADO CHAMPANA',40,139.5,1.48,30.4,0,1.32,0,0,0,0,0,0,0,0,0,0,0,0,0,0,0,0,0,0,0,0,0,0,0,0,0,0,0,0),(4,94,'CHAMPAGNA',40,139.5,1.48,30.4,0,1.32,0,0,0,0,0,0,0,0,0,0,0,0,0,0,0,0,0,0,0,0,0,0,0,0,0,0,0,0),(4,95,'SODA',40,168.1,3.4,28.9,0,4.32,0,0,0,0,0,0,0,0,0,0,0,0,0,0,0,0,0,0,0,0,0,0,0,0,0,0,0,0),(4,96,'SODA INTEGRAL',40,143.6,2.8,24.2,0,3.96,0,0,0,0,0,0,0,0,0,0,0,0,0,0,0,0,0,0,0,0,0,0,0,0,0,0,0,0),(4,97,'COCO',41,188.1,2.09,28.9,0,6.81,0,0,0,0,0,0,0,0,0,0,0,0,0,0,0,0,0,0,0,0,0,0,0,0,0,0,0,0),(4,98,'GRILL PROMEDIO( CLASICA, PAPA, SALAME, CIBOULETTE)',50,231.4,3.94,31.5,0,9.93,0,0,0,0,0,0,0,0,0,0,0,0,0,0,0,0,0,0,0,0,0,0,0,0,0,0,0,0),(4,99,'LIMON, MARAVILLA, NIZA',40,182,1.99,30,0,6,0,0,0,0,0,0,0,0,0,0,0,0,0,0,0,0,0,0,0,0,0,0,0,0,0,0,0,0),(4,100,'MUSEO PROMEDIO(CONEJO,CARITAS)',38,181,2.28,25.6,0,7.7,0,0,0,0,0,0,0,0,0,0,0,0,0,0,0,0,0,0,0,0,0,0,0,0,0,0,0,0),(4,101,'VINO',40,177.6,2.32,30.1,0,5.32,0,0,0,0,0,0,0,0,0,0,0,0,0,0,0,0,0,0,0,0,0,0,0,0,0,0,0,0),(4,102,'ALTEZA( BOCADO, CHIRIMOYA,FRUTILLA,HELADO)',40,197.9,1.36,27.8,0,9.03,0,0,0,0,0,0,0,0,0,0,0,0,0,0,0,0,0,0,0,0,0,0,0,0,0,0,0,0),(4,103,'DOLCE VITA( LEMON CREAM, PINA COLADA,COCO CREAM)',42,198,2,30.2,0,7.67,0,0,0,0,0,0,0,0,0,0,0,0,0,0,0,0,0,0,0,0,0,0,0,0,0,0,0,0),(4,104,'GRILL AMERICAN CRACKERS',40,169.2,3.48,29.2,0,4.24,0,0,0,0,0,0,0,0,0,0,0,0,0,0,0,0,0,0,0,0,0,0,0,0,0,0,0,0),(4,105,'KUKY (CLASICA,CHOCOLATE,COCO)',48,239.7,2.38,30.1,0,12.1,0,0,0,0,0,0,0,0,0,0,0,0,0,0,0,0,0,0,0,0,0,0,0,0,0,0,0,0),(4,106,'MOROCHA',46,221.8,3.04,30.1,0,9.89,0,0,0,0,0,0,0,0,0,0,0,0,0,0,0,0,0,0,0,0,0,0,0,0,0,0,0,0),(4,107,'NEGRITA',46,231.8,1.75,30,0,11.6,0,0,0,0,0,0,0,0,0,0,0,0,0,0,0,0,0,0,0,0,0,0,0,0,0,0,0,0),(4,108,'OBLEA, BLOCK PROMEDIO',40,196.3,1.56,27.7,0,8.77,0,0,0,0,0,0,0,0,0,0,0,0,0,0,0,0,0,0,0,0,0,0,0,0,0,0,0,0),(4,109,'TRITON PROMEDIO',45,218.5,1.86,30.4,0,9.95,0,0,0,0,0,0,0,0,0,0,0,0,0,0,0,0,0,0,0,0,0,0,0,0,0,0,0,0),(4,110,'TRITON',45,224.5,2.16,31.1,0.45,10.1,2.75,4.05,2.48,17.55,0,0,0,0,0,0.1,0,0.9,0.01,0.02,1.35,0.05,0,1.85,11.7,0.03,0.9,16.8,108.4,17.1,0.45,216.9,0.24,0),(5,111,'CERELAC PROMEDIO (TRIGO, 3 CEREALES, MILO, 3 FRUTAS)',44,183.5,6.77,30.2,0.63,3.95,0,0,0,0,0,0,0,0,440,0.35,0.1,1.7,0.13,0.33,9.68,0.66,15.4,1.32,200.7,0,3.3,0,177.3,296.1,0,72.05,0,0),(5,112,'NESTUM PROMEDIO(ARROZ, MAIZ, 3 CEREALES,MIEL,AVENA)',35,130.5,2.42,28.8,0.92,0.62,0,0,0,0,0,0,0,0,234.5,0.14,0,3.8,0,0,5.95,0,29.7,2.56,130.7,0,6.48,0,149.4,47.25,0,114.1,0,0),(5,113,'CEREALES AZUCARADOS ( ESTRELLITAS, CREPITAS,CHOCAPIC,ETC)',34,124.1,2.16,28,0.99,1.46,0,0,0,0,0,0,0,0,943.5,0.52,0.5,6.2,0.66,0.65,0.07,0,18.3,0,60.52,0,4.25,13.6,91.46,79.9,0,123.7,2.55,0),(5,114,'NATUR (ARROZ, MAIZ, TRIGO)',35,137.1,1.4,32.1,0,0.32,0,0,0,0,0,0,0,0,0,0,0,0,0,0,0,0,0,0,0,0,0,0,0,0,0,0,0,0),(5,115,'CORN FLAKES',40,154.8,3.24,34.5,0.84,0.12,0.01,0.03,0.07,0,0,0,0,529.6,529.6,0.52,0.6,7,0.72,0,140.8,0.07,21.2,0.16,1.2,0.03,2.52,4.8,25.2,36.76,2.54,408.4,0.11,0),(5,116,'BLEVIT PROMEDIO',35,138,3.48,29.1,0.16,0.83,0,0,0,0,0,0,0,0,525,0.18,0.2,2.1,0.28,0.7,14,0,17.5,1.54,158.3,0,1.37,0,0,0,0,0,0,0),(5,117,'BLEVIT CRECIMIENTO',35,146.3,4.55,26.5,0,2.45,0,0,0,0,0,0,0,0,525,0.18,0.2,2.1,0.28,0.7,14,0,17.5,1.54,231,0,1.4,0,0,0,0,0,0,0),(6,118,'ARVEJAS CRUDAS',190,153.3,10.3,27.5,9.31,0.76,0.13,0.07,0.36,0,0,0,121.6,0,121.6,0.51,0.2,3.9,0.32,0,123.5,0.2,76,2.66,47.5,0.33,2.79,62.7,205.2,461.7,9.5,9.5,2.36,0),(6,119,'ARVEJAS CONGELADAS COCIDAS',190,148.2,9.79,26.9,8.57,0.51,0.09,0.05,0.25,0,0,0,127.3,0,127.3,0.54,0.1,2.7,0.21,0,111.3,0.27,18.8,0.95,45.6,0.26,2.98,55.1,171,317.3,7.6,165.3,1.79,0),(6,120,'ARVEJAS ENLATADAS',190,131.2,8.4,23.9,6.46,0.67,0.12,0.06,0.31,0,0,0,146.1,0,146.1,0.23,0.1,1.3,0.12,0,84.36,0.24,18.2,1.7,38,0.16,1.81,32.4,127.4,328.7,7.6,416.1,1.35,0),(6,121,'CAMOTE',120,156.9,1.92,36.2,0,0.48,0,0,0,0,0,0,0,0,0,0,0,0,0,0,0,0,0,0,49.2,0,9.6,0,25.2,0,0,0,0,0),(6,122,'CASTANA CRUDA',35,128.1,1.75,27.4,6.72,1.37,0.26,0.47,0.54,0,0,0,0,0,0,0.12,0,0.3,0.23,0,38.5,0.32,5.29,0,22.44,0.23,0.84,25.8,47.95,346.1,1.85,12.95,0.12,0),(6,123,'CHOCLO CRUDO',120,103.2,3.86,22.8,5.16,1.42,0.22,0.42,0.67,0,0,0,33.72,0,33.72,0.24,0,2,0.07,0,54.96,0.91,8.17,0.79,2.4,0.07,0.62,44.4,106.8,322.8,0.48,18.12,0.54,0),(6,124,'CHOCLO COCIDO',160,172.8,5.31,40.1,7.97,2.05,0.32,0.6,0.96,0,0,0,35.2,0,35.2,0.34,0.1,2.5,0.1,0,74.08,1.4,9.92,0.78,3.2,0.08,0.98,51.2,164.8,398.4,0.64,27.2,0.77,0),(6,125,'CHOCLO CONGELADO',150,121.5,4.53,30.7,6.3,0.11,0.02,0.03,0.05,0,0,0,37.5,0,37.5,0.11,0.1,1.9,0.15,0,34.2,0.33,3.9,0.41,3,0.05,0.45,27,70.5,207,0.75,7.5,0.53,0),(6,126,'HABAS cocidas',150,165,11.39,29.4,1.68,0.6,0.1,0.12,0.25,0,0,0,3,0,3,0.15,0.1,1,0.11,0,156,0.24,0.45,0,54,0.39,2.25,64.5,187.5,402,3.18,7.5,1.52,0),(6,127,'PAPA CRUDA',150,120.3,4.65,24.7,0,0.3,0,0,0,0,0,0,0,0,0,0.2,0,2.1,0,0,0,0,41.7,0,16.5,0,1.65,0,76.5,628.5,0,10.5,0,0),(6,128,'PAPA COCIDA',150,128.8,2.57,30,2.25,0.15,0.04,0,0.06,0,0,0,0,0,0,0.15,0,1.9,0.4,0,13.34,0.76,11.1,0.08,12,0.25,0.47,30,60,490.5,1.34,7.5,0.41,0),(6,129,'PINON',80,143.9,3.6,30.4,0,0.88,0,0,0,0,0,0,0,0,0,0.2,0,0,0,0,0,0,0,0,48.8,0,0,0,78.4,275.2,0,0,0,0),(6,130,'POROTOS GRANADOS',120,138,9.38,25,10.8,0.46,0.11,0.04,0.21,0,0,0,0,0,0,0.19,0,0.5,0.19,0,99.6,0.51,0,3.96,20.4,0.28,2.87,51.6,133.2,609.6,2.94,2.4,1.14,0),(7,131,'ACELGA',100,92.7,20,1.88,4.14,3.1,0.08,0.02,0,0.05,0,0,0,314,0,314,0,0,0.36,0.09,0,8.63,0.16,18,1.71,57.7,0.16,2.26,85.7,33,549,0,179,0.3),(7,132,'ALCACHOFA',100,84,50,3.48,11.2,8.04,0.16,0.04,0.01,0.07,0,0,0,18,0,18,0,0,1,0.11,0,51,0.34,10,0.02,45,0.23,1.29,60,85.8,353,0.7,95,0.4),(7,133,'BETARRAGA',100,89.1,27,2.57,5.46,3,0.2,0.03,0.04,0.07,0,0,0,510,0,510,0.1,0.2,0.5,0.13,0,14.3,0.33,24.9,1.66,114,0.25,1.9,68,41,908,1.18,241,0.5),(7,134,'BERENJENA',100,91.8,28,0.83,6.63,3.75,0.23,0.04,0.02,0.09,0,0,0,6,0,6,0,0,0.6,0.09,0,14.4,0.08,1.3,0.03,6,0.11,0.35,13,22,247,0.83,3,0.1),(7,135,'BROCOLI',100,90.7,28,2.98,5.06,2.6,0.35,0.05,0.02,0.17,0,0,0,139,0,139,0,0.1,0.57,0.14,0,50,0.51,74.4,1.16,46,0.04,0.84,24,58.9,292,0.2,26,0.3),(7,136,'CHAMPIGNONES',100,91.1,27.1,2.17,5.14,2.21,0.47,0.06,0.01,0.18,0,0,0,0,0,0,0,0.3,4.46,0.1,0,18.2,2.15,4,0.07,6,0.5,1.74,12,87.1,355,11.5,2,0.8),(7,137,'CHAMPIGNONES ENLATADOS',100,91.1,24,1.87,4.96,2.1,0.29,0.04,0.01,0.11,0,0,0,0,0,0,0,0,1.59,0.06,0,12.3,0.81,0,0.07,11,0.24,0.79,15,66,128,10,424,0.7),(7,138,'COLIFLOR',100,92.5,24,1.87,4.61,2.19,0.17,0.04,0.02,0.12,0,0,0,1,0,1,0,0,0.55,0.2,0,51.1,0.12,55.3,0.16,26.9,0.09,0.42,11,35,323,0.69,6,0.2),(7,139,'ESPARRAGO',100,92,25,2.59,4.4,1.67,0.31,0.07,0.01,0.14,0,0,0,83,0,83,0.1,0.1,1.05,0.14,0,98.1,0.16,27.1,2.72,24,0.1,0.66,19,61,310,3.9,4,0.4),(7,140,'ESPINACA',100,91.2,23,2.97,3.75,2.2,0.26,0.04,0.01,0.11,0,0,0,819,0,819,0.1,0.2,0.49,0.24,0,146,0.15,9.78,2.22,136,0.17,3.57,86.7,55.6,466,1.5,70,0.7),(7,141,'PEPINILLOS DILL',100,91.7,18,0.62,4.12,1.2,0.19,0.05,0,0.08,0,0,0,33.1,0,33.1,0,0,0.06,0.01,0,1,0.05,1.91,0,9,0.08,0.53,11,21.1,116,1.1,1282,0.1),(7,142,'PICKLES',100,79,66.7,0.88,18,1.25,0.17,0.04,0,0.07,0,0,0,14,0,14,0,0,0.01,0.01,0,0,0.1,6.67,0,10,0.1,0.67,6,20,66.7,1.1,670,0),(7,143,'POROTOS VERDES',100,89.2,35,1.89,7.89,2.6,0.28,0.06,0.01,0.15,0,0,0,67,0,67,0,0.1,0.61,0.06,0,33.3,0.07,9.68,0.13,46,0.1,1.28,25,39,298,1.12,3,0.3),(7,144,'POROTO VERDE ENLATADO',100,93.3,24,1.15,4.5,1.33,0.1,0.02,0,0.05,0,0,0,35,0,35,0,0,0.2,0.04,0,31.8,0.13,4.8,0.04,26,0.04,0.9,13,19,109,0.6,250,0.2),(7,145,'REPOLLITOS DE BRUSELAS',100,87.3,39,2.55,8.65,4.3,0.51,0.11,0.04,0.26,0,0,0,71.8,0,71.8,0.1,0,0.61,0.18,0,60,0.25,62,0.85,36,0.08,1.2,20,56,317,6.86,21,0.3),(7,146,'REPOLLO MORADO COCIDO',100,93.6,21,1.06,4.65,2.63,0.2,0.03,0.02,0.1,0,0.04,0.05,2.7,0,2.7,0,0,0.2,0.14,0,12.6,0.22,34.4,0.16,37,0.07,0.35,11,29,140,5.33,8,0.1),(7,147,'SALSA DE TOMATES',100,74.1,84,3.78,18.8,4.31,0.89,0.13,0.13,0.36,0,0,0,247,0,247,0.1,0.1,3.22,0.38,0,22.4,0.75,42,1.34,35,0.59,2.99,50.8,78.6,932,0.53,64.9,0.8),(7,148,'ZANAHORIA',100,87.4,45,1.09,10.5,4,0.18,0.04,0.01,0.09,0,0,0,2454,0,2454,0,0,0.51,0.25,0,13.8,0.3,2.29,0.91,31,0.14,0.62,12.9,30,227,1.15,66,0.3),(7,149,'ZAPALLITOS ITALIANOS',100,94.7,16,0.64,3.93,2,0.05,0.01,0,0.02,0,0,0,24,0,24,0,0,0.43,0.08,0,16.8,0.11,4.6,0.14,13,0.09,0.35,22,40,253,0.83,3,0.1),(7,150,'ZAPALLO',100,90.4,31.9,1.07,7.67,2.6,0.22,0.05,0.02,0.1,0,0,0,210,0,210,0,0,0.43,0.11,0,10.5,0.3,6.54,0.25,18.3,0.05,0.43,19.8,20.8,239,1.17,3.75,0.1),(8,151,'BETARRAGA',100,92.2,19,1.82,3.97,1.63,0.06,0.01,0.01,0.02,0,0,0,611,0,611,0.1,0.2,0.4,0.11,0,14.8,0.25,30,1.5,119,0.19,3.3,72.1,40,542,1.21,201,0.3),(8,152,'CEBOLLA',100,89.7,38,1.16,8.63,1.6,0.16,0.03,0.02,0.06,0,0,0,0,0,0,0,0,0.15,0.12,0,19,0.11,6.38,0.31,20,0.06,0.22,10,33,157,1.6,3,0.1),(8,153,'CHAMPIGNONES',100,91.8,25,2.09,4.66,1.3,0.42,0.06,0.01,0.17,0,0,0,0,0,0,0.1,0.4,4.11,0.1,0,21.1,2.2,3.51,0.08,5,0.49,1.24,10,104,369,11.1,4,0.7),(8,154,'TOMATE',100,93.8,21,0.85,4.64,0.9,0.33,0.05,0.05,0.14,0,0,0,62,0,62,0,0,0.63,0.08,0,15,0.25,19.1,0.7,5,0.07,0.45,11,24,222,0.5,9.02,0),(8,155,'ZANAHORIA',100,87.8,43.1,1.03,10.1,3.19,0.19,0.03,0.01,0.08,0,0,0,2813,0,2813,0.1,0,0.93,0.15,0,14,0.2,9.31,0.41,26.9,0.05,0.5,15,44,322,1.4,35,0.2),(8,156,'ACELGA',100,92.7,19,1.8,3.75,1.81,0.2,0.04,0.01,0.11,0,0,0,331,0,331,0,0,0.4,0.1,0,13.8,0.17,30,1.5,51.1,0.18,1.8,81.1,46.1,378,0,213,0.3),(8,157,'ACHICORIA',100,92,23.3,1.7,4.7,0.8,0.3,0.07,0.01,0.13,0,0,0,400,0,400,0,0.1,0.5,0.11,0,110,1.16,24,0,100,0.3,0.9,30,46.7,420,0,45.6,0.4),(8,158,'AJO',100,58.6,149,6.36,33.1,1.67,0.5,0.09,0.01,0.25,0,0,0,0,0,0,0.2,0.1,0.7,1.23,0,3.1,0.6,31.2,0.01,181,0.3,1.7,25,153,401,24.9,17,1.1),(8,159,'APIO',100,94.6,16,0.75,3.65,1.67,0.14,0.04,0.03,0.07,0,0,0,13,0,13,0,0,0.32,0.09,0,28,0.19,7,0.55,40,0.03,0.4,11,25,287,2.2,87,0.1),(8,160,'COCHAYUYO',100,80.7,56,1.7,11.8,6.9,0.2,0,0,0,0,0,0,0,0,0,0,0,0,0,0,0,0,0,0,0,0,0,0,0,0,0,0,0),(8,161,'ENDIVIA',100,93.8,17,1.25,3.35,0.92,0.2,0.05,0,0.09,0,0,0,205,0,205,0,0,0.4,0.02,0,142,0.9,6.52,0,52,0.1,0.83,15,28,314,0.7,22,0.7),(8,162,'ESPINACA',100,91.6,22,2.86,3.5,3.34,0.35,0.06,0.01,0.15,0,0,0,671,0,671,0,0.1,0.72,0.2,0,193,0.06,28,2.68,98.9,0.13,2.71,78.9,48.9,557,1.46,78.9,0.5),(8,163,'LECHUGA',100,95.6,13,1.29,2.32,1.8,0.22,0.03,0.01,0.12,0,0,0,97,0,97,0,0,0.3,0.05,0,73.2,0.18,8,1.03,32,0.02,0.3,13,23,255,0.8,5,0.1),(8,164,'LUCHE',100,86,37,3.3,4.3,8.8,0.7,0,0,0,0,0,0,0,0,0,0,0,0,0,0,0,0,0,0,0,0,0,0,0,0,0,0,0),(8,165,'PENCA',100,92.1,21,0.4,4.4,0,0.2,0,0,0,0,0,0,0,0,0,0,0,0.2,0,0,0,0,0,0,180,0,2.1,0,10,0,0,0,0),(8,166,'PEPINO ENSALADA',100,96.1,13,0.54,2.91,1,0.13,0.03,0,0.05,0,0,0,5,0,5,0,0,0.3,0.05,0,13.9,0.25,4.68,0.16,14,0.04,0.28,11,17,149,11.8,2,0.2),(8,167,'PIMENTON ROJO',100,92.2,27,0.89,6.44,1.6,0.19,0.03,0.01,0.1,0,0,0,570,0,570,0,0,0.51,0.25,0,22,0.08,190,0.74,9,0.07,0.46,10,19,177,1.06,2,0.1),(8,168,'PIMENTON VERDE',100,92.2,27,0.89,6.44,1.6,0.19,0.03,0.01,0.1,0,0,0,63,0,63,0,0,0.51,0.25,0,22,0.08,89.4,0.68,9,0.07,0.46,10,19,177,1.06,2,0.1),(8,169,'RABANITO',100,94.8,17,0.6,3.6,2.2,0.54,0.03,0.02,0.04,0,0,0,1,0,1,0,0,0.3,0.07,0,27.1,0.09,22.9,0,21,0.04,0.29,9,18,231,3.11,24,0.3),(8,170,'REPOLLO',100,92.5,24,1.21,5.37,2.7,0.18,0.02,0.01,0.09,0,0,0,13,0,13,0,0,0.3,0.1,0,56.7,0.14,47.3,0.06,47,0.02,0.56,15,23,246,2.24,18,0.1),(8,171,'REPOLLO MORADO',100,91.6,27,1.4,6.13,2.95,0.26,0.03,0.03,0.13,0,0.05,0.07,4,0,4,0,0,0.3,0.21,0,20.7,0.32,57,1.7,51,0.1,0.49,15,42,206,1.3,11,0.2),(8,172,'ULTE',100,82.7,29,1.5,4.8,6.4,0.4,0,0,0,0,0,0,0,0,0,0,0,0,0,0,0,0,0,0,0,0,0,0,0,0,0,0,0),(8,173,'ZAPALLITOS ITALIANOS',100,95.3,14,1.16,2.9,1.02,0.14,0.03,0.01,0.06,0,0,0,34,0,34,0,0,0.4,0.09,0,22.1,0.08,9,0.39,15,0.06,0.42,22,32,248,1.5,3,0.2),(8,174,'PORRON',100,90.8,31,0.81,7.63,3.27,0.2,0.03,0,0.11,0,0.05,0.07,4.6,0,4.6,0,0,0.2,0.11,0,24.3,0.07,4.2,0.69,30,0.06,0,14,17,87,4.9,10,0),(8,175,'DIENTE DE DRAGON',100,79.5,81,8.48,6.54,0.8,4.46,0.62,1.01,2.52,0,2.22,0.3,1.1,0,1.1,0.2,0,1.09,0.11,0,80,0.74,8.3,0,59,0.33,0,60,135,355,0.72,10,1),(7,176,'ACELGA',110,22,2.07,4.55,3.41,0.09,0.02,0,0.05,0,0,0,345.4,0,345.4,0.04,0,0.4,0.09,0,9.49,0.18,19.8,1.88,63.47,0.18,2.49,94.2,36.3,603.9,0,196.9,0.36,0),(7,177,'ALCACHOFA',50,25,1.74,5.6,4.02,0.08,0.02,0,0.03,0,0,0,9,0,9,0.03,0,0.5,0.06,0,25.5,0.17,5,0.01,22.5,0.12,0.65,30,42.9,176.5,0.35,47.5,0.25,0),(7,178,'BETARRAGA',90,24.3,2.31,4.91,2.7,0.18,0.03,0.03,0.06,0,0,0,459,0,459,0.11,0.2,0.4,0.12,0,12.87,0.3,22.4,1.49,102.6,0.23,1.71,61.2,36.9,817.2,1.06,216.9,0.45,0),(7,179,'BERENJENA',100,28,0.83,6.63,3.75,0.23,0.04,0.02,0.09,0,0,0,6,0,6,0.08,0,0.6,0.09,0,14.4,0.08,1.3,0.03,6,0.11,0.35,13,22,247,0.83,3,0.15,0),(7,180,'BROCOLI',100,28,2.98,5.06,2.6,0.35,0.05,0.02,0.17,0,0,0,139,0,139,0.06,0.1,0.5,0.14,0,50,0.51,74.4,1.16,46,0.04,0.84,24,58.9,292,0.2,26,0.38,0),(7,181,'CHAMPIGNONES',100,27.1,2.17,5.14,2.21,0.47,0.06,0.01,0.18,0,0,0,0,0,0,0.07,0.3,4.4,0.1,0,18.2,2.15,4,0.07,6,0.5,1.74,12,87.1,355,11.5,2,0.87,0),(7,182,'CHAMPIGNONES ENLATADOS',100,24,1.87,4.96,2.1,0.29,0.04,0.01,0.11,0,0,0,0,0,0,0.09,0,1.5,0.06,0,12.3,0.81,0,0.07,11,0.24,0.79,15,66,128,10,424,0.72,0),(7,183,'COLIFLOR',110,26.4,2.06,5.07,2.41,0.19,0.04,0.02,0.13,0,0,0,1.1,0,1.1,0.07,0,0.6,0.22,0,56.21,0.14,60.8,0.18,29.59,0.1,0.46,12.1,38.5,355.3,0.76,6.6,0.26,0),(7,184,'ESPARRAGO',100,25,2.59,4.4,1.67,0.31,0.07,0.01,0.14,0,0,0,83,0,83,0.1,0.1,1,0.14,0,98.1,0.16,27.1,2.72,24,0.1,0.66,19,61,310,3.9,4,0.48,0),(7,185,'ESPINACA',80,18.4,2.38,3,1.76,0.21,0.03,0.01,0.09,0,0,0,655.2,0,655.2,0.08,0.1,0.3,0.19,0,116.8,0.12,7.82,1.78,108.8,0.14,2.86,69.3,44.48,372.8,1.2,56,0.61,0),(7,186,'PEPINILLOS DILL',120,21.6,0.74,4.94,1.44,0.23,0.06,0,0.09,0,0,0,39.72,0,39.72,0.02,0,0,0.01,0,1.2,0.06,2.29,0,10.8,0.09,0.64,13.2,25.32,139.2,1.32,1538,0.17,0),(7,187,'PICKLES',30,20.01,0.26,5.4,0.38,0.05,0.01,0,0.02,0,0,0,4.2,0,4.2,0,0,0,0,0,0,0.03,2,0,3,0.03,0.2,1.8,6,20.01,0.33,201,0,0),(7,188,'POROTOS VERDES',70,24.5,1.32,5.52,1.82,0.2,0.04,0.01,0.1,0,0,0,46.9,0,46.9,0.05,0,0.4,0.04,0,23.31,0.05,6.78,0.09,32.2,0.07,0.9,17.5,27.3,208.6,0.78,2.1,0.25,0),(7,189,'POROTO VERDE ENLATADO',110,26.4,1.27,4.95,1.46,0.11,0.02,0,0.06,0,0,0,38.5,0,38.5,0.02,0,0.2,0.04,0,34.98,0.14,5.28,0.04,28.6,0.04,0.99,14.3,20.9,119.9,0.66,275,0.32,0),(7,190,'REPOLLO MORADO COCIDO',50,10.5,0.53,2.33,1.32,0.1,0.02,0.01,0.05,0,0.02,0.03,1.35,0,1.35,0.02,0,0.1,0.07,0,6.3,0.11,17.2,0.08,18.5,0.04,0.18,5.5,14.5,70,2.67,4,0.08,0),(7,191,'SALSA DE TOMATES',30,25.2,1.13,5.64,1.29,0.27,0.04,0.04,0.11,0,0,0,74.1,0,74.1,0.05,0,0.9,0.11,0,6.72,0.23,12.6,0.4,10.5,0.18,0.9,15.2,23.58,279.6,0.16,19.47,0.24,0),(7,192,'ZANAHORIA',50,22.5,0.55,5.25,2,0.09,0.02,0,0.04,0,0,0,1227,0,1227,0.02,0,0.2,0.12,0,6.9,0.15,1.15,0.45,15.5,0.07,0.31,6.45,15,113.5,0.58,33,0.15,0),(7,193,'ZAPALLITOS ITALIANOS',150,24,0.96,5.9,3,0.08,0.02,0.01,0.03,0,0,0,36,0,36,0.06,0,0.6,0.12,0,25.2,0.17,6.9,0.21,19.5,0.13,0.53,33,60,379.5,1.25,4.5,0.27,0),(7,194,'ZAPALLO',70,22.33,0.75,5.37,1.82,0.16,0.03,0.01,0.07,0,0,0,147,0,147,0.05,0,0.3,0.08,0,7.35,0.21,4.58,0.18,12.81,0.04,0.3,13.8,14.56,167.3,0.82,2.63,0.07,0),(8,195,'BETARRAGA',130,24.7,2.37,5.16,2.12,0.08,0.01,0.01,0.03,0,0,0,794.3,0,794.3,0.13,0.2,0.5,0.14,0,19.24,0.33,39,1.95,154.7,0.25,4.29,93.7,52,704.6,1.57,261.3,0.49,0),(8,196,'CEBOLLA',60,22.8,0.7,5.18,0.96,0.1,0.02,0.01,0.04,0,0,0,0,0,0,0.03,0,0,0.07,0,11.4,0.06,3.83,0.19,12,0.04,0.13,6,19.8,94.2,0.96,1.8,0.11,0),(8,197,'TOMATE',120,25.2,1.02,5.57,1.08,0.4,0.05,0.06,0.16,0,0,0,74.4,0,74.4,0.07,0,0.7,0.1,0,18,0.3,22.9,0.84,6,0.09,0.54,13.2,28.8,266.4,0.6,10.82,0.11,0),(8,198,'ZANAHORIA',50,21.55,0.52,5.05,1.6,0.1,0.02,0,0.04,0,0,0,1406,0,1406,0.05,0,0.4,0.07,0,7,0.1,4.66,0.2,13.45,0.02,0.25,7.5,22,161,0.7,17.5,0.1,0),(8,199,'ACELGA',50,9.5,0.9,1.88,0.91,0.1,0.02,0,0.06,0,0,0,165.5,0,165.5,0.03,0,0.2,0.05,0,6.9,0.09,15,0.75,25.55,0.09,0.9,40.5,23.05,189,0,106.5,0.18,0),(8,200,'ACHICORIA',50,11.65,0.85,2.35,0.4,0.15,0.04,0,0.07,0,0,0,200,0,200,0.1,0,0.2,0.05,0,55,0.58,12,0,50,0.15,0.45,15,23.35,210,0,22.8,0.21,0),(8,201,'AJO',8,11.92,0.51,2.65,0.13,0.04,0.01,0,0.02,0,0,0,0,0,0,0,0,0,0.1,0,0.25,0.05,2.5,0,14.48,0.02,0.14,2,12.24,32.08,1.99,1.36,0.09,0),(8,202,'APIO',60,9.6,0.45,2.19,1,0.08,0.02,0.02,0.04,0,0,0,7.8,0,7.8,0,0,0.1,0.05,0,16.8,0.11,4.2,0.33,24,0.02,0.24,6.6,15,172.2,1.32,52.2,0.08,0),(8,203,'COCHAYUYO',25,14,0.43,2.95,1.73,0.05,0,0,0,0,0,0,0,0,0,0,0,0,0,0,0,0,0,0,0,0,0,0,0,0,0,0,0,0),(8,204,'ENDIVIA',50,8.5,0.63,1.68,0.46,0.1,0.02,0,0.04,0,0,0,102.5,0,102.5,0.04,0,0.2,0.01,0,71,0.45,3.26,0,26,0.05,0.42,7.5,14,157,0.35,11,0.4,0),(8,205,'ESPINACA',50,11,1.43,1.75,1.67,0.18,0.03,0.01,0.07,0,0,0,335.5,0,335.5,0.04,0,0.3,0.1,0,96.5,0.03,14,1.34,49.45,0.07,1.36,39.4,24.45,278.5,0.73,39.45,0.27,0),(8,206,'LECHUGA',50,6.5,0.65,1.16,0.9,0.11,0.01,0,0.06,0,0,0,48.5,0,48.5,0.03,0,0.1,0.03,0,36.6,0.09,4,0.52,16,0.01,0.15,6.5,11.5,127.5,0.4,2.5,0.09,0),(8,207,'LUCHE',25,9.25,0.83,1.08,2.2,0.18,0,0,0,0,0,0,0,0,0,0,0,0,0,0,0,0,0,0,0,0,0,0,0,0,0,0,0,0),(8,208,'PENCA',50,10.5,0.2,2.2,0,0.1,0,0,0,0,0,0,0,0,0,0.01,0,0.1,0,0,0,0,0,0,90,0,1.05,0,5,0,0,0,0,0),(8,209,'PIMENTON ROJO',60,16.2,0.53,3.86,0.96,0.11,0.02,0.01,0.06,0,0,0,342,0,342,0.04,0,0.3,0.15,0,13.2,0.05,114,0.44,5.4,0.04,0.28,6,11.4,106.2,0.64,1.2,0.07,0),(8,210,'PIMENTON VERDE',60,16.2,0.53,3.86,0.96,0.11,0.02,0.01,0.06,0,0,0,37.8,0,37.8,0.04,0,0.3,0.15,0,13.2,0.05,53.6,0.41,5.4,0.04,0.28,6,11.4,106.2,0.64,1.2,0.07,0),(8,211,'RABANITO',50,8.5,0.3,1.8,1.1,0.27,0.02,0.01,0.02,0,0,0,0.5,0,0.5,0,0,0.1,0.04,0,13.55,0.04,11.4,0,10.5,0.02,0.15,4.5,9,115.5,1.56,12,0.15,0),(8,212,'REPOLLO',50,12,0.61,2.69,1.35,0.09,0.01,0.01,0.04,0,0,0,6.5,0,6.5,0.03,0,0.1,0.05,0,28.35,0.07,23.6,0.03,23.5,0.01,0.28,7.5,11.5,123,1.12,9,0.09,0),(8,213,'REPOLLO MORADO',50,13.5,0.7,3.07,1.48,0.13,0.02,0.02,0.07,0,0.03,0.04,2,0,2,0.03,0,0.1,0.11,0,10.35,0.16,28.5,0.85,25.5,0.05,0.25,7.5,21,103,0.65,5.5,0.11,0),(8,214,'ULTE',40,11.6,0.6,1.92,2.56,0.16,0,0,0,0,0,0,0,0,0,0,0,0,0,0,0,0,0,0,0,0,0,0,0,0,0,0,0,0),(8,215,'PORRON',40,12.4,0.32,3.05,1.31,0.08,0.01,0,0.04,0,0.02,0.03,1.84,0,1.84,0.01,0,0,0.04,0,9.72,0.03,1.68,0.28,12,0.02,0,5.6,6.8,34.8,1.96,4,0.02,0),(8,216,'DIENTE DE DRAGON',40,32.4,3.39,2.62,0.32,1.78,0.25,0.4,1.01,0,0.89,0.12,0.44,0,0.44,0.08,0,0.4,0.04,0,32,0.3,3.32,0,23.6,0.13,0,24,54,142,0.29,4,0.42,0),(9,217,'ACEITUNAS',100,78.2,116,1.4,1.3,2.59,12.7,1.4,9.23,0.77,0,0,0,30.8,0,30.8,0,0,0,0.02,0,0.87,0.02,0,1.59,61,0.34,1.6,22,17,55.1,1.08,2400,0),(9,218,'CAQUI',100,80.3,69.6,0.58,18.6,1.79,0.19,0.01,0.02,0.1,0,0,0,217,0,217,0,0,0.1,0,0,7.5,0,7.5,0,7.98,0.11,0.15,8.99,17,161,0,1,0.1),(9,219,'CEREZAS',100,80.8,71.7,1.2,16.6,1.52,0.96,0.22,0.26,0.29,0,0,0,21,0,21,0,0,0.4,0.04,0,4.2,0.13,7.03,0.9,15,0.1,0.39,11,19,223,1.3,0,0),(9,220,'CHIRIMOYA',100,83.3,56,2.9,11.7,0,0.5,0,0,0,0,0,0,0,0,0,0,0.1,0.6,0,0,0,0,5.2,0,24,0,0.6,0,27,206,0,9,0),(9,221,'CIRUELAS',100,85.2,55,0.79,13,1.6,0.62,0.05,0.41,0.13,0,0,0,32,0,32,0,0.1,0.5,0.08,0,2.2,0.18,9.52,0.86,4,0.04,0.1,7.03,10,172,0.7,0,0.1),(9,222,'DAMASCO',100,86.4,48,1.4,11.1,1.9,0.39,0.03,0.17,0.08,0,0,0,261,0,261,0,0,0.6,0.05,0,8.58,0.24,10,0.89,14,0.09,0.54,8,19,295,1.3,1,0.2),(9,223,'DURAZNO',100,87.7,43,0.7,11.1,2.4,0.09,0.01,0.03,0.05,0,0,0,54,0,54,0,0,0.99,0.02,0,3.4,0.17,6.6,1,5,0.07,0.11,7,12,197,1.3,0,0.1),(9,224,'DURAZNOS EN CONSERVA',100,79.3,74,0.45,20,1.11,0.1,0.01,0.04,0.05,0,0,0,33,0,33,0,0,0.61,0.02,0,3.2,0.05,2.8,1.69,3,0.05,0.27,5,11,92,0.3,6,0),(9,225,'FRAMBUEZA',100,86.6,49,0.91,11.5,6.24,0.55,0.02,0.05,0.31,0,0,0,13,0,13,0,0,0.9,0.06,0,26,0.24,25,0.3,22,0.07,0.57,18,12,151,0.5,0,0.4),(9,226,'FRUTILLA',100,91.6,30,0.61,7.05,2.6,0.37,0.02,0.05,0.19,0,0,0,3,0,3,0,0,0.23,0.06,0,17.7,0.34,56.7,0.2,14,0.05,0.38,10,19,166,0.9,1,0.1),(9,227,'GROSELLA',100,86.5,49.1,0.39,12.6,4.21,0.2,0.02,0.05,0.12,0,0,0,5,0,5,0,0,0.1,0.07,0,1.71,0.22,13.5,1,7,0.06,0.2,5,9,71.1,0,1,0.1),(9,228,'HIGOS FRESCOS',100,79.1,74,0.75,19.2,3.72,0.3,0.06,0.07,0.14,0,0,0,14,0,14,0,0,0.4,0.11,0,3,0.3,2,0,35,0.07,0.37,17,14,232,2.26,1,0.1),(9,229,'KIWI',100,83.1,61.1,0.99,14.9,3.39,0.44,0.01,0.19,0.19,0,0,0,18,0,18,0,0,0.5,0.06,0,22.4,0.28,98,0,26.1,0.05,0.41,30,40,332,0,5,0.1),(9,230,'LIMON FRUTO',100,89,29,1.1,9.33,2.05,0.3,0.04,0.01,0.09,0,0,0,3,0,3,0,0,0.1,0.08,0,10.6,0.19,52.9,0.93,26,0.04,0.6,8,16,138,12,2,0),(9,231,'LUCUMA, PASTA',100,64.8,135.7,1.4,31.4,0,0.5,0,0,0,0,0,0,0,0,0,0,0,2.2,0,0,0,0,25,0,0,0,0,0,0,470,0,6,0),(9,232,'MANZANA',100,83.9,59,0.19,15.2,2.4,0.36,0.06,0.02,0.11,0,0,0,5,0,5,0,0,0.08,0.05,0,2.8,0.06,5.7,0.48,7,0.04,0.18,5,7,114,0.4,0,0),(9,233,'MELON',100,89.8,35,0.88,8.38,0.8,0.28,0.04,0.05,0.09,0,0,0,322,0,322,0,0,0.57,0.12,0,17,0.13,42.2,0.18,11,0.04,0.21,11,17,309,0.5,9,0.1),(9,234,'MEMBRILLO',100,83.8,57,0.4,15.3,1.7,0.1,0.01,0.04,0.05,0,0,0,4,0,4,0,0,0.2,0.04,0,0,0.08,15,0,11,0.13,0.7,8,17,197,0,4,0),(9,235,'MORA',100,85.6,52,0.72,12.8,6.75,0.39,0.17,0.08,0.1,0,0,0,16,0,16,0,0,0.4,0.06,0,34,0.24,21,0.6,32,0.14,0.57,20,21,196,0.5,0,0.2),(9,236,'NARANJA',100,86.8,47,0.94,11.8,2.1,0.12,0.02,0.02,0.03,0,0,0,21,0,21,0,0,0.28,0.06,0,30.3,0.25,53.2,0.22,40,0.05,0.1,10,14,181,0.89,0,0),(9,237,'NISPERO',100,86.7,47,0.43,12.1,3.23,0.2,0.04,0.01,0.09,0,0,0,153,0,153,0,0,0.18,0,0,0,0,1,0,16,0.04,0.28,13,27,266,0.51,1,0),(9,238,'PALTA',100,74.3,161,1.98,7.41,9.6,15.3,2.44,9.6,1.96,0,0,0,61.2,0,61.2,0.1,0.1,1.92,0.28,0,61.7,0.97,7.91,1.34,11,0.26,1.02,39,41,599,0,10,0.4),(9,239,'PAPAYA',100,93.2,19.9,1,3.3,0,0.3,0,0,0,0,0,0,0,0,0,0,0,0.6,0,0,0,0,26,0,36,0,1.3,0,28,0,0,0,0),(9,240,'PEPINO DULCE',100,92.4,27.7,0.4,6.3,0,0.1,0,0,0,0,0,0,0,0,0,0,0,0.6,0,0,0,0,26,0,21,0,1,0,13,117,0,3,0),(9,241,'PERA',100,83.8,59,0.39,15.1,3.8,0.4,0.02,0.08,0.09,0,0,0,2,0,2,0,0,0.1,0.02,0,7.27,0.07,4,0.5,11,0.11,0.25,6,11,125,0.75,0,0.1),(9,242,'PINA',100,86.5,49,0.39,12.4,1.2,0.43,0.03,0.05,0.15,0,0,0,2,0,2,0,0,0.42,0.09,0,10.6,0.16,15.4,0.11,7.03,0.11,0.37,14,7.03,113,0.55,1,0),(9,243,'PINA ENLATADA',100,79,77.9,0.35,20.2,0.95,0.11,0.01,0.01,0.04,0,0,0,1,0,1,0,0,0.29,0.07,0,4.6,0.1,7.4,0.05,14,0.1,0.38,16,7,104,0.59,1,0.1),(9,244,'PLATANO',100,74.3,91.2,1.03,23.4,1.6,0.48,0.19,0.04,0.09,0,0,0,8,0,8,0,0.1,0.54,0.58,0,19.1,0.26,9.12,0.24,6,0.1,0.31,29,20,396,1,1,0.1),(9,245,'SANDIA',100,91.5,32,0.62,7.19,0.3,0.43,0.06,0.08,0.22,0,0,0,37,0,37,0,0,0.2,0.14,0,2.2,0.21,9.63,0.1,8,0.03,0.17,11,9,116,0.4,2,0),(9,246,'TUNA',100,87.6,41,0.73,9.57,1.82,0.51,0,0,0,0,0,0,5,0,5,0,0,0.46,0,0,0,0,14,0,56,0,0.3,85,24,219,0,5,0),(9,247,'UVAS',100,81.3,63,0.63,17.2,1.6,0.35,0.11,0.01,0.1,0,0,0,10,0,10,0,0,0.3,0.11,0,3.9,0.02,4,0.65,14,0.04,0.29,5,10,190,9.62,2,0),(10,248,'HIGOS SECOS',100,28.4,255,3.05,65.2,11.1,1.17,0.23,0.26,0.56,0,0,0,13,0,13,0,0,0.7,0.22,0,7.49,0.44,0.8,0,144,0.31,2.23,58.8,67.9,712,5.99,11,0.5),(10,249,'PASAS',100,15.4,300,3.22,78.6,5.86,0.46,0.15,0.02,0.14,0,0,0,1,0,1,0.1,0,0.82,0.25,0,3.3,0.05,3.3,0.29,49,0.31,2.08,33,96.6,750,6.21,12,0.2),(10,250,'PERAS DESECADAS',100,26.7,262,1.87,69.1,10.9,0.63,0.04,0.13,0.15,0,0,0,0.3,0,0.3,0,0.1,1.37,0.07,0,0,0.15,7.03,1.54,34,0.37,2.1,33,58.9,533,1.94,6,0.3),(10,251,'HUESILLO',100,31.8,238,3.61,61.3,8.23,0.76,0.08,0.28,0.37,0,0,0,216,0,216,0,0.2,4.38,0.07,0,0.3,0.56,4.8,3.85,28,0.36,4.06,42,118,995,1.73,7,0.5),(10,252,'CIRUELAS',100,31,243,2.4,63.8,4.3,0.5,0.04,0.23,0.11,0,0,0,244,0,244,0,0.1,1.93,0.16,0,3.89,0.44,3.8,0.77,38,0.38,2.71,39,77,796,0.5,18,0.5),(11,253,'JUGO DE LIMON',100,90.7,25,0.38,8.65,0.35,0,0.04,0.01,0.09,0,0,0,2,0,2,0,0,0.1,0.05,0,12.9,0.1,45.9,0.22,7.01,0.03,0.03,5.98,5.98,124,0.2,1,0),(11,254,'JUGO DE NARANJA',100,88.3,44.8,0.7,10.4,0.4,0.2,0.02,0.04,0.04,0,0,0,20,0,20,0,0,0.4,0.04,0,30.3,0.19,50,0.32,11,0.04,0.2,11,17,200,0.2,1,0),(11,255,'JUGO DE POMELO',100,90,39,0.5,9.19,0.4,0.1,0.01,0.01,0.02,0,0,0,1,0,1,0,0,0.2,0.04,0,10.2,0.19,38,0.18,8.99,0.03,0.2,12,15,162,0.2,1,0),(11,256,'JUGO DE TOMATE',100,96.84,17.53,0.78,4.37,0.83,0.06,0.01,0.01,0.02,0,0.02,0,57.34,0,57.34,0,0,0.69,0.11,0,20.5,0.26,18.8,0.49,9.28,0.1,0.6,11.34,19.6,226.9,0.21,10.31,0.1),(9,257,'ACEITUNAS',55,63.8,0.77,0.72,1.42,6.99,0.77,5.08,0.42,0,0,0,16.94,0,16.94,0,0,0,0.01,0,0.48,0.01,0,0.87,33.55,0.19,0.88,0.19,0.19,0.19,0.19,1320,0.04,0),(9,258,'CAQUI',90,62.64,0.52,16.7,1.61,0.17,0.01,0.02,0.09,0,0,0,195.3,0,195.3,0.03,0,0,0,0,6.75,0,6.75,0,7.18,0.1,0.14,0.1,0.1,0.1,0.1,0.9,0.1,0),(9,259,'CEREZAS',90,64.53,1.08,14.9,1.37,0.86,0.19,0.24,0.26,0,0,0,18.9,0,18.9,0.05,0,0.3,0.03,0,3.78,0.11,6.33,0.81,13.5,0.09,0.35,0.09,0.09,0.09,0.09,0,0.05,0),(9,260,'CHIRIMOYA',90,50.4,2.61,10.5,0,0.45,0,0,0,0,0,0,0,0,0,0.08,0.1,0.5,0,0,0,0,4.68,0,21.6,0,0.54,0,0,0,0,8.1,0,0),(9,261,'CIRUELAS',110,60.5,0.87,14.3,1.76,0.68,0.05,0.45,0.15,0,0,0,35.2,0,35.2,0.05,0.1,0.5,0.09,0,2.42,0.2,10.4,0.95,4.4,0.05,0.11,0.05,0.05,0.05,0.05,0,0.11,0),(9,262,'DAMASCO',120,57.6,1.68,13.3,2.28,0.47,0.03,0.2,0.09,0,0,0,313.2,0,313.2,0.04,0,0.7,0.06,0,10.3,0.29,12,1.07,16.8,0.11,0.65,0.11,0.11,0.11,0.11,1.2,0.31,0),(9,263,'DURAZNO',130,55.9,0.91,14.4,3.12,0.12,0.01,0.04,0.06,0,0,0,70.2,0,70.2,0.02,0,1.2,0.02,0,4.42,0.22,8.58,1.3,6.5,0.09,0.14,0.09,0.09,0.09,0.09,0,0.18,0),(9,264,'DURAZNOS EN CONSERVA',80,59.2,0.36,16,0.89,0.08,0.01,0.03,0.04,0,0,0,26.4,0,26.4,0.01,0,0.4,0.02,0,2.56,0.04,2.24,1.35,2.4,0.04,0.22,0.04,0.04,0.04,0.04,4.8,0.07,0),(9,265,'FRAMBUEZA',130,63.7,1.18,14.9,8.11,0.72,0.02,0.07,0.41,0,0,0,16.9,0,16.9,0.04,0.1,1.1,0.07,0,33.8,0.31,32.5,0.39,28.6,0.1,0.74,0.1,0.1,0.1,0.1,0,0.6,0),(9,266,'FRUTILLA',200,60,1.22,14.1,5.2,0.74,0.04,0.1,0.37,0,0,0,6,0,6,0.04,0.1,0.4,0.12,0,35.4,0.68,113,0.4,28,0.1,0.76,0.1,0.1,0.1,0.1,2,0.26,0),(9,267,'GROSELLA',120,58.92,0.47,15.1,5.05,0.24,0.03,0.06,0.14,0,0,0,6,0,6,0.04,0,0.1,0.08,0,2.05,0.26,16.2,1.2,8.4,0.07,0.24,0.07,0.07,0.07,0.07,1.2,0.16,0),(9,268,'HIGOS FRESCOS',80,59.2,0.6,15.3,2.98,0.24,0.05,0.05,0.12,0,0,0,11.2,0,11.2,0.05,0,0.3,0.09,0,2.4,0.24,1.6,0,28,0.06,0.3,0.06,0.06,0.06,0.06,0.8,0.12,0),(9,269,'LIMON FRUTO',160,46.4,1.76,14.9,3.28,0.48,0.06,0.02,0.14,0,0,0,4.8,0,4.8,0.06,0,0.1,0.13,0,16.96,0.3,84.6,1.49,41.6,0.06,0.96,0.06,0.06,0.06,0.06,3.2,0.1,0),(9,270,'LUCUMA, PASTA',50,67.85,0.7,15.7,0,0.25,0,0,0,0,0,0,0,0,0,0.01,0,1.1,0,0,0,0,12.5,0,0,0,0,0,0,0,0,3,0,0),(9,271,'MELON',180,0,0,0,0,0,0,0,0,0,0,0,0,0,0,0,0,0,0,0,0,0,0,0,0,0,0,0,0,0,0,0,0,0),(9,272,'MORA',120,0,0,0,0,0,0,0,0,0,0,0,0,0,0,0,0,0,0,0,0,0,0,0,0,0,0,0,0,0,0,0,0,0),(9,273,'NARANJA',120,0,0,0,0,0,0,0,0,0,0,0,0,0,0,0,0,0,0,0,0,0,0,0,0,0,0,0,0,0,0,0,0,0),(9,274,'NISPERO',120,0,0,0,0,0,0,0,0,0,0,0,0,0,0,0,0,0,0,0,0,0,0,0,0,0,0,0,0,0,0,0,0,0),(9,275,'PALTA',40,0,0,0,0,0,0,0,0,0,0,0,0,0,0,0,0,0,0,0,0,0,0,0,0,0,0,0,0,0,0,0,0,0),(9,276,'PAPAYA',400,0,0,0,0,0,0,0,0,0,0,0,0,0,0,0,0,0,0,0,0,0,0,0,0,0,0,0,0,0,0,0,0,0),(9,277,'PEPINO DULCE',240,0,0,0,0,0,0,0,0,0,0,0,0,0,0,0,0,0,0,0,0,0,0,0,0,0,0,0,0,0,0,0,0,0),(9,278,'PINA',120,58.8,0.47,14.8,1.44,0.52,0.04,0.06,0.18,0,0,0,2.4,0,2.4,0.11,0,0.5,0.1,0,12.72,0.19,18.4,0.13,8.44,0.13,0.44,0.13,0.13,0.13,0.13,1.2,0.1,0),(9,279,'PINA ENLATADA',80,62.32,0.28,16.1,0.76,0.09,0.01,0.01,0.03,0,0,0,0.8,0,0.8,0.07,0,0.2,0.06,0,3.68,0.08,5.92,0.04,11.2,0.08,0.3,0.08,0.08,0.08,0.08,0.8,0.1,0),(9,280,'PLATANO',60,54.72,0.62,14,0.96,0.29,0.11,0.02,0.05,0,0,0,4.8,0,4.8,0.03,0,0.3,0.35,0,11.46,0.16,5.47,0.14,3.6,0.06,0.19,0.06,0.06,0.06,0.06,0.6,0.1,0),(9,281,'SANDIA',200,64,1.24,14.3,0.6,0.86,0.12,0.16,0.44,0,0,0,74,0,74,0.16,0,0.4,0.29,0,4.4,0.42,19.2,0.2,16,0.06,0.34,0.06,0.06,0.06,0.06,4,0.14,0),(9,282,'TUNA',150,61.5,1.1,14.3,2.73,0.77,0,0,0,0,0,0,7.5,0,7.5,0.02,0,0.6,0,0,0,0,21,0,84,0,0.45,0,0,0,0,7.5,0,0),(9,283,'UVAS',90,56.7,0.57,15.4,1.44,0.32,0.1,0.01,0.09,0,0,0,9,0,9,0.08,0,0.2,0.1,0,3.51,0.02,3.6,0.59,12.6,0.04,0.26,0.04,0.04,0.04,0.04,1.8,0.04,0),(10,284,'HIGOS SECOS',25,63.75,0.76,16.3,2.78,0.29,0.06,0.06,0.14,0,0,0,3.25,0,3.25,0.02,0,0.1,0.06,0,1.87,0.11,0.2,0,36,0.08,0.56,0.08,0.08,0.08,0.08,2.75,0.13,0),(10,285,'PASAS',25,75,0.81,19.6,1.47,0.12,0.04,0,0.03,0,0,0,0.25,0,0.25,0.04,0,0.2,0.06,0,0.83,0.01,0.83,0.07,12.25,0.08,0.52,0.08,0.08,0.08,0.08,3,0.07,0),(10,286,'PERAS DESECADAS',25,65.5,0.47,17.2,2.73,0.16,0.01,0.03,0.04,0,0,0,0.08,0,0.08,0,0,0.3,0.02,0,0,0.04,1.76,0.39,8.5,0.09,0.53,0.09,0.09,0.09,0.09,1.5,0.1,0),(10,287,'HUESILLO',25,59.5,0.9,15.3,2.06,0.19,0.02,0.07,0.09,0,0,0,54,0,54,0,0,1.1,0.02,0,0.08,0.14,1.2,0.96,7,0.09,1.02,0.09,0.09,0.09,0.09,1.75,0.14,0),(11,288,'JUGO DE LIMON',5,1.25,0.02,0.43,0.02,0,0,0,0,0,0,0,0.1,0,0.1,0,0,0,0,0,0.65,0.01,2.3,0.01,0.35,0,0,0,0,0,0,0.05,0,0),(11,289,'JUGO DE NARANJA',150,67.2,1.05,15.6,0.6,0.3,0.04,0.05,0.06,0,0,0,30,0,30,0.14,0,0.6,0.06,0,45.45,0.29,75,0.48,16.5,0.07,0.3,0.07,0.07,0.07,0.07,1.5,0.08,0),(11,290,'JUGO DE POMELO',150,58.5,0.75,13.7,0.6,0.15,0.02,0.02,0.04,0,0,0,1.5,0,1.5,0.06,0,0.3,0.07,0,15.3,0,57,0.27,13.49,0.05,0.3,0.05,0.05,0.05,0.05,1.5,0.08,0),(11,291,'JUGO DE TOMATE',150,26.3,1.17,6.56,1.25,0.09,0.02,0.02,0.03,0,0.03,0,86.01,0,86.01,0.08,0,1,0.17,0,30.78,0,28.3,0.74,13.92,0.15,0.9,0.15,0.15,0.15,0.15,15.47,0.21,0),(12,292,'LECHE MATERNA',100,87.5,71.11,1.03,6.87,0,4.39,2.01,1.66,0.5,13.9,0.37,0.1,4.47,59.3,63.8,0,0,0.18,0.01,0.05,5.2,0.22,5,0.99,32.2,0.05,0.03,3.4,13.7,50.8,1.71,16.9,0.1),(12,293,'LECHE CRUDA DE VACA',100,87.8,62,3.2,5.1,0,3.2,2.09,0.96,0.12,13.52,0.11,0.07,0,31.15,31.15,0,0.1,0.1,0.04,0.36,4.92,0.32,1.1,0,115,0,0.07,13.52,102,149.5,0,58.9,0.3),(12,294,'LECHE FLUIDA ENTERA',100,88,61.1,3.29,4.67,0,3.34,2.08,0.96,0.12,13.6,0.12,0.07,3.32,27.7,31,0,0.1,0.08,0.04,0.36,5,0.31,0.94,0.04,119,0.01,0.05,13.4,93,151,1.23,48.8,0.3),(12,295,'LECHE PASTEURIZADA DE VACA',100,88.1,57.7,3.2,5.6,0,2.5,2.09,0.96,0.12,13.52,0.09,0.06,0,31.15,31.15,0,0.1,0.1,0.04,0.36,4.92,0.32,1,0,123,0,0.07,13.52,95,141.8,0,59.7,0.3),(12,296,'LECHE EN POLVO 26% MAT, GRASA',100,3.2,488.9,28.6,36.7,0,25.3,16.1,7.62,1.44,80,0.89,0.56,0,253,281.2,0.3,2.1,0.63,0.31,3.25,37.5,2.28,9.38,0,912.5,0,0.47,84.38,775,1307,0,394.6,3.3),(12,297,'LECHE NIDO O CHAMPION',100,0,495,26.4,38.8,0,26,16.6,7.83,1.48,46.46,0.91,0.57,0,0,0,0,0,0,0,0,0,0,0,0,0,0,0,0,0,0,0,0,0),(12,298,'LECHE LARGA VIDA LA LECHERA NATURAL',100,0,60,3.2,4.7,0,3.1,1.98,0.93,0.18,5.54,0.11,0.07,0,0,0,0,0,0,0,0,0,0,0,0,118,0,0,0,104,0,0,0,0),(12,299,'LECHE EVAPORADA',100,74,134,6.83,10,0,7.58,4.6,2.33,0.25,29.4,0,0,9.72,44,54,0,0.3,0.19,0.05,0.16,7.9,0.64,1.88,0.18,261,0.02,0.19,24.2,202,303,1.25,106,0.7),(12,300,'LECHE DE CABRA',100,82.3,103.2,4,5.6,0,7.2,2.66,1.11,0.16,11.48,0,0,0,56.15,56.15,0,0.1,0.4,0.05,0.07,0.41,0.31,1.2,0,224,0.05,0.05,13.93,143,204.5,0,50,0.3),(12,301,'LECHE PURITA CEREAL',100,0,500,16,49.5,0,26,0,0,0,0,0,0,0,0,660,0.4,0.7,4.5,0.5,1,50,0,25,0.7,500,0,7.5,0,400,0,0,0,0),(12,302,'LECHE LARGA VIDA LA LECHERA SEMIDESCREMADA',100,0,47,3.2,4.8,0,1.5,0.96,0.45,0.09,2.68,0.05,0.03,0,0,0,0,0,0,0,0,0,0,0,0,124,0,0,0,109,0,0,0,0),(12,303,'LECHE EN POLVO 18% MAT, GRASA',100,3.9,466.5,30.8,37.9,0,21.3,13.6,6.41,1.21,38.06,0.75,0.47,0,213,213,0.2,2.7,0,0,0,0,0,0,0,0,0,0,0,883,1475,0,446.5,0),(12,304,'LECHE EN POLVO 12% MAT, GRASA',100,5.4,405.5,34.6,41.8,0,11.1,7.1,3.34,0.63,19.84,0.39,0.24,0,111,111,0.2,1.7,0,0,0,0,0,0,0,0,0,0,0,946,1521,0,534.9,0),(12,305,'LECHE FLUIDA SABORIZADA PROMEDIO',100,0,80.24,2.35,10.5,0.5,2.9,1.84,0.87,0.15,6.41,0.1,0.06,3.48,25.5,29,0,0.1,0.13,0.04,0.33,4.72,0.3,0.91,0.09,112,0.07,0.24,13,100,167,1.22,59.6,0.4),(12,306,'LECHE EXTRA CALCIO EN POLVO',100,0,454,29.1,42.7,0,17.9,11.4,5.39,1.02,32,0.63,0.39,0,0,2700,0,0,0,0,0,0,0,75,0,1610,0,15,0,865,0,0,0,0),(12,307,'LECHE DESCREMADA FLUIDA 2%',100,89.2,49.6,3.33,4.8,0,1.92,1.2,0.55,0.07,7.5,0.07,0.04,2.01,54.9,57,0,0.1,0.09,0.04,0.36,5.08,0.32,0.95,0.03,121,0.01,0.05,13.7,95.1,154,2.61,49.6,0.3),(12,308,'LECHE EN POLVO DESCREMADA',100,4,352.9,40.1,47.9,0,0.1,0.06,0.03,0.01,0.18,0,0,0,0,0,0.3,0.6,0.1,0,0,0,0,0,0,1020,0,1.2,0,1041,1708,0,587,0),(12,309,'LECHE LIQUIDA LARGA VIDA SVELTY',100,0,34,3.4,5,0,0.1,0.06,0.03,0.01,0.18,0,0,0,0,0,0,0,0,0,0,0,0,0,0,124,0,0,0,100,0,0,0,0),(12,310,'LECHE SVELTY',100,0,358,35.3,51.9,0,1,0.64,0.3,0.06,1.79,0.04,0.02,0,0,1500,0,0,0,0,0,0,0,0,0,1200,0,12,0,960,0,0,0,0),(12,311,'LECHE DE BURRA',100,90.4,41.3,1.6,6.7,0,0.9,0,0,0,0,0,0,0,0,0,0,0.1,0.1,0,0,0,0,1.7,0,138,0,0,0,60,0,0,0,0),(12,312,'LECHE CONDENSADA/MANJAR',100,27.2,321,7.91,54.2,0,8.69,5.49,2.43,0.34,33.7,0.3,0.19,8.79,72.2,81,0,0.4,0.21,0.05,0.44,11.2,0.75,2.6,0.21,283,0.02,0.19,25.7,253,371,1.03,127,0.9),(12,313,'LECHE SOYA',100,93.3,33,2.75,1.81,0.36,1.91,0.21,0.33,0.83,0,0.73,0,3,0,3,0.1,0,0.15,0.04,0,1.5,0.05,0,0,4,0.12,0.58,19,48.8,141,0,12,0.2),(13,314,'YOFURT NATURAL',100,87.9,61.2,3.47,4.67,0,3.25,2.1,0.89,0.09,12.7,0,0,3.52,26.5,30,0,0.1,0.08,0.03,0.37,7.4,0.39,0.53,0,120,0.01,0.05,11.6,94.7,154,1.04,46.3,0.5),(13,315,'YOGURT BATIDO DIET',100,87.9,53,3.2,6.9,0,1.4,0.9,0.42,0.08,2.5,0.05,0.03,0,0,0,0,0,0,0,0,0,0,0,0,0,0,0,0,0,0,0,0,0),(13,316,'YOGURT BATIDO SIMPLE',100,79.5,85.6,5.5,12.3,0,1.6,1.02,0.48,0.09,2.86,0.06,0.04,0,0,2.82,0,0.2,0.09,0.03,0.37,7.49,0.39,0.44,0,145,0.01,0.05,11.45,126,154.6,0,46.26,0.5),(13,317,'YOGURT CON SABOR',100,77.1,101.1,4.4,14.8,0.05,2.7,1.73,0.81,0.15,4.82,0.09,0.06,0,0,0,0,0.4,0.09,0.03,0.37,7.49,0.39,0.44,0,127,0.01,0.05,11.45,113,154.6,0,46.26,0.5),(13,318,'YOGURT CORRIENTE',100,87.9,61.2,3.47,4.67,0,3.25,2.1,0.89,0.09,12.7,0,0,3.52,26.5,30,0,0.1,0.08,0.03,0.37,7.4,0.39,0.53,0,120,0.01,0.05,11.6,94.7,154,1.04,46.3,0.5),(13,319,'YOGURT BLISS O SMACK',100,78.6,87,2.4,17.5,0,0.9,0.58,0.27,0.05,1.61,0.03,0.02,0,0,0,0,0,0,0,0,0,0,0,0,0,0,0,0,0,0,0,0,0),(13,320,'YOGURT CON FRUTAS',100,73.8,114.4,4.1,18.2,0.3,2.8,1.79,0.84,0.16,5,0.1,0.06,0,0,29.96,0,0.4,0.09,0.03,0.37,7.49,0.39,0.44,0,105,0.01,0.05,11.45,105,154.6,0,46.26,0.5),(13,321,'YOGURT BATIDO CON PULPA DE FRUTA',100,0,110.5,4.1,17.9,0,2.5,0,0,0,0,0,0,0,0,0,0,0,0,0,0,0,0,0,0,0,0,0,0,0,0,0,0,0),(13,322,'YOGURT CON TROZOS DE FRUTA',100,0,121.8,3.5,22,0,2.2,0,0,0,0,0,0,0,0,0,0,0,0,0,0,0,0,0,0,0,0,0,0,0,0,0,0,0),(13,323,'YOGURT LA LECHERA AMERICANO',100,69.5,127.6,3.2,24.2,0,2,0,0,0,0,0,0,0,0,0,0,0,0,0,0,0,0,0,0,0,0,0,0,0,0,0,0,0),(13,324,'YOGURT CON FRUTAS DESHID DESECADAS',100,0,108.2,3.35,18.6,0,2.25,0,0,0,0,0,0,0,0,0,0,0,0,0,0,0,0,0,0,0,0,0,0,0,0,0,0,0),(14,325,'QUESO CHANCO MANTECOSO O GAUDA',100,42,355,24.9,2.2,0,27.4,17.6,7.75,0.66,114,0.96,0.6,9.58,164,174,0,0.3,0.1,0.09,1.54,20.9,0.34,0,0.63,697,0.04,0.24,29,546,120,3.52,817,3.9),(14,326,'QUESO CHEDDAR',100,33.6,393.3,26.1,7.2,0,28.9,18.5,8.7,1.65,51.64,1.01,0.64,0,0,0,0,0.3,0.05,0,0,0,0,0,0,809,0,0.9,0,515,0,0,0,0),(14,327,'QUESO DE CABRA',100,45.9,333.9,24.8,0.4,0,25.9,21,6.79,0.71,78.57,0,0,0,0,0,0,0.2,1.07,0,0,0,0,0,0,626,0.57,1.64,28.57,334,114,0,298,0.6),(14,328,'QUESO HOLANDES',100,33.1,392.6,28.3,3.7,0,29.4,18.8,8.85,1.68,52.54,1.03,0.65,0,0,0,0,0.4,0.5,0,0,0,0,0,0,895,0,0.6,0,609,0,0,0,0),(14,329,'QUESO PARMESANO',100,21.6,460.3,31.1,7.7,0,33.9,21.7,10.2,1.93,60.58,1.19,0.75,19,154,173,0,0.4,0.08,0.11,1.4,8,0.53,0,0.64,947,0.04,2.8,50.8,894,122,10,885,3.1),(14,330,'QUESO PATEGRAS',100,37,393.6,25.7,2.5,0,31.2,19.9,9.39,1.78,55.75,1.09,0.69,0,0,0,0,0.2,0.3,0,0,0,0,0,0,474,0.03,0.5,14.29,578,73,0,720,3.5),(14,331,'QUESO SUIZO',100,33.6,386.5,28.3,3.3,0,28.9,18.5,8.7,1.65,51.64,1.01,0.64,0,0,0,0,0.4,0.1,0,0,0,0,0,0,1000,0,0.6,0,762,0,0,0,0),(14,332,'QUESOS CORTABLES',100,48,319,26,0,0,24,15.3,7.22,1.37,42.89,0.84,0.53,0,0,0,0,0,0,0,0,0,0,0,0,0,0,0,0,0,0,0,0,0),(14,333,'QUESOUNTABLES',100,50,303,20,0,0,25,16,7.53,1.43,44.68,0.88,0.55,0,0,0,0,0,0,0,0,0,0,0,0,0,0,0,0,0,0,0,0,0),(14,334,'QUESO CREMA',100,53.8,349,7.54,2.66,0,34.9,22,9.82,1.26,110,1.22,0.77,0,437,437,0,0.2,0.1,0.05,0.42,13.2,0.27,0,0.63,79.9,0.02,1.2,6.44,104,119,2.39,295,0.5),(14,335,'QUESO RICOTA',100,71.7,174,11.3,3.04,0,13,8.29,3.63,0.39,50.4,0,0,6.59,127,134,0,0.2,0.1,0.04,0.34,12.2,0.21,0,0.65,207,0.02,0.38,11.3,158,104,1.83,83.7,1.1),(14,336,'TOFU',100,84.6,76,8.06,1.88,1.2,4.78,0.69,1.06,2.7,0,0,0,9.03,0,9.03,0,0,0.2,0.05,0,15,0.07,0.1,3.39,105,0.19,5.36,102,96.8,121,1.44,7,0.8),(14,337,'QUESILLO 1',100,79,103,12.5,2.68,0,4.51,2.85,1.29,0.14,14.9,0,0,0.19,47.6,48.1,0,0.1,0.13,0.07,0.62,12.2,0.21,0,0.64,60,0.03,0.14,5.24,131,84.3,6,405,0.3),(14,338,'QUESILLO 2',100,74.4,107.7,16.4,3.1,0,3.3,2.11,0.99,0.19,5.9,0.12,0.07,0,0,0,0,0.4,0.1,0,0,0,0,0,0,487,0,0.8,0,313,121,0,265,0),(15,339,'MOUSSE VAINILLA',100,68.8,149.3,6.2,18.3,0,5.7,0,0,0,0,0,0,0,0,0,0,0.2,0,0,0,0,0,0,0,117,0,0,0,131,0,0,0,0),(15,340,'SEMOLA CON LECHE SALSA CARAMELO',100,77.3,95,2.2,18.9,0,1.2,0,0,0,0,0,0,0,0,0,0,0,0,0,0,0,0,0,0,0,0,0,0,0,0,0,0,0),(15,341,'ARROZ CON LECHE',100,71.1,121.5,3.6,22.5,0.1,1.9,0,0,0,0,0,0,0,0,0,0,0.1,0,0,0,0,0,0,0,103,0,0,0,98,0,0,0,0),(15,342,'CHANDELLE PROMEDIO',100,69.5,139.1,4,21.1,0,4.3,0,0,0,0,0,0,0,0,0,0,0,0,0,0,0,0,0,0,0,0,143,0,0,0,146,0,0),(15,343,'FLAN PROMEDIO',100,73.6,112.3,2.9,20.9,0,1.9,0,0,0,0,0,0,0,0,0,0,0,0,0,0,0,0,0,0,0,0,0,0,0,0,0,0,0),(15,344,'LECHE ASADA',100,64.7,121,6.4,19.5,0,1.9,0,0,0,0,0,0,0,0,0,0,0,0,0,0,0,0,0,0,0,0,0,0,0,0,0,0,0),(15,345,'LECHE NEVADA',100,75.1,86.3,2.2,13.3,0,2.7,0,0,0,0,0,0,0,0,0,0,0,0,0,0,0,0,0,0,0,0,0,0,0,0,0,0,0),(15,346,'MAICENA CON LECHE',100,70,137,4,20.9,0,4.2,0,0,0,0,0,0,0,0,0,0,0,0,0,0,0,0,0,0,138,0,0,0,139,0,0,0,0),(15,347,'LECHE LARGA VIDA NESQUIK PROMEDIO',100,0,84,2.3,13,0,2.9,1.86,0.87,0.17,5.18,0.1,0.06,0,0,0,0,0,0,0,0,0,0,0,0,0,0,0,0,0,0,0,0,0),(15,348,'CONCENTRADOS L',100,68.9,157,6.3,17,0,7.1,4.54,2.14,0.4,12.69,0.25,0.16,0,0,220,0,0.1,0.2,0,0,0,0,0,0,85,0,0,0,90,0,0,0,0),(12,349,'LECHE CRUDA DE VACA',200,124,6.4,10.2,0,6.4,4.18,1.93,0.25,27.05,0.22,0.14,0,62.3,62.3,0.14,0.2,0.2,0.08,0.71,9.84,0.63,2.2,0,230,0,0.14,27,204,299,0,117.8,0.76,0),(12,350,'LECHE FLUIDA ENTERA',200,122.2,6.58,9.34,0,6.68,4.16,1.93,0.25,27.2,0.23,0.15,6.64,55.4,62,0.08,0.3,0.1,0.08,0.71,10,0.63,1.88,0.08,238,0.02,0.1,26.8,186,302,2.46,97.6,0.76,0),(12,351,'LECHE PASTEURIZADA DE VACA',200,115.4,6.4,11.2,0,5,4.18,1.93,0.25,27.05,0.18,0.11,0,62.3,62.3,0.12,0.2,0.2,0.08,0.71,9.84,0.63,2,0,246,0,0.14,27,190,283.6,0,119.4,0.76,0),(12,352,'LECHE EN POLVO 26% MAT, GRASA',20,97.78,5.72,7.34,0,5.06,3.24,1.52,0.29,16,0.18,0.11,0,50.6,56.25,0.06,0.4,0.1,0.06,0.65,7.5,0.46,1.88,0,182.5,0,0.09,16.8,155,261.4,0,78.92,0.67,0),(12,353,'LECHE NIDO/CHAMPION',20,99,5.28,7.76,0,5.2,3.33,1.57,0.3,9.29,0.18,0.11,0,0,0,0,0,0,0,0,0,0,0,0,0,0,0,0,0,0,0,0,0,0),(12,354,'LECHE LARGA VIDA LA LECHERA NATURAL',200,120,6.4,9.4,0,6.2,3.97,1.87,0.35,11.08,0.22,0.14,0,0,0,0,0,0,0,0,0,0,0,0,236,0,0,0,208,0,0,0,0,0),(12,355,'LECHE EVAPORADA',80,107.2,5.46,8,0,6.06,3.68,1.86,0.2,23.52,0,0,7.78,35.2,43.2,0.04,0.2,0.1,0.04,0.13,6.32,0.51,1.5,0.14,208.8,0.01,0.15,19.3,161.6,242.4,1,84.8,0.62,0),(12,356,'LECHE PURITA CEREAL',20,100,3.2,9.9,0,5.2,0,0,0,0,0,0,0,0,132,0.08,0.1,0.9,0.1,0.2,10,0,5,0.14,100,0,1.5,0,80,0,0,0,0,0),(12,357,'LECHE LARGA VIDA LA LECHERA SEMIDESCREMADA',200,94,6.4,9.6,0,3,1.92,0.9,0.17,5.36,0.11,0.07,0,0,0,0,0,0,0,0,0,0,0,0,248,0,0,0,218,0,0,0,0,0),(12,358,'LECHE EN POLVO 18% MAT, GRASA',20,93.3,6.16,7.58,0,4.26,2.73,1.28,0.24,7.61,0.15,0.09,0,42.6,42.6,0.05,0.5,0,0,0,0,0,0,0,0,0,0,0,176.6,295,0,89.3,0,0),(12,359,'LECHE EN POLVO 12% MAT, GRASA',20,81.1,6.92,8.36,0,2.22,1.42,0.67,0.13,3.97,0.08,0.05,0,22.2,22.2,0.05,0.3,0,0,0,0,0,0,0,0,0,0,0,189.2,304.3,0,106.9,0,0),(12,360,'LECHE FLUIDA SABORIZADA PROMEDIO',200,160.4,4.71,21,1,5.8,3.68,1.73,0.3,12.81,0.2,0.13,6.96,51,58,0.07,0.3,0.2,0.08,0.67,9.44,0.59,1.82,0.18,224,0.13,0.48,26,200,334,2.44,119.2,0.82,0),(12,361,'LECHE EXTRA CALCIO EN POLVO',200,0,0,0,0,0,0,0,0,0,0,0,0,0,0,0,0,0,0,0,0,0,0,0,0,0,0,0,0,0,0,0,0,0),(12,362,'LECHE DESCREMADA FLUIDA 2%',200,99.2,6.66,9.6,0,3.84,2.4,1.11,0.14,15,0.13,0.08,4.02,109.8,114,0.08,0.3,0.1,0.09,0.73,10.16,0.64,1.9,0.07,242,0.02,0.1,27.4,190.2,308,5.22,99.2,0.78,0),(12,363,'LECHE EN POLVO DESCREMADA',20,70.58,8.02,9.58,0,0.02,0.01,0.01,0,0.04,0,0,0,0,0,0.06,0.1,0,0,0,0,0,0,0,204,0,0.24,0,208.2,341.7,0,117.4,0,0),(12,364,'LECHE LIQUIDA LARGA VIDA SVELTY',200,68,6.8,10,0,0.2,0.13,0.06,0.01,0.36,0.01,0,0,0,0,0,0,0,0,0,0,0,0,0,248,0,0,0,200,0,0,0,0,0),(12,365,'LECHE SVELTY',20,71.6,7.06,10.3,0,0.2,0.13,0.06,0.01,0.36,0.01,0,0,0,300,0,0,0,0,0,0,0,0,0,240,0,2.4,0,192,0,0,0,0,0),(12,366,'LECHE DE BURRA',450,185.8,7.2,30.1,0,4.05,0,0,0,0,0,0,0,0,0,0.09,0.4,0.4,0,0,0,0,7.65,0,621,0,0,0,270,0,0,0,0,0),(12,367,'LECHE CONDENSADA/MANJAR',50,160.5,3.96,27.1,0,4.35,2.75,1.22,0.17,16.85,0.15,0.1,4.4,36.1,40.5,0.05,0.2,0.1,0.03,0.22,5.6,0.38,1.3,0.11,141.5,0.01,0.1,12.8,126.5,185.5,0.52,63.5,0.47,0),(12,368,'LECHE SOYA',200,66,5.5,3.62,0.72,3.82,0.43,0.65,1.67,0,1.47,0,6,0,6,0.32,0.1,0.2,0.08,0,3,0.1,0,0,8,0.24,1.16,38,97.6,282,0,24,0.46,0),(13,369,'YOFURT NATURAL',15,9.18,0.52,0.7,0,0.49,0.32,0.13,0.01,1.91,0,0,0.53,3.98,4.5,0,0,0,0,0.06,1.11,0.06,0.08,0,18,0,0.01,1.74,14.21,23.1,0.16,6.95,0.09,0),(13,370,'YOGURT BATIDO DIET',175,92.75,5.6,12,0,2.45,1.57,0.74,0.14,4.38,0.09,0.05,0,0,0,0,0,0,0,0,0,0,0,0,0,0,0,0,0,0,0,0,0,0),(13,371,'YOGURT BATIDO SIMPLE',175,149.8,9.63,21.5,0,2.8,1.79,0.84,0.16,5,0.1,0.06,0,0,4.94,0.07,0.4,0.1,0.05,0.65,13.11,0.68,0.77,0,253.7,0.02,0.08,20,220.5,270.5,0,80.95,1.03,0),(13,372,'YOGURT CON SABOR',175,176.9,7.7,25.9,0.09,4.73,3.02,1.42,0.27,8.44,0.17,0.1,0,0,0,0.05,0.7,0.1,0.05,0.65,13.11,0.68,0.77,0,222.2,0.02,0.08,20,197.7,270.5,0,80.95,1.03,0),(13,373,'YOGURT CORRIENTE',175,107.1,6.07,8.17,0,5.69,3.68,1.56,0.16,22.23,0,0,6.16,46.38,52.5,0.05,0.2,0.1,0.06,0.65,12.95,0.68,0.93,0,210,0.02,0.09,20.3,165.7,269.5,1.82,81.03,1.03,0),(13,374,'YOGURT BLISS O SMACK',150,130.5,3.6,26.2,0,1.35,0.86,0.41,0.08,2.41,0.05,0.03,0,0,0,0,0,0,0,0,0,0,0,0,0,0,0,0,0,0,0,0,0,0),(13,375,'YOGURT CON FRUTAS',175,200.2,7.18,31.8,0.53,4.9,3.14,1.47,0.28,8.76,0.17,0.11,0,0,52.42,0.07,0.7,0.1,0.05,0.65,13.11,0.68,0.77,0,183.7,0.02,0.08,20,183.7,270.5,0,80.95,1.03,0),(13,376,'YOGURT BATIDO CON PULPA DE FRUTA',150,165.7,6.15,26.8,0,3.75,0,0,0,0,0,0,0,0,0,0,0,0,0,0,0,0,0,0,0,0,0,0,0,0,0,0,0,0),(13,377,'YOGURT CON TROZOS DE FRUTA',175,213.1,6.13,38.5,0,3.85,0,0,0,0,0,0,0,0,0,0,0,0,0,0,0,0,0,0,0,0,0,0,0,0,0,0,0,0),(13,378,'YOGURT LA LECHERA AMERICANO',140,178.6,4.48,33.8,0,2.8,0,0,0,0,0,0,0,0,0,0,0,0,0,0,0,0,0,0,0,0,0,0,0,0,0,0,0,0),(13,379,'YOGURT CON FRUTAS DESHID DESECADAS',175,189.4,5.86,32.6,0,3.94,0,0,0,0,0,0,0,0,0,0,0,0,0,0,0,0,0,0,0,0,0,0,0,0,0,0,0,0),(14,380,'QUESO CHANCO MANTECOSO O GAUDA',31,110,7.72,0.68,0,8.49,5.46,2.4,0.2,35.34,0.3,0.19,2.97,50.84,53.94,0.01,0.1,0,0.03,0.48,6.48,0.11,0,0.2,216,0.01,0.07,8.99,169.2,37.2,1.09,253.2,1.21,0),(14,381,'QUESO CHEDDAR',28,110.1,7.31,2.02,0,8.09,5.18,2.44,0.46,14.46,0.28,0.18,0,0,0,0.01,0.1,0,0,0,0,0,0,0,226.5,0,0.25,0,144.2,0,0,0,0,0),(14,382,'QUESO DE CABRA',30,100.1,7.44,0.12,0,7.77,6.32,2.04,0.21,23.57,0,0,0,0,0,0.01,0,0.3,0,0,0,0,0,0,187.8,0.17,0.49,8.57,100.2,34.2,0,89.4,0.2,0),(14,383,'QUESO HOLANDES',28,109.9,7.92,1.04,0,8.23,5.27,2.48,0.47,14.71,0.29,0.18,0,0,0,0.01,0.1,0.1,0,0,0,0,0,0,250.6,0,0.17,0,170.5,0,0,0,0,0),(14,384,'QUESO PARMESANO',24,110.4,7.46,1.85,0,8.14,5.21,2.45,0.46,14.54,0.28,0.18,4.56,36.96,41.52,0.01,0.1,0,0.03,0.34,1.92,0.13,0,0.15,227.2,0.01,0.67,12.1,214.5,29.28,2.4,212.4,0.77,0),(14,385,'QUESO PATEGRAS',28,110.2,7.2,0.7,0,8.74,5.59,2.63,0.5,15.61,0.31,0.19,0,0,0,0.01,0,0,0,0,0,0,0,0,132.7,0.01,0.14,4,161.8,20.44,0,201.6,0.99,0),(14,386,'QUESO SUIZO',25,96.63,7.08,0.83,0,7.23,4.62,2.17,0.41,12.91,0.25,0.16,0,0,0,0.01,0.1,0,0,0,0,0,0,0,250,0,0.15,0,190.5,0,0,0,0,0),(14,387,'QUESOS CORTABLES',27,86.13,7.02,0,0,6.48,4.15,1.95,0.37,11.58,0.23,0.14,0,0,0,0,0,0,0,0,0,0,0,0,0,0,0,0,0,0,0,0,0,0),(14,388,'QUESOUNTABLES',36,109,7.2,0,0,9,5.76,2.71,0.51,16.08,0.32,0.2,0,0,0,0,0,0,0,0,0,0,0,0,0,0,0,0,0,0,0,0,0,0),(14,389,'QUESO CREMA',14,48.86,1.06,0.37,0,4.89,3.08,1.37,0.18,15.4,0.17,0.11,0,61.18,61.18,0,0,0,0.01,0.06,1.85,0.04,0,0.09,11.19,0,0.17,0.9,14.56,16.66,0.33,41.3,0.08,0),(14,390,'QUESO RICOTA',40,69.6,4.52,1.22,0,5.2,3.32,1.45,0.15,20.16,0,0,2.64,50.8,53.6,0.01,0,0,0.02,0.14,4.88,0.08,0,0.26,82.8,0.01,0.15,4.52,63.2,41.6,0.73,33.48,0.46,0),(14,391,'TOFU',60,45.6,4.84,1.13,0.72,2.87,0.41,0.64,1.62,0,0,0,5.42,0,5.42,0.05,0,0.1,0.03,0,9,0.04,0.06,2.03,63,0.12,3.22,61.2,58.08,72.6,0.86,4.2,0.48,0),(14,392,'QUESILLO 1',60,61.8,7.5,1.61,0,2.71,1.71,0.77,0.08,8.94,0,0,0.11,28.56,28.86,0.01,0.1,0,0.04,0.37,7.32,0.13,0,0.38,36,0.02,0.08,3.14,78.6,50.58,3.6,243,0.22,0),(14,393,'QUESILLO 2',60,64.62,9.84,1.86,0,1.98,1.27,0.6,0.11,3.54,0.07,0.04,0,0,0,0.02,0.2,0,0,0,0,0,0,0,292.2,0,0.48,0,187.8,72.6,0,159,0,0),(15,394,'MOUSSE VAINILLA',120,179.1,7.44,21.9,0,6.84,0,0,0,0,0,0,0,0,0,0.04,0.2,0,0,0,0,0,0,0,140.4,0,0,0,157.2,0,0,0,0,0),(15,395,'SEMOLA CON LECHE SALSA CARAMELO',150,142.5,3.3,28.3,0,1.8,0,0,0,0,0,0,0,0,0,0,0,0,0,0,0,0,0,0,0,0,0,0,0,0,0,0,0,0),(15,396,'ARROZ CON LECHE',150,182.2,5.4,33.7,0.15,2.85,0,0,0,0,0,0,0,0,0,0.05,0.2,0,0,0,0,0,0,0,154.5,0,0,0,147,0,0,0,0,0),(15,397,'CHANDELLE PROMEDIO',120,166.9,4.8,25.3,0,5.16,0,0,0,0,0,0,0,0,0,0,0,0,0,0,0,0,0,0,0,0,0,0,0,0,0,0,0,0),(15,398,'FLAN PROMEDIO',130,145.9,3.77,27.1,0,2.47,0,0,0,0,0,0,0,0,0,0,0,0,0,0,0,0,0,0,0,0,0,0,0,0,0,0,0,0),(15,399,'LECHE ASADA',120,145.2,7.68,23.4,0,2.28,0,0,0,0,0,0,0,0,0,0,0,0,0,0,0,0,0,0,0,0,0,0,0,0,0,0,0,0),(15,400,'LECHE NEVADA',130,112.1,2.86,17.2,0,3.51,0,0,0,0,0,0,0,0,0,0,0,0,0,0,0,0,0,0,0,0,0,0,0,0,0,0,0,0),(15,401,'MAICENA CON LECHE',150,205.5,6,31.3,0,6.3,0,0,0,0,0,0,0,0,0,0,0,0,0,0,0,0,0,0,207,0,0,0,208.5,0,0,0,0,0),(15,402,'LECHE LARGA VIDA NESQUIK PROMEDIO',0,0,0,0,0,0,0,0,0,0,0,0,0,0,0,0,0,0,0,0,0,0,0,0,0,0,0,0,0,0,0,0,0,0),(15,403,'CONCENTRADOS L',45,70.65,2.84,7.65,0,3.2,2.04,0.96,0.18,5.71,0.11,0.07,0,0,99,0,0,0,0,0,0,0,0,0,38.25,0,0,0,40.5,0,0,0,0,0),(16,404,'CAZUELA',100,70.1,144.6,22.3,0.8,0,5.8,0.43,0.33,0.03,0,0.03,0,0,0,0,0,0.1,2.7,0,0,0,0,0,0,40,0,2.2,0,144,546,0,129,0),(16,405,'GUACHALOMO',100,71.8,127.8,23.2,0.2,0,3.8,0.11,0.08,0.01,0,0.01,0,0,0,0,0,0.2,4.7,0,0,0,0,0,0,9,0,1.5,0,135,515,0,107,0),(16,406,'LOMO VETADO',100,70.8,136.5,21.8,1.3,0,4.9,0.7,0.54,0.05,0,0.05,0,0,0,0,0,0.1,3,0,0,0,0,0,0,9,0,2.3,0,95,501,0,75,0),(16,407,'PLATEADA',100,72.4,134.3,20.3,0.9,0,5.5,0.48,0.37,0.04,0,0.04,0,0,0,0,0,0.1,4.2,0,0,0,0,0,0,11,0,3,0,77,537,0,76,0),(16,408,'ASIENTO PICANA',100,72,123.1,21.4,2.4,0,3.1,1.23,0.77,0.1,0,0.1,0,0,0,0,0,0.2,3.9,0,0,0,0,0,0,11,0,1.3,0,135,548,0,73,0),(16,409,'FILETE',100,72.7,124.3,21.2,1.1,0,3.9,0.59,0.46,0.05,0,0.05,0,0,0,0,0.1,0.2,4.3,0,0,0,0,0,0,12,0,3.2,0,136,347,0,180,0),(16,410,'LOMO LISO',100,70,144.8,23,0.6,0,5.6,0.32,0.25,0.03,0,0.03,0,0,0,0,0,0.2,4.6,0,0,0,0,0,0,10,0,5.5,0,103,523,0,73,0),(16,411,'POLLO GANSO',100,73.6,115.7,22.2,1.1,0,2.5,0.59,0.46,0.05,0,0.05,0,0,0,0,0,0.2,4.6,0,0,0,0,0,0,10,0,3.7,0,108,537,0,76,0),(16,412,'POSTA NEGRA',100,70.7,129.5,23.6,1.8,0,3.1,0.97,0.75,0.08,0,0.08,0,0,0,0,0,0.3,5.5,0,0,0,0,0,0,11,0,3.8,0,105,523,0,86,0),(16,413,'POSTA ROSADA',100,70.8,127.2,21.2,4.3,0,2.8,2.31,1.79,0.18,0,0.18,0,0,0,0,0.1,0.1,3.7,0,0,0,0,0,0,10,0,0.6,0,115,496,0,92,0),(17,414,'CHULETA',100,63.6,200.8,18.8,5.3,0,11.6,6.67,4.37,0.28,0,0.28,0,0,0,0,0,0,0,0,0,0,0,0,0,21,0,0.6,0,75,452,0,142,0),(17,415,'CAZUELA',100,70.6,151.6,20.6,0.2,0,7.6,4.37,2.87,0.18,0,0.18,0,0,0,0,0,0,0,0,0,0,0,0,0,20,0,1,0,117,356,0,116,0),(17,416,'PULPA',100,69.6,143.6,20.4,4.7,0,4.8,2.76,1.81,0.12,0,0.12,0,0,0,0,0,0,0,0,0,0,0,0,0.16,25,0.12,2.9,24,125,424,0,101,0),(18,417,'CAZUELA',100,56.1,263.8,20.6,4.4,0,18.2,7.7,9.03,1.47,0,1.47,0,0,0,0,0,0,0,0,0,0,0,0,0,21,0,1.3,0,107,731,0,161,0),(18,418,'CHULETA',100,55.1,287.9,20.6,1.2,0,22.3,9.43,11,1.81,0,1.81,0,0,0,0,0,0,0,0,0,0,0,0,0,19,0,1.1,0,87,652,0,133,0),(18,419,'FILETE',100,72.8,128.7,21.4,0.2,0,4.7,1.99,2.33,0.38,0,0.38,0,0,0,0,0,0,0,0,0,0,0,0,0,18,0,1.6,0,94,328,0,59.1,0),(18,420,'PULPA',100,71.8,131.6,21.2,1.8,0,4.4,1.86,2.18,0.36,0,0.36,0,0,0,0,0,0,0,0,0,0,0,0,0,16,0,1.2,0,99,384,0,91,0),(19,421,'CARNE POLLO COCIDO',100,66.8,176,27.3,0,0,6.71,1.84,2.39,1.54,82.9,0,0,0,15,15,0,0.1,6.11,0.26,0.22,6,0.74,0,0.5,14,0.06,1.17,21,150,180,16.2,70,1.9),(19,422,'POLLO PECHUGA ASADA',100,62.4,197,29.8,0,0,7.79,2.2,3.04,1.67,84,1.49,0.1,0,27,27,0,0.1,12.7,0.56,0.32,4,0.94,0,0.58,14,0.05,1.08,27,214,245,22.2,71,1),(19,423,'PECHUGA ASADA SIN PIEL',100,65.3,165,31,0,0,3.58,1.02,1.25,0.77,85,0.65,0.06,0,6,6,0,0.1,13.7,0.6,0.34,4,0.97,0,0.27,15,0.05,1.05,29,228,256,27.6,74,1),(19,424,'MUSLO ASADO',100,59.4,247,25.1,0,0,15.5,4.34,6.16,3.43,93,3.13,0.2,0,48,48,0,0.2,6.37,0.31,0.29,7,1.11,0,1.15,12,0.08,1.35,22,174,222,23.9,84,2.3),(19,425,'MUSLO ASADO SIN PIEL',100,62.9,209,25.9,0,0,10.9,3.04,4.16,2.49,95,2.24,0.16,0,20,20,0,0.2,6.53,0.35,0.31,8,1.18,0,0.8,12,0.08,1.32,24,183,238,29,88,2.5),(19,426,'ALA ASADA',100,55,290,26.9,0,0,19.5,5.46,7.65,4.15,84,3.73,0.23,0,47,47,0,0.1,6.65,0.42,0.29,3,0.9,0,1.4,15,0.06,1.28,19,151,184,26.6,82,1.8),(19,427,'ALA ASADA SINPIEL',100,62.8,203,30.5,0,0,8.14,2.27,2.62,1.79,85,1.47,0.15,0,18,18,0,0.1,7.31,0.59,0.34,4,1,0,0.54,16,0.05,1.17,21,166,210,29.6,92,2.1),(19,428,'GALLINA, PIERNA',100,63.7,199.1,22.4,1.5,0,11.5,3.5,5.46,2.51,93,2.42,0.09,0,15,15,0,0,0,0,0,0,0,0,0,21,0,0.8,0,120,180,0,70,0),(19,429,'GALLINA, PECHUGA',100,71.5,130.2,22.3,1.7,0,3.8,1.16,1.81,0.83,94,0.8,0.03,0,15,15,0,0,0,0,0,0,0,0,0,28,0,2.2,0,91,180,0,70,0),(19,430,'PAVO ROSTIZADO',100,64.9,170,29.3,0,0,4.97,1.64,1.03,1.43,75.7,0,0,0,0,0,0,0.1,5.44,0.46,0.37,7,0.94,0,0.44,25,0.09,1.78,26,213,298,25.7,70,3.1),(19,431,'PAVO, PIERNA',100,72.5,122.5,22,1.2,0,3.3,1.64,1.03,1.43,75.7,0,0,0,0,0,0,0,0,0,0,0,0,0,0,23,0,2.2,0,141,298,0,70,0),(19,432,'PATO COCIDO(sin piel)',100,64.2,201,23.5,0,0,11.2,4.17,3.7,1.43,88.7,1.29,0.14,0,23,23,0.2,0.4,5.11,0.25,0.4,10,1.5,0,1.74,12,0.23,2.6,20,203,252,19.9,64.7,2.6),(20,433,'CARNE DE EQUINO CRUDA',100,75,127,21.4,0,0,4.6,1.44,1.61,0.65,51.5,0.29,0,0,0,0,0.1,0.1,4.6,0.38,3,0,0,1.32,0,6.39,0.14,3.83,23.8,221,360,0,52.6,2.9),(20,434,'CONEJO CRUDO',100,75.5,108.7,19.4,0.8,0,3.1,0,0,0,64,0,0,0,0,0,0,0,0,0,0,0,0,0,0,15,0,1.78,0,206,300,0,37,0),(20,435,'CONEJO HORNEADO',100,69.1,147.5,22.7,0,0,6.31,1.88,1.7,1.22,64,0,0,0,0,0,0,0.1,6.61,0.37,6.51,9,0.73,0,0.16,15,0.15,1.78,17,206,300,1,37,1.7),(20,436,'CHARQUI',100,10.3,353.7,63.2,6.1,0,8.5,0,0,0,0,0,0,0,0,0,0.2,0.4,0,0,0,0,0,0,0,0,0,0,0,0,0,0,0,0),(20,437,'CARACOL DE TIERRA',100,80.6,72.2,13.2,3.5,0,0.6,0,0,0,0,0,0,0,0,0,0,0,0,0,0,0,0,0,0,0,0,0,0,0,0,0,0,0),(21,438,'HIGADO VACUNO COCIDO',100,55.7,161.2,24.3,3.41,0,4.89,1.91,0.65,1.07,389.4,0.45,0,0,10603,10603,0.2,4,10.7,0.91,71.06,216,4.57,22.3,0,7.06,4.52,6.76,20,403.5,235.3,0.06,69.41,6),(21,439,'CORDERO HIGADO COCIDO',100,67.1,220,30.5,2.5,0,8.81,3.4,1.83,1.32,501.2,0.57,0,0,7489,7489,0.2,4,12.1,0.49,76.47,72.9,3.97,3.53,0,8.23,7.07,8.28,0.52,420,221.2,0.02,56.47,7.8),(21,440,'UBRE',100,74,162.2,11.2,1,0,12.6,0,0,0,0,0,0,0,0,0,0,0.1,1.3,0,0,0,0,0,0,17,0,1.3,0,171,144,0,110,0),(21,441,'LENGUA COCIDA',100,56.1,282,22.1,0.3,0,20.7,8.93,9.47,0.78,107,0,0,0,0,0,0,0.3,2.15,0.16,5.91,5,0.52,0.5,0.41,7,0.22,3.39,17.1,141,180,21.2,60,4.8),(21,442,'SESO COCIDO',100,75.7,160,11,0,0,12.5,2.92,2.51,1.45,2054,0.02,0,0,0,0,0,0.1,2.18,0.24,8.6,7.06,0.57,0.94,0,9.41,0.24,2.21,14.12,351.8,240,0.03,120,1.2),(21,443,'POLLO HIGADO COCIDO',100,68.3,156,24.4,0.88,0,5.45,1.84,1.34,0.9,348.9,0.56,0.11,0,4913,4913,0.1,1.7,4.45,0.58,19.4,770,5.41,15.8,1.44,14,0.37,8.5,21,311,140,35.7,51,4.3),(21,444,'VACUNO CRIADILLAS',100,84,65.6,13.1,0.6,0,1.2,0,0,0,0,0,0,0,0,0,0,0,0,0,0,0,0,0,0,7,0,1.6,0,184,255,0,163,0),(21,445,'GUATITA CRUDO',100,81.4,98,14.5,0,0,3.95,2.03,1.31,0.07,95,0.04,0,0,0,0,0,0.1,0.06,0.04,1.54,2,0.56,3.4,0,9,0.09,1.95,8,79,270,0,46,2.4),(21,446,'RINON COCIDO',100,68.8,144,25.5,0.96,0,3.44,1.09,0.74,0.74,386,0,0,0,373,373,0.1,4,6.02,0.52,51.3,98,1.69,0.8,0,17.1,0.68,7.31,18,306,179,0,133,4.2),(21,447,'CORAZON COCIDO',100,0,99.1,16.3,0.24,0,3.17,0.95,0.71,0.78,109,0.01,0,0,0,0,0,0.8,2.31,0.12,8.11,1.1,0.49,0.84,0,3.52,0.42,4.25,14.3,142,132,0,35.7,1.7),(21,448,'POLLO CONTRE COCIDO',100,67.3,146.1,27.1,1.1,0,3.7,1.04,0.93,1.06,194,0,0,0,55.9,55.9,0,0.2,4,0.12,1.94,53.2,0.71,1.6,0,10,0.11,2.9,20,105,240,11.7,65,4.3),(22,449,'JAMON',100,55,273,26.8,0,0,17.6,6.47,7.88,1.68,94,1.59,0.05,0,0,0,0.6,0.3,4.58,0.4,0.68,10,0.62,0.3,0.38,14,0.1,1.02,22,263,352,35.1,60,2.9),(22,450,'JAMON CRUDO',100,44,311.5,20.5,0,0,25.5,10.7,12.6,2.07,93,2.07,0,0,0,0,0,0,0,0,0,0,0,0,0,0,0,0,0,0,0,0,0,0),(22,451,'LONGANIZA',100,37.1,431.2,13.4,7.1,0,38.8,16.4,19.2,3.14,83,3.14,0,0,0,0,0.7,0.2,4.52,0.33,1.73,2,0.72,2,0.32,30,0.14,4.5,17,139,361,15,1293,2.5),(22,452,'MORTADELA',100,57.6,253,15.1,3.6,0,19.8,8.38,9.82,1.6,56,1.6,0,0,0,0,0.1,0.1,2.67,0.13,1.48,3,0.44,26,2,18,0.06,3.1,11,392,225,10,994,2.1),(22,453,'TURIN',100,52.6,299,15.9,3.5,0,24.6,10.4,12.2,1.99,0,1.99,0,0,0,0,0.1,0.1,0,0,0,0,0,0,0,0,0,3.3,0,267,270,0,1215,0),(22,454,'QUESO CABEZA',100,66,204.5,15.8,0,0,15.7,0,0,0,0,0,0,0,0,0,0,0.1,0,0,0,0,0,0,0,0,0,1.5,0,106,0,0,0,0),(22,455,'SALAME',100,32.5,434.7,21.3,2.1,0,37.9,12.2,17.1,3.21,79,0,0,0,0,0,0.6,0.2,4.86,0.5,1.9,2,1.06,26,0.68,8,0.08,1.51,17,245,378,5,1860,3.2),(22,456,'PRIETA',100,77.8,123.7,10.5,1.3,0,8.5,0,0,0,0,0,0,0,0,0,0,0,0,0,0,0,0,0,0,20,0,5.6,0,0,80,0,537,0),(22,457,'VIENESA',100,53.6,321.3,12.5,1,0,29.7,12.5,14.7,2.41,56,0,0,0,0,0,0,0.1,2.64,0.13,1.3,4,0.35,26,0.42,32,0.08,4.7,10,157,214,8.89,989,1.8),(22,458,'VIENESA DE PAVO',100,63,224,14.3,1.49,0,17.7,5.89,5.58,5,86.7,0,0,0,0,0,0,0.1,4.13,0.23,0.28,8,0.72,0,0.39,106,0.1,1.84,14,134,179,13.3,1424,3.1),(22,459,'JAMON PAVO',100,71.4,128,18.9,0.37,0,5.09,1.7,1.15,1.52,56,1.42,0.09,0,0,0,0,0.2,3.53,0.24,0.24,6,0.85,0,0.64,10,0.11,2.75,16,189,325,7.89,995,2.9),(22,460,'CARNE VEGETAL',100,6,290.1,54.9,0,0,0.8,0,0,0,0,0,0,0,0,0,0,0,0,0,0,0,0,0,0,0,0,0,0,0,0,0,0,0),(23,461,'COJINOVA',100,68.2,187.3,17.2,0.6,0,12.9,0,0,0,45.8,0,0,0,0,0,0,0,0,0,0,0,0,0,0,0,0,0,0,0,401,0,61,0),(23,462,'TRUCHA DE CULTIVO',100,73.1,130.8,19.6,0.5,0,5.6,1.61,2.16,1.83,73,0.13,1.02,0,0,0,0,0,0,0,0,0,0,0,0,0,0,0,0,0,433,0,41,0),(23,463,'ATUN ENLATADO EN ACEITE',100,53.2,288,21.9,0.6,0,22,0,0,0,0,0,0,0,0,0,0,0.1,0,0,0,0,0,0,0,9,0,1.7,0,156,212,0,625,0),(23,464,'ATUN ENLATADO EN AGUA',100,71.3,131,29.6,0,0,0.5,0.16,0.14,0.13,18,0,0,0,23,23,0,0.1,12.4,0.38,2.2,4.7,0.37,0,0.28,12,0.01,3.2,29,185,314,72.1,356,0.4),(23,465,'JUREL ENLATADO EN ACEITE',100,54.3,279.8,22,0.7,0,21,7.08,4.77,9.07,73,0.71,8.17,0,0,0,0,0.1,0,0,0,0,0,0,0,19,0,1,0,119,286,0,450,0),(23,466,'SARDINA ENLATADA EN ACEITE',100,50.8,308.6,21.2,0.6,0,24.6,0,0,0,61.3,0,0,0,0,0,0,0.2,0,0,0,0,0,0,0,374,0,3.4,0,294,359,0,443,0),(23,467,'MERO',100,65.1,238.5,12.2,1.3,0,20.5,0,0,0,41.8,0,0,0,0,0,0,0,0,0,0,0,0,0,0,0,0,0,0,0,244,0,64,0),(23,468,'SIERRA',100,65.6,155.9,22.1,6.3,0,4.7,0,0,0,0,0,0,0,0,0,0,0,0,0,0,0,0,0,0,59,0,1.2,0,247,0,0,0,0),(23,469,'SALMON CRUDO',100,0,183,19.9,0,0,10,2.18,3.89,3.92,59,0.59,2,0,0,15.3,0.4,0.1,7.53,0.64,2.8,25.9,0,3.8,0,0,0.05,0.36,28.3,233,364,0,59,0.4),(23,470,'JUREL AL NATURAL',100,66.9,154.9,23.8,0.3,0,6.5,2.19,1.48,2.81,73,0.22,2.53,0,0,0,0,0.2,0,0,0,0,0,0,0,21,0,1.6,0,246,293,0,444,0),(23,471,'SARDINA, ESPANOLA',100,68.4,169.4,17.1,2.3,0,10.2,0,0,0,61.3,0,0,0,0,0,0,0,0,0,0,0,0,0,0,0,0,0,0,0,312,0,129,0),(23,472,'CONGRIO COLORADO',100,80,76.6,15.5,3.2,0,0.2,0,0,0,0,0,0,0,0,0,0.1,0.1,1.4,0,0,0,0,0,0,63,0,1.2,0,173,0,0,0,0),(23,473,'CONGRIO DORADO',100,81.4,72.5,16.5,0.5,0,0.5,0,0,0,34.6,0,0,0,0,0,0,0,0,0,0,0,0,0,0,0,0,0,0,0,254,0,112,0),(23,474,'CONGRIO NEGRO',100,81.4,71,15.8,1.5,0,0.2,0,0,0,0,0,0,0,0,0,0,0,1.5,0,0,0,0,0,0,64,0,1.2,0,187,0,0,0,0),(23,475,'CORVINA',100,74.9,97.3,20.5,2.7,0,0.5,0,0,0,0,0,0,0,0,0,0,0,0,0,0,0,0,0,0,38,0,1.2,0,226,0,0,0,0),(23,476,'JUREL',100,73,122.2,21.9,0.1,0,3.8,1.28,0.86,1.64,39,0.13,1.48,0,0,0,0,0,0,0,0,0,0,0,0,30,0,1.8,0,325,223,0,72,0),(23,477,'LENGUADO',100,78,84.8,18.9,1.4,0,0.4,0.28,0.23,0.33,48.2,0.01,0,0,0,9.41,0,0,2.89,0.28,1.52,8,0.5,1.71,0,40,0.03,1.7,31.8,173,361,0,81.2,0.4),(23,478,'MERLUZA O PESCADA',100,82.2,77,16,0,0,0.95,0.16,0.17,0.29,41.1,0.1,0.17,0,16,16,0,0,2.21,0.11,2,37,0.55,1.2,1.1,27,0.42,0.84,27,256,302,80,58,1.3),(23,479,'PEJEGALLO',100,76.9,89.1,21.3,0.3,0,0.3,0,0,0,37.1,0,0,0,0,0,0,0,0,0,0,0,0,0,0,19,0,2.3,0,184,356,0,120,0),(23,480,'PEJERREY',100,76.1,103.3,16.4,2.9,0,2.9,0,0,0,111.5,0,0,0,0,0,0,0,0,0,0,0,0,0,0,0,0,0,0,0,342,0,112,0),(23,481,'REINETA',100,75.4,105.1,19.3,0.9,0,2.7,0,0,0,0,0,0,0,0,0,0,0,0,0,0,0,0,0,0,45,0,1.2,0,348,199,0,142,0),(23,482,'RONCADOR',100,78.2,88.3,18.2,1.4,0,1.1,0,0,0,0,0,0,0,0,0,0,0,0,0,0,0,0,0,0,31,0,1.9,0,172,0,0,0,0),(23,483,'CAMARON CONGELADO',100,72.6,110.1,23.7,0,0,1.7,0,0,0,0,0,0,0,0,0,0,0,0,0,0,0,0,0,0,25,0,2.1,0,229,121,0,240,0),(23,484,'CARACOL DE MAR',100,73.8,105.8,16,5.5,0,2.2,0,0,0,0,0,0,0,0,0,0,0,0,0,0,0,0,0,0,0,0,0,0,0,0,0,0,0),(23,485,'CHOLGA',100,81.1,74,14.2,2.5,0,0.8,0,0,0,0,0,0,0,0,0,0,0,0.9,0,0,0,0,0,0,73,0,1.2,0,237,0,0,0,0),(23,486,'CHOLGAS EN ACEITE',100,70.8,132.4,21.3,1.9,0,4.4,0,0,0,0,0,0,0,0,0,0,0.2,0.8,0,0,0,0,0,0,65,0,3.3,0,251,89,0,315,0),(23,487,'CHORITOS',100,82.9,72.2,10,4,0,1.8,0.42,0.51,0.61,95,0.02,0.46,0,0,0,0,0,0,0,0,0,0,0,0,26,0.09,3.95,34,197,138,0,137,1.6),(23,488,'CHORITOS CRUDOS',100,80.6,86,11.9,3.69,0,2.24,0.43,0.51,0.61,28,0,0,0,48,48,0.1,0.2,1.6,0.05,12,42,0.5,8,0.67,26,0.09,3.95,34,197,320,54,286,1.6),(23,489,'CHORITO ENLATADOS EN ACEITE',100,76.8,99.5,16,1.9,0,3.1,0,0,0,0,0,0,0,0,0,0,0,0.6,0,0,0,0,0,0,43,0,7.4,0,426,68,0,392,0),(23,490,'JAIVA PROMEDIO',100,72,114.8,18.3,3.8,0,2.9,0,0,0,9.7,0,0,0,0,0,0,0,0,0,0,0,0,0,0,226,0,2.9,0,394,254,0,542,0),(23,491,'NAVAJUELA',100,78.5,80.4,14.2,5,0,0.4,0.15,0.11,0.13,0,0.01,0.11,0,0,0,0,0,0,0,0,0,0,0,0,75,0,4.8,0,233,0,0,0,0),(23,492,'OSTRA',100,82.1,81,9.46,4.96,0,2.3,0.51,0.36,0.89,50,0,0,0,81,81,0,0.2,2.01,0.05,16,10,0.5,8,0.57,8,1.58,5.1,22,162,168,50.4,106,16),(23,493,'OVAS PROMEDIO',100,72.1,33,5.6,2.6,0,1.14,0.25,0.25,0.42,23.67,0.02,0,0,10.12,10.12,0,0,1.07,0,0,0,0,0.36,0,11.24,0,1.6,0,0,0,0,36.09,0),(23,494,'GONADAS, ERIZO',100,73.7,123.1,14.4,4.9,0,5.1,2.28,1.39,1.35,266.2,0.15,0.66,0,0,0,0,0,0,0,0,0,0,0,0,38,0,0.9,0,294,0,0,0,0),(23,495,'ALMEJAS, CONSERVA EN AGUA',100,71.9,120.9,20,2.8,0,3.3,1.46,0.82,1.01,34,0.15,0.78,0,0,0,0,0.2,0.55,0,0,0,0,0,0,62,0,5.2,0,458,220,0,395,0),(23,496,'ALMEJAS',100,81.8,74,12.8,2.56,0,0.97,0.09,0.08,0.28,34,0.06,0.15,0,90,90,0,0.2,1.76,0.06,49.4,16,0.36,13.1,0,46,0.34,14,9,168,313,44,56,1.3),(23,497,'MACHA EN CONSERVA',100,71.5,118,21.3,2.8,0,2.4,0.92,0.67,0.8,0,0.04,0.67,0,0,0,0,0.1,1.2,0,0,0,0,0,0,81,0,12.5,0,258,116,0,332,0),(23,498,'PIURE',100,84.6,56.5,8.8,3.3,0,0.9,0.29,0.35,0.26,61.3,0.04,0.2,0,0,0,0,0,0,0,0,0,0,0,0,57,0,16,0,108,0,0,0,0),(23,499,'LOCO',100,71.1,113,21.7,5.5,0,0.5,0.21,0.16,0.13,0,0.03,0.1,0,0,0,0,0.1,1.7,0,0,0,0,0,0,55,0,0.7,0,147,0,0,0,0),(24,500,'ARVEJA SECA CRUDAS',100,9.6,344.6,22.4,58.8,0,2.2,0.16,0.24,0.5,0,0,0,0,0,0,1.1,0.2,2.89,0.17,0,274,1.76,1.78,0,65,1,4.5,115,306,751,0,6.4,3),(24,501,'ARVEJA, HARINA CRUDA',100,9.6,333.2,23.6,57,0,1.2,0,0,0,0,0,0,0,0,0,0.6,0,0,0,0,0,0,0,0,56,0,33.3,0,302,886,0,28,0),(24,502,'ARVEJA, HARINA PRECOCIDA',100,8.6,344.6,21.1,61,0,1.8,0,0,0,0,0,0,0,0,0,0.1,0,0,0,0,0,0,0,0,49,0,16.8,0,270,738,0,2020,0),(24,503,'CHICHARO',100,12.6,321.7,26.5,52.8,0,0.5,0,0,0,0,0,0,0,0,0,0,0,0,0,0,0,0,0,0,192,0,0,0,395,0,0,0,0),(24,504,'CHICHARO, HARINA CRUDA',100,9.2,341.6,27,56.6,0,0.8,0,0,0,0,0,0,0,0,0,0.2,0,0,0,0,0,0,0,0,86,0,17.1,0,267,827,0,42,0),(24,505,'FREJOL CRUDO',100,13.3,326,20.6,57.3,15.4,1.6,0,0,0,0,0,0,0,0,0,0.4,0.2,2,0,0,0,0,1,0,164,0,7.3,0,325,1165,0,3.1,0),(24,506,'FREJOL, HARINA PRECOCIDO',100,8.9,335.8,18.1,62.7,0,1.4,0,0,0,0,0,0,0,0,0,0.2,0,0,0,0,0,0,0,0,78,0,18.7,0,339,795,0,1961,0),(24,507,'FREJOL COCIDO',100,64.2,139.1,9.72,25,4.86,0.35,0.09,0.03,0.15,0,0.08,0,0,0,0,0.1,0,0.14,0.09,0,81,0.23,0,0,89.94,0.29,3.69,63.13,112.8,560.3,0,6.15,1.3),(24,508,'GARBANZO CRUDO',100,11.5,364,19.3,60.5,19,6.05,0.63,1.36,2.69,0,0,0,7,0,7,0.4,0.2,1.54,0.54,0,556,1.59,4,3.11,105,0.85,6.25,115,366,875,9,24,3.4),(24,509,'GARBANZO, HARINA PRECOCIDO',100,9.4,349.3,16.1,62.9,0,3.7,0,0,0,0,0,0,0,0,0,0.1,0,0,0,0,0,0,0,0,55,0,14.4,0,262,719,0,2047,0),(24,510,'GARBANZO COCIDO',100,60.2,163,8.84,27.4,6.77,2.59,0.27,0.58,1.16,0,0,0,3,0,3,0.1,0,0.53,0.14,0,172,0.29,1.3,1.17,49,0.35,2.89,48,168,291,3.72,7.01,1.5),(24,511,'HABA SECA CRUDA',100,11,341,26.1,58.3,1.6,1.53,0.25,0.3,0.63,0,0,0,5,0,5,0.5,0.3,2.83,0.37,0,423,0.97,1.4,0,103,0.83,6.73,192,421,1062,7.33,13,3.1),(24,512,'LENTEJA CRUDA',100,11.2,338,28.1,56.8,12,0.96,0.14,0.16,0.45,0,0,0,4,0,4,0.4,0.2,2.62,0.54,0,432,1.85,6.2,1.26,51,0.85,9.01,107,454,905,10.9,10,3.6),(24,513,'LENTEJA COCIDA',100,69.6,116,9.04,20.2,5.05,0.38,0.05,0.06,0.18,0,0,0,1,0,1,0.1,0,1.06,0.18,0,180,0.64,1.5,0.59,19,0.25,3.33,36,180,369,3.35,2,1.2),(24,514,'LENTEJA, HARINA CRUDA',100,7.6,340.2,32.8,50,0,1,0,0,0,0,0,0,0,0,0,0.2,0,0,0,0,0,0,0,0,49,0,50.2,0,464,1031,0,21,0),(24,515,'LENTEJA, HARINA PRECOCIDA',100,9.2,338.8,20.9,60.2,0,1.6,0,0,0,0,0,0,0,0,0,0.1,0,0,0,0,0,0,0,0,43,0,15.3,0,259,688,0,1907,0),(25,516,'HUEVO YEMA',100,48.2,365.7,16.5,0.9,0,32.9,16.8,10.5,4.41,1118,4.41,0,0,584,584,0.1,0.6,0.01,0.39,3.11,146,3.81,0,2.57,142,0.02,3.53,8.98,254,101,48,79,3.1),(25,517,'HUEVO CLARA',100,87.4,48.5,10.8,1.1,0,0.1,0.05,0.03,0.01,0,0,0,0,0,0,0,0.4,0.09,0,0.2,2.99,0.12,0,0,6,0.01,0.03,11,12,136,13.3,186,0),(25,518,'HUEVO ENTERO',100,71.6,160,13.5,4,0,10,5.13,3.19,1.34,425,1.14,0.03,0,190,190,0,0.4,0.07,0.14,1,47,1.26,0,0,45,0.01,2,10,178,140,0,185,1.1),(25,519,'HUEVOS DE CODORNIZ',100,74.4,153.5,13,0.41,0,11.1,3.56,4.32,1.32,844,0,0,0,90,90,0.1,0.7,0.16,0.16,1.58,66.3,1.76,0,0,64,0.07,3.66,12.6,226,132,0,141,1.4),(16,520,'CAZUELA',50,72.3,11.15,0.4,0,2.9,1.56,1.21,0.12,0,0.12,0,0,0,0,0.04,0,1.3,0,0,0,0,0,0,20,0,1.1,0,72,273,0,64.5,0,0),(16,521,'GUACHALOMO',50,63.9,11.6,0.1,0,1.9,1.02,0.79,0.08,0,0.08,0,0,0,0,0.03,0.1,2.3,0,0,0,0,0,0,4.5,0,0.75,0,67.5,257.5,0,53.5,0,0),(16,522,'LOMO VETADO',50,68.25,10.9,0.65,0,2.45,1.32,1.02,0.1,0,0.1,0,0,0,0,0.02,0,1.5,0,0,0,0,0,0,4.5,0,1.15,0,47.5,250.5,0,37.5,0,0),(16,523,'PLATEADA',50,67.15,10.15,0.45,0,2.75,1.48,1.14,0.12,0,0.12,0,0,0,0,0.04,0.1,2.1,0,0,0,0,0,0,5.5,0,1.5,0,38.5,268.5,0,38,0,0),(16,524,'ASIENTO PICANA',50,61.55,10.7,1.2,0,1.55,0.8,0.49,0.07,0,0.07,0,0,0,0,0.04,0.1,1.9,0,0,0,0,0,0,5.5,0,0.65,0,67.5,274,0,36.5,0,0),(16,525,'FILETE',50,62.15,10.6,0.55,0,1.95,1.05,0.81,0.08,0,0.08,0,0,0,0,0.05,0.1,2.1,0,0,0,0,0,0,6,0,1.6,0,68,173.5,0,90,0,0),(16,526,'LOMO LISO',50,72.4,11.5,0.3,0,2.8,1.5,1.16,0.12,0,0.12,0,0,0,0,0.05,0.1,2.3,0,0,0,0,0,0,5,0,2.75,0,51.5,261.5,0,36.5,0,0),(16,527,'POLLO GANSO',50,57.85,11.1,0.55,0,1.25,0.67,0.52,0.05,0,0.05,0,0,0,0,0.04,0.1,2.3,0,0,0,0,0,0,5,0,1.85,0,54,268.5,0,38,0,0),(16,528,'POSTA NEGRA',50,64.75,11.8,0.9,0,1.55,0.83,0.64,0.07,0,0.07,0,0,0,0,0.03,0.1,2.7,0,0,0,0,0,0,5.5,0,1.9,0,52.5,261.5,0,43,0,0),(16,529,'POSTA ROSADA',50,63.6,10.6,2.15,0,1.4,0.75,0.58,0.06,0,0.06,0,0,0,0,0.05,0,1.8,0,0,0,0,0,0,5,0,0.3,0,57.5,248,0,46,0,0),(17,530,'CHULETA',50,100.4,9.4,2.65,0,5.8,3.34,2.19,0.14,0,0.14,0,0,0,0,0,0,0,0,0,0,0,0,0,10.5,0,0.3,0,37.5,226,0,71,0,0),(17,531,'CAZUELA',50,75.8,10.3,0.1,0,3.8,2.19,1.43,0.09,0,0.09,0,0,0,0,0,0,0,0,0,0,0,0,0,10,0,0.5,0,58.5,178,0,58,0,0),(17,532,'PULPA',50,71.8,10.2,2.35,0,2.4,1.38,0.9,0.06,0,0.06,0,0,0,0,0,0,0,0,0,0,0,0,0.08,12.5,0.06,1.45,12,62.5,212,0,50.5,0,0),(18,533,'CAZUELA',50,131.9,10.3,2.2,0,9.1,3.85,4.51,0.74,0,0.74,0,0,0,0,0,0,0,0,0,0,0,0,0,10.5,0,0.65,0,53.5,365.5,0,80.5,0,0),(18,534,'CHULETA',50,143.9,10.3,0.6,0,11.1,4.72,5.53,0.9,0,0.9,0,0,0,0,0,0,0,0,0,0,0,0,0,9.5,0,0.55,0,43.5,326,0,66.5,0,0),(18,535,'FILETE',50,64.35,10.7,0.1,0,2.35,0.99,1.17,0.19,0,0.19,0,0,0,0,0,0,0,0,0,0,0,0,0,9,0,0.8,0,47,164,0,29.55,0,0),(18,536,'PULPA',50,65.8,10.6,0.9,0,2.2,0.93,1.09,0.18,0,0.18,0,0,0,0,0,0,0,0,0,0,0,0,0,8,0,0.6,0,49.5,192,0,45.5,0,0),(19,537,'CARNE POLLO COCIDO',50,88,13.65,0,0,3.36,0.92,1.2,0.77,41.45,0,0,0,7.5,7.5,0.02,0,3,0.13,0.11,3,0.37,0,0.25,7,0.03,0.59,10.5,75,90,8.1,35,1,0),(19,538,'POLLO: PECHUGA ASADA',50,98.5,14.9,0,0,3.9,1.1,1.52,0.84,42,0.75,0.05,0,13.5,13.5,0.03,0,6.3,0.28,0.16,2,0.47,0,0.29,7,0.03,0.54,13.5,107,122.5,11.1,35.5,0.52,0),(19,539,'PECHUGA ASADA SIN PIEL',50,82.5,15.5,0,0,1.79,0.51,0.63,0.39,42.5,0.33,0.03,0,3,3,0.04,0,6.8,0.3,0.17,2,0.48,0,0.13,7.5,0.02,0.53,14.5,114,128,13.8,37,0.51,0),(19,540,'MUSLO ASADO',80,197.6,20.08,0,0,12.4,3.47,4.93,2.74,74.4,2.5,0.16,0,38.4,38.4,0.05,0.1,5.1,0.25,0.23,5.6,0.89,0,0.92,9.6,0.06,1.08,17.6,139.2,177.6,19.12,67.2,1.9,0),(19,541,'MUSLO ASADO SIN PIEL',50,104.5,12.95,0,0,5.45,1.52,2.08,1.25,47.5,1.12,0.08,0,10,10,0.04,0.1,3.2,0.18,0.16,4,0.59,0,0.4,6,0.04,0.66,12,91.5,119,14.5,44,1.29,0),(19,542,'ALA ASADA',50,145,13.45,0,0,9.75,2.73,3.83,2.08,42,1.87,0.12,0,23.5,23.5,0.02,0,3.3,0.21,0.15,1.5,0.45,0,0.7,7.5,0.03,0.64,9.5,75.5,92,13.3,41,0.92,0),(19,543,'ALA ASADA SIN PIEL',50,101.5,15.25,0,0,4.07,1.14,1.31,0.9,42.5,0.74,0.08,0,9,9,0.02,0,3.6,0.3,0.17,2,0.5,0,0.27,8,0.03,0.59,10.5,83,105,14.8,46,1.08,0),(19,544,'GALLINA, PIERNA',50,99.55,11.2,0.75,0,5.75,1.75,2.73,1.25,46.5,1.21,0.05,0,7.5,7.5,0,0,0,0,0,0,0,0,0,10.5,0,0.4,0,60,90,0,35,0,0),(19,545,'GALLINA, PECHUGA',50,65.1,11.15,0.85,0,1.9,0.58,0.9,0.41,47,0.4,0.02,0,7.5,7.5,0,0,0,0,0,0,0,0,0,14,0,1.1,0,45.5,90,0,35,0,0),(19,546,'PAVO ROSTIZADO',50,85,14.65,0,0,2.49,0.82,0.52,0.72,37.85,0,0,0,0,0,0.03,0,2.7,0.23,0.19,3.5,0.47,0,0.22,12.5,0.05,0.89,13,106.5,149,12.85,35,1.55,0),(19,547,'PAVO, PIERNA',50,61.25,11,0.6,0,1.65,0.82,0.52,0.72,37.85,0,0,0,0,0,0,0,0,0,0,0,0,0,0,11.5,0,1.1,0,70.5,149,0,35,0,0),(19,548,'PATO COCIDO(sin piel)',40,80.4,9.4,0,0,4.48,1.67,1.48,0.57,35.48,0.52,0.06,0,9.2,9.2,0.1,0.1,2,0.1,0.16,4,0.6,0,0.7,4.8,0.09,1.04,8,81.2,100.8,7.96,25.88,1.04,0),(20,549,'CARNE DE EQUINO CRUDA',50,63.5,10.7,0,0,2.3,0.72,0.81,0.32,25.75,0.14,0,0,0,0,0.07,0,2.3,0.19,1.5,0,0,0.66,0,3.2,0.07,1.92,11.9,110.5,180,0,26.3,1.46,0),(20,550,'CONEJO CRUDO',60,65.22,11.64,0.48,0,1.86,0,0,0,38.4,0,0,0,0,0,0,0,0,0,0,0,0,0,0,9,0,1.07,0,123.6,180,0,22.2,0,0),(20,551,'CONEJO HORNEADO',0,0,0,0,0,0,0,0,0,0,0,0,0,0,0,0,0,0,0,0,0,0,0,0,0,0,0,0,0,0,0,0,0,0),(20,552,'CHARQUI',18,63.67,11.38,1.1,0,1.53,0,0,0,0,0,0,0,0,0,0.04,0,0,0,0,0,0,0,0,0,0,0,0,0,0,0,0,0,0),(20,553,'CARACOL DE TIERRA',90,64.98,11.88,3.15,0,0.54,0,0,0,0,0,0,0,0,0,0,0,0,0,0,0,0,0,0,0,0,0,0,0,0,0,0,0,0),(21,554,'HIGADO VACUNO COCIDO',60,96.72,14.61,2.05,0,2.94,1.14,0.39,0.64,233.6,0.27,0,0,6361,6361,0.12,2.4,6.4,0.54,42.6,129.9,2.74,13.4,0,4.24,2.71,4.06,12,242.1,141.1,0.03,41.65,3.64,0),(21,555,'CORDERO HIGADO COCIDO',60,132,18.35,1.5,0,5.29,2.04,1.1,0.79,300.7,0.34,0,0,4493,4493,0.14,2.4,7.2,0.3,45.8,43.76,2.38,2.12,0,4.94,4.24,4.97,0.31,252,132.7,0.01,33.88,4.73,0),(21,556,'UBRE',60,97.32,6.72,0.6,0,7.56,0,0,0,0,0,0,0,0,0,0.05,0.1,0.7,0,0,0,0,0,0,10.2,0,0.78,0,102.6,86.4,0,66,0,0),(21,557,'LENGUA COCIDA',60,169.2,13.26,0.18,0,12.4,5.36,5.68,0.47,64.2,0,0,0,0,0,0.02,0.2,1.2,0.1,3.55,3,0.31,0.3,0.25,4.2,0.13,2.03,10.2,84.6,108,12.72,36,2.88,0),(21,558,'SESO COCIDO',80,128,8.86,0,0,10,2.33,2,1.16,1643,0.02,0,0,0,0,0.06,0.1,1.7,0.19,6.88,5.65,0.46,0.75,0,7.53,0.19,1.77,11.3,281.4,192,0.02,96,1,0),(21,559,'POLLO HIGADO COCIDO',50,78,12.2,0.44,0,2.73,0.92,0.67,0.45,174.4,0.28,0.06,0,2456,2456,0.08,0.8,2.2,0.29,9.7,385,2.71,7.9,0.72,7,0.19,4.25,10.5,155.5,70,17.85,25.5,2.17,0),(21,560,'VACUNO CRIADILLAS',100,65.6,13.1,0.6,0,1.2,0,0,0,0,0,0,0,0,0,0,0,0,0,0,0,0,0,0,7,0,1.6,0,184,255,0,163,0,0),(21,561,'GUATITA CRUDO',60,58.8,8.7,0,0,2.37,1.22,0.79,0.04,57,0.02,0,0,0,0,0,0.1,0,0.02,0.92,1.2,0.34,2.04,0,5.4,0.05,1.17,4.8,47.4,162,0,27.6,1.48,0),(21,562,'RINON COCIDO',50,72,12.75,0.48,0,1.72,0.55,0.37,0.37,193,0,0,0,186.5,186.5,0.1,2,3,0.26,25.6,49,0.85,0.4,0,8.55,0.34,3.66,9,153,89.5,0,66.5,2.11,0),(21,563,'CORAZON COCIDO',50,49.55,8.15,0.12,0,1.59,0.47,0.35,0.39,54.5,0.01,0,0,0,0,0.04,0.4,1.1,0.06,4.06,0.55,0.25,0.42,0,1.76,0.21,2.13,7.15,71,66,0,17.85,0.89,0),(21,564,'POLLO CONTRE COCIDO',50,73.05,13.55,0.55,0,1.85,0.52,0.47,0.53,97,0,0,0,27.95,27.95,0.01,0.1,2,0.06,0.97,26.6,0.36,0.8,0,5,0.05,1.45,10,52.5,120,5.85,32.5,2.19,0),(22,565,'JAMON',40,109.2,10.72,0,0,7.04,2.59,3.15,0.67,37.6,0.64,0.02,0,0,0,0.26,0.1,1.8,0.16,0.27,4,0.25,0.12,0.15,5.6,0.04,0.41,8.8,105.2,140.8,14.04,24,1.19,0),(22,566,'JAMON CRUDO',30,93.45,6.15,0,0,7.65,3.24,3.79,0.62,27.9,0.62,0,0,0,0,0,0,0,0,0,0,0,0,0,0,0,0,0,0,0,0,0,0,0),(22,567,'LONGANIZA',45,194,6.03,3.2,0,17.4,7.39,8.66,1.41,37.35,1.41,0,0,0,0,0.33,0.1,2,0.15,0.78,0.9,0.32,0.9,0.14,13.5,0.06,2.03,7.65,62.55,162.4,6.75,581.8,1.13,0),(22,568,'MORTADELA',60,151.8,9.06,2.16,0,11.8,5.03,5.89,0.96,33.6,0.96,0,0,0,0,0.07,0,1.6,0.08,0.89,1.8,0.26,15.6,1.2,10.8,0.04,1.86,6.6,235.2,135,6,596.4,1.26,0),(22,569,'TURIN',30,89.7,4.77,1.05,0,7.38,3.12,3.66,0.6,0,0.6,0,0,0,0,0.06,0,0,0,0,0,0,0,0,0,0,0.99,0,80.1,81,0,364.5,0,0),(22,570,'QUESO CABEZA',40,81.8,6.32,0,0,6.28,0,0,0,0,0,0,0,0,0,0.03,0,0,0,0,0,0,0,0,0,0,0.6,0,42.4,0,0,0,0,0),(22,571,'SALAME',20,86.94,4.26,0.42,0,7.58,2.44,3.42,0.64,15.8,0,0,0,0,0,0.12,0,0.9,0.1,0.38,0.4,0.21,5.2,0.14,1.6,0.02,0.3,3.4,49,75.6,1,372,0.65,0),(22,572,'PRIETA',100,123.7,10.5,1.3,0,8.5,0,0,0,0,0,0,0,0,0,0.02,0,0,0,0,0,0,0,0,20,0,5.6,0,0,80,0,537,0,0),(22,573,'VIENESA',40,128.5,5,0.4,0,11.8,5.03,5.89,0.96,22.4,0,0,0,0,0,0.02,0,1,0.05,0.52,1.6,0.14,10.4,0.17,12.8,0.03,1.88,4,62.8,85.6,3.56,395.6,0.74,0),(22,574,'VIENESA DE PAVO',40,89.6,5.72,0.6,0,7.08,2.36,2.23,2,34.68,0,0,0,0,0,0.02,0,1.6,0.09,0.11,3.2,0.29,0,0.16,42.4,0.04,0.74,5.6,53.6,71.6,5.32,569.6,1.24,0),(22,575,'JAMON PAVO',30,38.4,5.67,0.11,0,1.53,0.51,0.35,0.46,16.8,0.43,0.03,0,0,0,0.02,0,1,0.07,0.07,1.8,0.26,0,0.19,3,0.03,0.83,4.8,56.7,97.5,2.37,298.5,0.89,0),(22,576,'CARNE VEGETAL',25,72.54,13.73,0,0,0.2,0,0,0,0,0,0,0,0,0,0,0,0,0,0,0,0,0,0,0,0,0,0,0,0,0,0,0,0),(23,577,'COJINOVA',80,149.8,13.76,0.48,0,10.3,0,0,0,36.64,0,0,0,0,0,0,0,0,0,0,0,0,0,0,0,0,0,0,0,320.8,0,48.8,0,0),(23,578,'TRUCHA DE CULTIVO',80,104.6,15.68,0.4,0,4.48,1.29,1.73,1.46,58.4,0.1,0.82,0,0,0,0,0,0,0,0,0,0,0,0,0,0,0,0,0,346.4,0,32.8,0,0),(23,579,'ATUN ENLATADO EN ACEITE',50,144,10.95,0.3,0,11,0,0,0,0,0,0,0,0,0,0.01,0,0,0,0,0,0,0,0,4.5,0,0.85,0,78,106,0,312.5,0,0),(23,580,'ATUN ENLATADO EN AGUA',60,78.6,17.76,0,0,0.3,0.1,0.09,0.08,10.8,0,0,0,13.8,13.8,0.02,0,7.4,0.23,1.32,2.82,0.22,0,0.17,7.2,0.01,1.92,17.4,111,188.4,43.26,213.6,0.26,0),(23,581,'JUREL ENLATADO EN ACEITE',50,139.9,11,0.35,0,10.5,3.54,2.38,4.54,36.5,0.36,4.08,0,0,0,0.01,0,0,0,0,0,0,0,0,9.5,0,0.5,0,59.5,143,0,225,0,0),(23,582,'SARDINA ENLATADA EN ACEITE',50,154.3,10.6,0.3,0,12.3,0,0,0,30.65,0,0,0,0,0,0.03,0.1,0,0,0,0,0,0,0,187,0,1.7,0,147,179.5,0,221.5,0,0),(23,583,'MERO',80,190.8,9.76,1.04,0,16.4,0,0,0,33.44,0,0,0,0,0,0,0,0,0,0,0,0,0,0,0,0,0,0,0,195.2,0,51.2,0,0),(23,584,'SIERRA',80,124.7,17.68,5.04,0,3.76,0,0,0,0,0,0,0,0,0,0.06,0,0,0,0,0,0,0,0,47.2,0,0.96,0,197.6,0,0,0,0,0),(23,585,'SALMON CRUDO',80,146.4,15.92,0,0,8,1.74,3.11,3.14,47.2,0.47,1.6,0,0,12.24,0.32,0.1,6,0.51,2.24,20.72,0,3.04,0,0,0.04,0.29,22.6,186.4,291.2,0,47.2,0.32,0),(23,586,'JUREL AL NATURAL',60,92.94,14.28,0.18,0,3.9,1.31,0.89,1.68,43.8,0.13,1.52,0,0,0,0.01,0.1,0,0,0,0,0,0,0,12.6,0,0.96,0,147.6,175.8,0,266.4,0,0),(23,587,'SARDINA, ESPANOLA',60,101.6,10.26,1.38,0,6.12,0,0,0,36.78,0,0,0,0,0,0,0,0,0,0,0,0,0,0,0,0,0,0,0,187.2,0,77.4,0,0),(23,588,'CONGRIO COLORADO',80,61.28,12.4,2.56,0,0.16,0,0,0,0,0,0,0,0,0,0.14,0.1,1.1,0,0,0,0,0,0,50.4,0,0.96,0,138.4,0,0,0,0,0),(23,589,'CONGRIO DORADO',80,58,13.2,0.4,0,0.4,0,0,0,27.68,0,0,0,0,0,0,0,0,0,0,0,0,0,0,0,0,0,0,0,203.2,0,89.6,0,0),(23,590,'CONGRIO NEGRO',80,56.8,12.64,1.2,0,0.16,0,0,0,0,0,0,0,0,0,0.05,0,1.2,0,0,0,0,0,0,51.2,0,0.96,0,149.6,0,0,0,0,0),(23,591,'CORVINA',80,77.84,16.4,2.16,0,0.4,0,0,0,0,0,0,0,0,0,0,0,0,0,0,0,0,0,0,30.4,0,0.96,0,180.8,0,0,0,0,0),(23,592,'JUREL',80,97.76,17.52,0.08,0,3.04,1.02,0.69,1.31,31.2,0.1,1.18,0,0,0,0,0,0,0,0,0,0,0,0,24,0,1.44,0,260,178.4,0,57.6,0,0),(23,593,'LENGUADO',80,67.84,15.12,1.12,0,0.32,0.22,0.18,0.26,38.56,0.01,0,0,0,7.53,0.07,0,2.3,0.22,1.22,6.4,0.4,1.37,0,32,0.03,1.36,25.4,138.4,288.8,0,64.96,0.37,0),(23,594,'MERLUZA O PESCADA',80,61.6,12.8,0,0,0.76,0.13,0.14,0.23,32.88,0.08,0.14,0,12.8,12.8,0.06,0,1.7,0.09,1.6,29.6,0.44,0.96,0.88,21.6,0.34,0.67,21.6,204.8,241.6,64,46.4,1.05,0),(23,595,'PEJEGALLO',80,71.28,17.04,0.24,0,0.24,0,0,0,29.68,0,0,0,0,0,0,0,0,0,0,0,0,0,0,15.2,0,1.84,0,147.2,284.8,0,96,0,0),(23,596,'PEJERREY',80,82.64,13.12,2.32,0,2.32,0,0,0,89.2,0,0,0,0,0,0,0,0,0,0,0,0,0,0,0,0,0,0,0,273.6,0,89.6,0,0),(23,597,'REINETA',80,84.08,15.44,0.72,0,2.16,0,0,0,0,0,0,0,0,0,0,0,0,0,0,0,0,0,0,36,0,0.96,0,278.4,159.2,0,113.6,0,0),(23,598,'RONCADOR',80,70.64,14.56,1.12,0,0.88,0,0,0,0,0,0,0,0,0,0,0,0,0,0,0,0,0,0,24.8,0,1.52,0,137.6,0,0,0,0,0),(23,599,'CAMARON CONGELADO',60,66.06,14.22,0,0,1.02,0,0,0,0,0,0,0,0,0,0,0,0,0,0,0,0,0,0,15,0,1.26,0,137.4,72.6,0,144,0,0),(23,600,'CARACOL DE MAR',60,63.48,9.6,3.3,0,1.32,0,0,0,0,0,0,0,0,0,0,0,0,0,0,0,0,0,0,0,0,0,0,0,0,0,0,0,0),(23,601,'CHOLGA',60,44.4,8.52,1.5,0,0.48,0,0,0,0,0,0,0,0,0,0.03,0,0.5,0,0,0,0,0,0,43.8,0,0.72,0,142.2,0,0,0,0,0),(23,602,'CHOLGAS EN ACEITE',60,79.44,12.78,1.14,0,2.64,0,0,0,0,0,0,0,0,0,0,0.1,0.4,0,0,0,0,0,0,39,0,1.98,0,150.6,53.4,0,189,0,0),(23,603,'CHORITOS',60,43.32,6,2.4,0,1.08,0.25,0.31,0.37,57,0.01,0.28,0,0,0,0,0,0,0,0,0,0,0,0,15.6,0.05,2.37,20.4,118.2,82.8,0,82.2,0.96,0),(23,604,'CHORITOS CRUDOS',60,51.6,7.14,2.21,0,1.34,0.26,0.3,0.36,16.8,0,0,0,28.8,28.8,0.1,0.1,0.9,0.03,7.2,25.2,0.3,4.8,0.4,15.6,0.06,2.37,20.4,118.2,192,32.4,171.6,0.96,0),(23,605,'CHORITO ENLATADOS EN ACEITE',60,59.7,9.6,1.14,0,1.86,0,0,0,0,0,0,0,0,0,0,0,0.3,0,0,0,0,0,0,25.8,0,4.44,0,255.6,40.8,0,235.2,0,0),(23,606,'JAIVA PROMEDIO',60,68.88,10.98,2.28,0,1.74,0,0,0,5.82,0,0,0,0,0,0,0,0,0,0,0,0,0,0,135.6,0,1.74,0,236.4,152.4,0,325.2,0,0),(23,607,'NAVAJUELA',60,48.24,8.52,3,0,0.24,0.09,0.07,0.08,0,0,0.07,0,0,0,0,0,0,0,0,0,0,0,0,45,0,2.88,0,139.8,0,0,0,0,0),(23,608,'OSTRA',70,56.7,6.62,3.47,0,1.61,0.36,0.25,0.63,35,0,0,0,56.7,56.7,0.05,0.1,1.4,0.04,11.2,7,0.35,5.6,0.4,5.6,1.11,3.57,15.4,113.4,117.6,35.28,74.2,11.62,0),(23,609,'OVAS PROMEDIO',50,16.5,2.8,1.3,0,0.57,0.13,0.12,0.21,11.84,0.01,0,0,5.06,5.06,0.03,0,0.5,0,0,0,0,0.18,0,5.62,0,0.8,0,0,0,0,18.05,0,0),(23,610,'GONADAS, ERIZO',60,73.86,8.64,2.94,0,3.06,1.37,0.84,0.81,159.7,0.09,0.39,0,0,0,0,0,0,0,0,0,0,0,0,22.8,0,0.54,0,176.4,0,0,0,0,0),(23,611,'ALMEJAS, CONSERVA EN AGUA',60,72.54,12,1.68,0,1.98,0.88,0.49,0.6,20.4,0.09,0.47,0,0,0,0,0.1,0.3,0,0,0,0,0,0,37.2,0,3.12,0,274.8,132,0,237,0,0),(23,612,'ALMEJAS',60,44.4,7.68,1.54,0,0.58,0.06,0.05,0.17,20.4,0.04,0.09,0,54,54,0.05,0.1,1,0.04,29.6,9.6,0.22,7.86,0,27.6,0.21,8.4,5.4,100.8,187.8,26.4,33.6,0.82,0),(23,613,'MACHA EN CONSERVA',50,59,10.65,1.4,0,1.2,0.46,0.34,0.4,0,0.02,0.34,0,0,0,0,0,0.6,0,0,0,0,0,0,40.5,0,6.25,0,129,58,0,166,0,0),(23,614,'PIURE',100,56.5,8.8,3.3,0,0.9,0.29,0.35,0.26,61.3,0.04,0.2,0,0,0,0,0,0,0,0,0,0,0,0,57,0,16,0,108,0,0,0,0,0),(23,615,'LOCO',80,90.4,17.36,4.4,0,0.4,0.17,0.13,0.11,0,0.02,0.08,0,0,0,0.03,0,1.3,0,0,0,0,0,0,44,0,0.56,0,117.6,0,0,0,0,0),(24,616,'ARVEJA SECA CRUDAS',50,172.3,11.2,29.4,0,1.1,0.08,0.12,0.25,0,0,0,0,0,0,0.56,0.1,1.4,0.09,0,137,0.88,0.89,0,32.5,0.5,2.25,57.5,153,375.5,0,3.2,1.5,0),(24,617,'ARVEJA, HARINA CRUDA',53,176.6,12.51,30.2,0,0.64,0,0,0,0,0,0,0,0,0,0.32,0,0,0,0,0,0,0,0,29.68,0,17.6,0,160,469.5,0,14.84,0,0),(24,618,'ARVEJA, HARINA PRECOCIDA',49,168.8,10.34,29.8,0,0.88,0,0,0,0,0,0,0,0,0,0.09,0,0,0,0,0,0,0,0,24.01,0,8.23,0,132.3,361.6,0,989.8,0,0),(24,619,'CHICHARO',57,183.3,15.11,30.1,0,0.29,0,0,0,0,0,0,0,0,0,0,0,0,0,0,0,0,0,0,109.4,0,0,0,225.1,0,0,0,0,0),(24,620,'CHICHARO, HARINA CRUDA',53,181,14.31,30,0,0.42,0,0,0,0,0,0,0,0,0,0.15,0,0,0,0,0,0,0,0,45.58,0,9.06,0,141.5,438.3,0,22.26,0,0),(24,621,'FREJOL CRUDO',50,163,10.3,28.6,7.7,0.8,0,0,0,0,0,0,0,0,0,0.24,0.1,1,0,0,0,0,0.5,0,82,0,3.65,0,162.5,582.5,0,1.55,0,0),(24,622,'FREJOL, HARINA PRECOCIDO',48,161.1,8.69,30.1,0,0.67,0,0,0,0,0,0,0,0,0,0.12,0,0,0,0,0,0,0,0,37.44,0,8.98,0,162.7,381.6,0,941.2,0,0),(24,623,'FREJOL COCIDO',100,139.1,9.72,25,4.86,0.35,0.09,0.03,0.15,0,0.08,0,0,0,0,0.12,0,0.1,0.09,0,81.01,0.23,0,0,89.94,0.29,3.69,63.1,112.8,560.3,0,6.15,1.37,0),(24,624,'GARBANZO CRUDO',50,182,9.65,30.2,9.5,3.03,0.31,0.68,1.35,0,0,0,3.5,0,3.5,0.24,0.1,0.7,0.27,0,278,0.8,2,1.56,52.5,0.42,3.13,57.5,183,437.5,4.5,12,1.72,0),(24,625,'GARBANZO, HARINA PRECOCIDO',48,167.6,7.73,30.1,0,1.78,0,0,0,0,0,0,0,0,0,0.07,0,0,0,0,0,0,0,0,26.4,0,6.91,0,125.7,345.1,0,982.5,0,0),(24,626,'GARBANZO COCIDO',130,211.9,11.49,35.6,8.8,3.37,0.35,0.76,1.51,0,0,0,3.9,0,3.9,0.15,0,0.6,0.18,0,223.6,0.37,1.69,1.52,63.7,0.46,3.76,62.4,218.4,378.3,4.84,9.11,1.99,0),(24,627,'HABA SECA CRUDA',60,204.6,15.66,34.9,0.96,0.92,0.15,0.18,0.38,0,0,0,3,0,3,0.33,0.2,1.7,0.22,0,253.8,0.58,0.84,0,61.8,0.5,4.04,115,252.6,637.2,4.4,7.8,1.88,0),(24,628,'LENTEJA CRUDA',50,169,14.05,28.4,6,0.48,0.07,0.08,0.22,0,0,0,2,0,2,0.24,0.1,1.3,0.27,0,216,0.93,3.1,0.63,25.5,0.43,4.51,53.5,227,452.5,5.45,5,1.81,0),(24,629,'LENTEJA COCIDA',140,162.4,12.66,28.2,7.07,0.53,0.07,0.09,0.25,0,0,0,1.4,0,1.4,0.24,0.1,1.4,0.25,0,252,0.89,2.1,0.82,26.6,0.35,4.66,50.4,252,516.6,4.69,2.8,1.78,0),(24,630,'LENTEJA, HARINA CRUDA',60,204.1,19.68,30,0,0.6,0,0,0,0,0,0,0,0,0,0.15,0,0,0,0,0,0,0,0,29.4,0,30.1,0,278.4,618.6,0,12.6,0,0),(24,631,'LENTEJA, HARINA PRECOCIDA',50,169.4,10.45,30.1,0,0.8,0,0,0,0,0,0,0,0,0,0.09,0,0,0,0,0,0,0,0,21.5,0,7.65,0,129.5,344,0,953.5,0,0),(25,632,'HUEVO YEMA',0,0,0,0,0,0,0,0,0,0,0,0,0,0,0,0,0,0,0,0,0,0,0,0,0,0,0,0,0,0,0,0,0,0),(25,633,'HUEVO CLARA',100,48.5,10.8,1.1,0,0.1,0.05,0.03,0.01,0,0,0,0,0,0,0.01,0.4,0,0,0.2,2.99,0.12,0,0,6,0.01,0.03,11,12,136,13.3,186,0.01,0),(25,634,'HUEVO ENTERO',50,80,6.75,2,0,5,2.57,1.6,0.67,212.5,0.57,0.02,0,95,95,0.04,0.2,0,0.07,0.5,23.5,0.63,0,0,22.5,0.01,1,5,89,70,0,92.5,0.55,0),(25,635,'HUEVOS DE CODORNIZ',25,38.39,3.25,0.1,0,2.78,0.89,1.08,0.33,211,0,0,0,22.5,22.5,0.03,0.2,0,0.04,0.4,16.58,0.44,0,0,16,0.02,0.92,3.15,56.5,33,0,35.25,0.37,0),(26,636,'ACEITE DE MARAVILLA',100,0,897,0,0,0,99.7,11,19.7,69.3,0,69.3,0,0,0,0,0,0,0,0,0,0,0,0,47.7,0,0,0.03,0.183,0,0,0.3,0.092,0),(26,637,'ACEITE DE MAIZ',100,0,897,0,0,0,99.7,13.6,26.1,59.9,0,57.7,2.2,0,0,0,0,0,0,0,0,0,0,0,83,0,0.01,0.01,0,0.92,1.83,0,0,0),(26,638,'ACEITE DE SOJA',100,0,897,0,0,0,99.7,14.7,19.7,57.8,0,56,7,0,0,0,0,0,0,0,0,0,0,0,93.6,0.04,0.4,0.02,0.03,0.25,0,0,0,0.1),(26,639,'ACEITE DE OLIVA',100,0,897,0,0,0,99.7,14.9,70.4,14.7,0,13.9,0.8,0,0,0,0,0,0,0,0,0,0,0,12.6,0.18,0.07,0.38,0.01,1.22,0,0.2,0.04,0),(26,640,'ACEITE DE COLZA',100,0,897,0,0,0,99.7,7.4,65.8,26.7,0,19.4,7.3,0,0,0,0,0,0,0,0,0,0,0,38.1,0,0.13,0.01,0,0,0,0,0,0.1),(26,641,'ACEITE DE CANOLA',100,0,883.9,0,0,0,100,7.11,58.7,29.59,0,20.3,0,0,0,0,0,0,0,0,0,0,0,0,22.9,0,0,0,0,0,0,0,0,0),(27,642,'GRASA ANIMAL',100,0,717,0.85,0.06,0,81.1,50.7,23.4,3.01,219,1.83,0,0,0,754,0,0,0.04,0,0.13,2.8,0.11,0,1.6,23.5,0.02,0.16,2.18,22.8,26,0,826,0),(27,643,'MANTECA DE CERDO CHICHARRONES',100,0,902,0,0,0,99.7,39.2,45.1,11.2,94.6,10.1,0,0,0,0,0,0,0,0,0,0,0,0,1.3,0.07,0.03,0,0.02,2.93,0.02,0,0.01,0.1),(27,644,'MANTECA VEGETAL',100,0,897.3,0,0,0,99.7,22.4,56.6,20.64,0,17.4,3.19,0,0,0,0,0,0,0,0,0,0,0,0,0,0,0,0,0,0,0,0,0),(27,645,'MANTEQUILLA',100,15.5,749.7,0.85,0.06,0,82.9,50.7,23.4,3.01,219,1.83,0,82.8,0,754,0,0,0.04,0,0.13,2.8,0.11,0,1.6,23.5,0.02,0.16,2.18,22.8,26,0,826,0),(27,646,'MARGARINA',100,16.2,716,0.8,0.5,0,80.2,13.8,28.5,34.6,0,0,0,0,993,993,0,0,0.02,0.01,0.08,1.05,0.08,0.14,10.9,26.5,0.17,0,2.31,20.3,37.7,1,1078,0.2),(27,647,'MARGARINA DIET',100,0,539,0.6,0,0,60.8,14.1,26,18.1,0,0,0,0,993,993,0,0,0.16,0.01,0.07,0.83,0.06,0.11,8.23,20.9,0.13,0,1.82,16.1,29.8,0.75,993,0.1),(27,648,'MAYONESA',100,15.3,717,1.1,2.7,0,79.7,11.8,22.7,41.3,59,0,0,0,84.1,84.1,0,0,0.01,0.58,0.25,7.68,0.22,0,58,18,0.28,0.5,1.01,28,34,6,568,0.1),(27,649,'MAYONITA',100,0,336,1.1,8.7,0,33,0,0,0,0,0,0,0,0,0,0,0,0,0,0,0,0,0,0,0,0,0,0,0,0,0,0,0),(27,650,'CREMA NESTLE LA LECHERA',100,68.4,249,2.5,3.6,0,25,16,7.53,1.43,44.68,0.88,0.55,0,0,0,0,0,0,0,0,0,0,0,0,0,0,0,0,0,0,0,0,0),(27,651,'CREMA ESPESA LA LECHERA',100,65.5,268,2.7,4.7,0,26.5,16.9,7.98,1.51,47.36,0.93,0.58,0,0,0,0,0,0,0,0,0,0,0,0,0,0,0,0,0,0,0,0,0),(27,652,'CREMA ACIDA',100,69.68,188,3.09,4.27,0,18,11.2,5.22,0.67,42,0.4,0,21,0,167,0,0.1,0.07,0.02,0.3,11,0.36,0.86,0,112,0.02,0.06,10.7,88.3,139,0,48.7,0.3),(27,653,'CREMA CHANTILLY',100,0,345,2.05,2.79,0,37,23,10.7,1.37,137,0.84,0.54,0,442,442,0,0.1,0.04,0.03,0.18,3.78,0.26,0.58,0.63,64.7,0.01,0.03,7.14,62.6,75.2,0,37.4,0),(27,654,'CREMA SVELTY',100,73.7,194,2.7,4.8,0,18.2,11.6,5.48,1.04,32.52,0.64,0.4,0,0,0,0,0,0,0,0,0,0,0,0,0,0,0,0,0,0,0,0,0),(27,655,'TOCINO',100,0,574,30.5,0.59,0,49.3,17.4,23.7,5.79,85.3,4.92,0.79,0,0,0,0.6,0.2,7.32,0.27,1.75,5,1.05,33.5,0.59,12,0.17,1.61,24,336,486,22,1595,3.2),(27,656,'PATEE',100,42.3,429.2,11.5,1.3,0,42,17.7,20.8,3.4,93,3.4,0,0,0,0,0.1,0.7,3.6,0,0,0,0,0,0,36,0,6,0,225,181,0,446,0),(27,657,'PATEE LA PIARA TERNERA',100,51.4,355,9.8,0,0,35.1,0,0,0,0,0,0,0,0,0,0,0,0,0,0,0,0,0,0,0,0,0,0,0,0,0,0,0),(27,658,'PATEE LA PIARA FOIE',100,47,378,13.5,0,0,36,0,0,0,0,0,0,0,0,0,0,0,0,0,0,0,0,0,0,0,0,0,0,0,0,0,0,0),(27,659,'PATEE LA PIARA JAMON',100,49,370,11.5,0,0,36,0,0,0,0,0,0,0,0,0,0,0,0,0,0,0,0,0,0,0,0,0,0,0,0,0,0,0),(27,660,'PATEE LA PIARA AVE',100,46,410,8,0,0,42,0,0,0,0,0,0,0,0,0,0,0,0,0,0,0,0,0,0,0,0,0,0,0,0,0,0,0),(28,661,'ALMENDRA',100,5,569.3,18,26.9,3.8,43.3,4.96,33.1,10.1,0,11,0,0,0,0,0.2,0,3.36,0.11,0,58.7,0.47,6,21.3,294,0.94,3.66,296,456,914,4.7,11,2.9),(28,662,'ALMENDRAS SALADAS',100,3,587,16.3,24.2,13,51.6,4.89,33.5,10.8,0,10.4,0,0,0,0,0.1,0.6,2.82,0.07,0,63.8,0.25,0.7,21,282,1.22,3.8,304,548,770,4,780,4.9),(28,663,'AVELLANA',100,7.5,590.9,12.4,24.4,3.6,49.3,3.06,39.9,5.47,0,4.19,1.28,0,0,0,0,0,0,0,0,0,0,0,0,0,0,0,0,0,0,0,0,0),(28,664,'MANI',100,1.55,585,23.7,21.5,6.88,49.7,6.92,24.7,15.7,0,15.7,0,0,0,0,0.4,0.1,13.5,0.26,0.26,145,1.4,0,0,54,0.67,2.26,175,358,658,0,6,3.3),(28,665,'MANI SALADO',100,6.39,570,26.2,15.8,5.89,49.6,7.67,22.3,17.2,0,0,0,0,0,0,0.6,0.1,15.9,0.35,0,240,1.77,0,8.36,105,0.9,3.91,188,388,744,4.79,813,2.1),(28,666,'NUEZ',100,4.36,606,24.3,12.1,5,56.6,3.63,12.7,37.5,0,0,5.66,30,0,30,0.2,0.1,0.69,0.55,0,65.5,0.63,3.2,2.52,58,1.02,3.07,202,464,524,17.6,1,3.4),(28,667,'PISTACHO',100,3.87,577,20.5,24.8,10.8,48.4,6.13,32.7,7.31,0,7.02,0,23,0,23,0.8,0.1,1.08,0.25,0,58,1.19,7.2,5.21,134,1.19,6.78,158,502,1093,9.84,6,1.3),(28,668,'ACEITUNA',100,78.2,116,1.4,1.3,2.59,12.7,1.4,9.23,0.769,0,0.62,0,30.8,0,30.8,0,0,0,0.02,0,0.87,0.02,0,1.59,61,0.34,1.6,22,17,55.1,1.08,2400,0),(28,669,'PALTA',100,74.3,161,1.98,7.41,9.6,15.3,2.44,9.6,1.96,0,1.56,0.35,61.2,0,61.2,0.1,0.1,1.92,0.28,0,61.7,0.97,7.91,1.34,11,0.26,1.02,39,41,599,0,10,0.4),(26,670,'ACEITE DE MARAVILLA',5,44.85,0,0,0,4.99,0.55,0.99,3.47,0,3.47,0,0,0,0,0,0,0,0,0,0,0,0,2.39,0,0,0,0.01,0,0,0.02,0,0,0),(26,671,'ACEITE DE MAIZ',20,179.4,0,0,0,19.9,2.72,5.22,11.9,0,11.54,0.44,0,0,0,0,0,0,0,0,0,0,0,16.6,0,0,0,0,0.18,0.37,0,0,0,0),(26,672,'ACEITE DE SOJA',20,179.4,0,0,0,19.9,2.94,3.94,11.5,0,11.2,1.4,0,0,0,0,0,0,0,0,0,0,0,18.7,0.01,0.08,0,0.01,0.05,0,0,0,0.04,0),(26,673,'ACEITE DE OLIVA',20,179.4,0,0,0,19.9,2.98,14,2.94,0,2.78,0.16,0,0,0,0,0,0,0,0,0,0,0,2.52,0.04,0.01,0.08,0,0.24,0,0.04,0.01,0.01,0),(26,674,'ACEITE DE COLZA',20,179.4,0,0,0,19.9,1.48,13.1,5.34,0,3.88,1.46,0,0,0,0,0,0,0,0,0,0,0,7.62,0,0.03,0,0,0,0,0,0,0.04,0),(26,675,'ACEITE DE CANOLA',20,176.7,0,0,0,20,1.42,11.7,5.92,0,4.06,0,0,0,0,0,0,0,0,0,0,0,0,4.58,0,0,0,0,0,0,0,0,0,0),(27,676,'GRASA ANIMAL',25,179.2,0.21,0.02,0,20.2,12.6,5.85,0.75,54.75,0.46,0,0,0,188.5,0,0,0,0,0.03,0.7,0.03,0,0.4,5.88,0,0.04,0.55,5.7,6.5,0,206.5,0,0),(27,677,'MANTECA DE CERDO CHICHARRONES',20,180.4,0,0,0,19.9,7.84,9.02,2.24,18.92,2.04,0,0,0,0,0,0,0,0,0,0,0,0,0.26,0.01,0.01,0,0,0.59,0,0,0,0.02,0),(27,678,'MANTECA VEGETAL',20,179.4,0,0,0,19.9,4.49,11.3,4.13,0,3.49,0.64,0,0,0,0,0,0,0,0,0,0,0,0,0,0,0,0,0,0,0,0,0,0),(27,679,'MANTEQUILLA',24,179.9,0.2,0.01,0,19.9,12.1,5.62,0.72,52.56,0.44,0,19.87,0,180.9,0,0,0,0,0.03,0.67,0.03,0,0.38,5.64,0,0.04,0.52,5.47,6.24,0,198.2,0.01,0),(27,680,'MARGARINA',24,171.8,0.19,0.12,0,19.2,3.31,6.84,8.3,0,0,0,0,238.3,238.3,0,0,0,0,0.02,0.25,0.02,0.03,2.62,6.36,0.04,0,0.55,4.87,9.05,0.24,258.7,0.05,0),(27,681,'MARGARINA DIET',18,97.02,0.11,0,0,10.9,2.54,4.68,3.26,0,0,0,0,178.7,178.7,0,0,0,0,0.01,0.15,0.01,0.02,1.48,3.76,0.02,0,0.33,2.9,5.36,0.14,178.7,0.03,0),(27,682,'MAYONESA',28,200.7,0.31,0.76,0,22.3,3.3,6.36,11.5,16.52,0,0,0,23.55,23.55,0,0,0,0.16,0.07,2.15,0.06,0,16.2,5.04,0.08,0.14,0.28,7.84,9.52,1.68,159,0.04,0),(27,683,'MAYONITA',55,184.8,0.61,4.79,0,18.1,0,0,0,0,0,0,0,0,0,0,0,0,0,0,0,0,0,0,0,0,0,0,0,0,0,0,0,0),(27,684,'CREMA NESTLE LA LECHERA',70,174.3,1.75,2.52,0,17.5,11.2,5.27,1,31.27,0.61,0.39,0,0,0,0,0,0,0,0,0,0,0,0,0,0,0,0,0,0,0,0,0,0),(27,685,'CREMA ESPESA LA LECHERA',70,187.6,1.89,3.29,0,18.5,11.8,5.58,1.06,33.15,0.65,0.41,0,0,0,0,0,0,0,0,0,0,0,0,0,0,0,0,0,0,0,0,0,0),(27,686,'CREMA CHANTILLY',50,172.5,1.03,1.4,0,18.5,11.5,5.35,0.69,68.5,0.42,0.27,0,221,221,0.01,0,0,0.01,0.09,1.89,0.13,0.29,0.32,32.35,0,0.01,3.57,31.3,37.6,0,18.7,0,0),(27,687,'CREMA SVELTY',90,174.6,2.43,4.32,0,16.3,10.4,4.93,0.93,29.27,0.57,0.36,0,0,0,0,0,0,0,0,0,0,0,0,0,0,0,0,0,0,0,0,0,0),(27,688,'TOCINO',30,172.2,9.15,0.18,0,14.7,5.22,7.11,1.74,25.59,1.48,0.24,0,0,0,0.21,0,2.2,0.08,0.53,1.5,0.32,10,0.18,3.6,0.05,0.48,7.2,100.8,145.8,6.6,478.5,0.98,0),(27,689,'PATEE',40,171.6,4.6,0.52,0,16.8,7.11,8.33,1.36,37.2,1.36,0,0,0,0,0.07,0.3,1.4,0,0,0,0,0,0,14.4,0,2.4,0,90,72.4,0,178.4,0,0),(27,690,'PATEE LA PIARA TERNERA',40,142,3.92,0,0,14,0,0,0,0,0,0,0,0,0,0,0,0,0,0,0,0,0,0,0,0,0,0,0,0,0,0,0,0),(27,691,'PATEE LA PIARA FOIE',40,151.2,5.4,0,0,14.4,0,0,0,0,0,0,0,0,0,0,0,0,0,0,0,0,0,0,0,0,0,0,0,0,0,0,0,0),(27,692,'PATEE LA PIARA JAMON',40,148,4.6,0,0,14.4,0,0,0,0,0,0,0,0,0,0,0,0,0,0,0,0,0,0,0,0,0,0,0,0,0,0,0,0),(27,693,'PATEE LA PIARA AVE',40,164,3.2,0,0,16.8,0,0,0,0,0,0,0,0,0,0,0,0,0,0,0,0,0,0,0,0,0,0,0,0,0,0,0,0),(28,694,'ALMENDRA',9,51.24,1.62,2.42,0.34,3.9,0.45,2.98,0.91,0,0.99,0,0,0,0,0.02,0,0.3,0.01,0,5.28,0.04,0.54,1.92,26.46,0.08,0.33,26.6,41.04,82.26,0.42,0.99,0.26,0),(28,695,'ALMENDRAS SALADAS',25,146.7,4.08,6.05,3.25,12.9,1.22,8.38,2.7,0,2.6,0,0,0,0,0.03,0.1,0.7,0.02,0,15.95,0.06,0.18,5.25,70.5,0.31,0.95,76,137,192.5,1,195,1.23,0),(28,696,'AVELLANA',30,177.2,3.72,7.32,1.08,14.7,0.92,11.9,1.64,0,1.26,0.38,0,0,0,0,0,0,0,0,0,0,0,0,0,0,0,0,0,0,0,0,0,0),(28,697,'MANI',30,175.5,7.11,6.45,2.06,14.9,2.08,7.41,4.71,0,4.71,0,0,0,0,0.13,0,4,0.08,0.08,43.5,0.42,0,0,16.2,0.2,0.68,52.5,107.4,197.4,0,1.8,0.99,0),(28,698,'MANI SALADO',30,171,7.86,4.74,1.77,14.8,2.3,6.69,5.16,0,0,0,0,0,0,0.2,0,4.7,0.1,0,72,0.53,0,2.51,31.5,0.27,1.17,56.4,116.4,223.2,1.44,243.9,0.64,0),(28,699,'NUEZ',25,151.5,6.08,3.03,1.25,14.1,0.91,3.18,9.38,0,0,1.42,7.5,0,7.5,0.05,0,0.1,0.14,0,16.38,0.16,0.8,0.63,14.5,0.26,0.77,50.5,116,131,4.4,0.25,0.86,0),(28,700,'PISTACHO',30,173.1,6.15,7.44,3.24,14.5,1.84,9.81,2.19,0,2.11,0,6.9,0,6.9,0.25,0,0.3,0.08,0,17.4,0.36,2.16,1.56,40.2,0.36,2.03,47.4,150.6,327.9,2.95,1.8,0.4,0),(28,701,'ACEITUNA',115,133.4,1.61,1.5,2.98,14.6,1.61,10.6,0.88,0,0.72,0,35.42,0,35.42,0,0,0,0.02,0,1,0.02,0,1.83,70.15,0.39,1.84,25.3,19.55,63.37,1.24,2760,0.08,0),(28,702,'PALTA',90,144.9,1.78,6.67,8.64,13.7,2.2,8.64,1.76,0,1.4,0.32,55.08,0,55.08,0.1,0.1,1.7,0.25,0,55.53,0.87,7.12,1.21,9.9,0.24,0.92,35.1,36.9,539.1,0,9,0.38,0),(29,703,'AZUCAR',100,0,398,0,99.5,0,0,0,0,0,0,0,0,0,0,0,0,0,0,0,0,0,0,0,0,0,0,0,0,0,0,0,0,0),(29,704,'MIEL DE ABEJA',100,20.6,317.6,0.3,79.1,0,0,0,0,0,0,0,0,0,0,0,0,0,0.2,0.02,0,9.44,0.2,3.3,0,29,0.03,0.9,2.06,19,50.7,0.8,5.01,0.1),(29,705,'MIEL DE PALMA',100,35.9,254.4,0,63.6,0,0,0,0,0,0,0,0,0,0,0,0,0,0,0,0,0,0,0,0,0,0,0,0,0,0,0,0,0),(29,706,'MERMELADAS PROMEDIO',100,45.5,214.1,0.46,52.8,0.7,0.1,0,0,0,0,0,0,5,0,5,0,0,0.1,0.02,0,5,0,6,0.21,20.5,0.12,1.16,4,13.2,104.5,1,7.75,0),(29,707,'MEMBRILLO, DULCE DE',100,37.7,245.5,0.4,60.3,0.9,0.3,0,0,0,0,0,0,0,0,0,0,0,0,0,0,0,0,0,0,16,0,3.5,0,9,0,0,0,0),(29,708,'DULCE DE LECHE',100,29.4,308,7.5,56,0,6,3.84,1.81,0.34,10.72,0.21,0.13,0,0,0,0,0,0,0,0,0,0,0,0,0,0,0,0,0,0,0,0,0),(29,709,'MANJAR',100,28,265,0,57,0,6,3.84,1.81,0.34,10.72,0.21,0.13,0,0,0,0,0,0,0,0,0,0,0,0,0,0,0,0,0,0,0,0,0),(29,710,'JALEA POLVO',100,28,272,0.1,70.6,0.6,0.1,0.03,0.03,0.03,0,0,0,1.11,0,1.11,0,0,0.2,0.03,0,11.1,0,3.94,0.09,11.1,0.23,0.07,4,5.56,88.9,2,22.2,0),(29,711,'JUGO POLVO',100,1.1,393.2,0,98.3,0,0,0,0,0,0,0,0,0,0,0,0,0,0,0,0,0,0,0,0,8.5,0,2.5,0,13,9,0,195.5,0),(29,712,'ANDYFRUT',100,85.1,48.8,0,12.2,0,0,0,0,0,0,0,0,0,0,0,0,0,0,0,0,0,0,0,0,10,0,0.3,0,5.6,62,0,55,0),(29,713,'PULPA WATTS',100,85.1,48.8,0,12.2,0,0,0,0,0,0,0,0,0,0,0,0,0,0,0,0,0,0,0,0,10,0,0.3,0,5.6,62,0,55,0),(29,714,'BLISS SPORT',100,94.3,21,0.2,5,0,0,0,0,0,0,0,0,0,0,0,0,0,0,0,0,0,0,0,0,58,0,0,0,30,93,0,56,0),(30,715,'ALFAJOR HUCKE',100,0,526.3,5.5,59.2,0,29.7,0,0,0,0,0,0,0,0,0,0,0,0,0,0,0,0,0,0,0,0,0,0,0,0,0,0,0),(30,716,'BERLIN',100,35.6,306.7,6.2,47.3,0,10.3,0,0,0,0,0,0,0,0,0,0.1,0.1,0,0,0,0,0,0,0,36,0,1.4,0,50,104,0,38,0),(30,717,'BISCOCHO SIMPLE',100,25.2,380.6,4.2,51.8,0.05,17.4,0,0,0,0,0,0,0,0,0,0,0,0,0,0,0,0,0,0,67,0,0.9,0,193,98,0,412,0),(30,718,'BISCOCHO RELLENO',100,26,374.7,3.3,52.8,0.06,16.7,0,0,0,0,0,0,0,0,0,0,0,0,0,0,0,0,0,0,47,0,0.8,0,148,89,0,335,0),(30,719,'CONEJITOS CREMA PASTELERA',100,0,373.8,3.3,52.8,0,16.6,0,0,0,0,0,0,0,0,0,0,0,0,0,0,0,0,0,0,0,0,0,0,0,0,0,0,0),(30,720,'PIE DE LIMON',100,0,285,3.78,39.1,0,12.9,3.18,5.58,3.33,53.54,3.31,0.01,0,44.09,44.09,0.1,0.1,0.95,0.03,0.13,8.66,0.21,3.23,0,11.81,0.04,1,6.3,42.52,65.35,0,241.7,0.2),(30,721,'STRUDEL DE MANZANA',100,0,275,3.24,41.1,0,11.3,2.93,6.17,1.42,0,1.33,0.07,0,0,9.45,0,0,0.33,0,0,0,0,1.69,0,15.5,0.03,0.42,8.45,33.8,0,0,269,0.1),(31,722,'AGUA TONICA',100,89,33.2,0,8.3,0,0,0,0,0,0,0,0,0,0,0,0,0,0,0,0,0,0,0,0,8,0,0.04,0,0.04,2,0,8,0),(31,723,'BILZ',100,91.2,34,0,8.5,0,0,0,0,0,0,0,0,0,0,0,0,0,0,0,0,0,0,0,0,8,0,0.03,0,0.3,3,0,8,0),(31,724,'COCACOLA',100,88.3,41.6,0,10.4,0,0,0,0,0,0,0,0,0,0,0,0,0,0,0,0,0,0,0,0,9,0,0.04,0,9,1,0,8,0),(31,725,'COCO',100,91.5,30.4,0,7.6,0,0,0,0,0,0,0,0,0,0,0,0,0,0,0,0,0,0,0,0,5,0,0.03,0,0.2,2,0,8,0),(31,726,'FANTA',100,87.1,43.2,0,10.8,0,0,0,0,0,0,0,0,0,0,0,0,0,0,0,0,0,0,0,0,7,0,0.03,0,0.2,2,0,6,0),(31,727,'FANTA TONICA',100,90.4,34,0,8.5,0,0,0,0,0,0,0,0,0,0,0,0,0,0,0,0,0,0,0,0,6,0,0.03,0,0.2,2,0,6,0),(31,728,'FRAMBUESA',100,90.9,36.4,0,9.1,0,0,0,0,0,0,0,0,0,0,0,0,0,0,0,0,0,0,0,0,6,0,0.03,0,0.2,2,0,9,0),(31,729,'FRUTILLA',100,89.4,41.2,0,10.3,0,0,0,0,0,0,0,0,0,0,0,0,0,0,0,0,0,0,0,0,6,0,0.03,0,0.1,3,0,7,0),(31,730,'GINGER ALE',100,90.6,35.6,0,8.9,0,0,0,0,0,0,0,0,0,0,0,0,0,0,0,0,0,0,0,0,10,0,0.03,0,0.8,1,0,10,0),(31,731,'GUINDA',100,90.3,34.8,0,8.7,0,0,0,0,0,0,0,0,0,0,0,0,0,0,0,0,0,0,0,0,8,0,0.03,0,0.5,2,0,8,0),(31,732,'KEM',100,91.3,34.4,0,8.6,0,0,0,0,0,0,0,0,0,0,0,0,0,0,0,0,0,0,0,0,5,0,0.01,0,0.2,3,0,10,0),(31,733,'LIMON SODA',100,88,43.2,0,10.8,0,0,0,0,0,0,0,0,0,0,0,0,0,0,0,0,0,0,0,0,14,0,0.03,0,0.8,2,0,8,0),(31,734,'NARANJA',100,88.5,29.6,0,7.4,0,0,0,0,0,0,0,0,0,0,0,0,0,0,0,0,0,0,0,0,11,0,0.03,0,0.6,2,0,9,0),(31,735,'ORANGE CRUSH',100,85.6,56,0,14,0,0,0,0,0,0,0,0,0,0,0,0,0,0,0,0,0,0,0,0,13,0,0.01,0,0.5,6,0,11,0),(31,736,'PAPAYA',100,91.2,34,0,8.5,0,0,0,0,0,0,0,0,0,0,0,0,0,0,0,0,0,0,0,0,9,0,0.05,0,0.2,3,0,7,0),(31,737,'PINA',100,88.4,40.4,0,10.1,0,0,0,0,0,0,0,0,0,0,0,0,0,0,0,0,0,0,0,0,10,0,0.04,0,0.07,1,0,7,0),(31,738,'SPRITE',100,89.2,40.4,0,10.1,0,0,0,0,0,0,0,0,0,0,0,0,0,0,0,0,0,0,0,0,6,0,0.03,0,0.02,2,0,6,0),(31,739,'PROMEDIO BEBIDAS GASEOSAS',100,0,37.79,0,9.45,0,0,0,0,0,0,0,0,0,0,0,0,0,0,0,0,0,0,0,0,8.29,0,0.03,0,0.82,2.29,0,8,0),(31,740,'NECTAR DAMASCO',100,85.1,48.8,0,12.2,0,0,0,0,0,0,0,0,0,0,0,0,0,0,0,0,0,0,0,0,10,0,0.3,0,5.6,62,0,55,0),(31,741,'NECTAR DURAZNO',100,85.3,52,0,13,0,0,0,0,0,0,0,0,0,0,0,0,0,0,0,0,0,0,0,0,9,0,0.2,0,4.5,41,0,67,0),(31,742,'NECTAR MEMBRILLO',100,85.1,50,0,12.5,0,0,0,0,0,0,0,0,0,0,0,0,0,0,0,0,0,0,0,0,10,0,0.2,0,5.6,59,0,60,0),(31,743,'PROMEDIO NECTAR',100,0,50.27,0,12.5,0,0,0,0,0,0,0,0,0,0,0,0,0,0,0,0,0,0,0,0,9.67,0,0.23,0,5.23,54,0,60.67,0),(31,744,'JUGO SUR LARGA VIDA',100,86,56,0,14,0,0,0,0,0,0,0,0,0,0,0,0,0,0,0,0,0,0,0,0,0,0,0,0,0,0,0,0,0),(31,745,'JUGO SUR DIETNARANJA',100,94.6,22,0,5.4,0,0,0,0,0,0,0,0,0,0,0,0,0,0,0,0,0,0,0,0,0,0,0,0,0,0,0,0,0),(31,746,'JUGO SUR DIET DURAZNO',100,96.9,12,0,3.1,0,0,0,0,0,0,0,0,0,0,0,0,0,0,0,0,0,0,0,0,0,0,0,0,0,0,0,0,0),(32,747,'CERVEZA',100,90.7,40,0.3,3.71,0.5,0,0,0,0,0,0,0,0,0,0,0,0,0.45,0.05,0.02,6.01,0.06,0,0,5,0.01,0.03,6.01,12,25,1.25,5,0),(32,748,'VINO BLANCO',100,88.3,68,0.1,0.8,0,0,0,0,0,0,0,0,0,0,0,0,0,0.07,0.01,0,0.2,0.02,0.3,0,8.98,0.02,0.32,10,14,80,0.3,5,0),(32,749,'VINO BLANCO EXPORTACION',100,88.3,74,0.2,1.8,0,0,0,0,0,0,0,0,0,0,0,0,0,0,0,0,0,0,0.4,0,9,0,0.5,0,15,83,0,5,0),(32,750,'VINO TINTO',100,88,72,0.2,1.7,0,0,0,0,0,0,0,0,0,0,0,0,0,0.08,0.03,0.01,2,0.04,0.8,0,8,0.02,0.43,13,14,112,0.5,5,0),(32,751,'VINO TINTO EXPORTACION',100,88,75,0.3,1.9,0,0,0,0,0,0,0,0,0,0,0,0,0,0,0,0,0,0,0.8,0,8,0,0.5,0,16,122,0,5,0),(32,752,'WHISKY, RON VODKA',100,0,263,0,0.02,0,0,0,0,0,0,0,0,0,0,0,0,0,0,0,0,0,0,0,0,0,0,0,0,0,0,0,0,0),(32,753,'LICOR DE MENTA',100,0,370,0,41.6,0,0.3,0.01,0.02,0.17,0,0,0,0,0,0,0,0,0,0,0,0,0,0,0,0,0,0,0,0,0,0,0,0),(32,754,'LICOR DE CAFE',100,0,335,0,46.7,0,0.3,0.11,0.02,0.11,0,0,0,0,0,0,0,0,0,0,0,0,0,0,0,0,0,0,0,0,0,0,0,0),(32,755,'PISCO',100,0,210,0,0,0,0,0,0,0,0,0,0,0,0,0,0,0,0,0,0,0,0,0,0,0,0,0,0,0,0,0,0,0),(32,756,'MARTINI',100,0,223,0,0.3,0,0,0,0,0,0,0,0,0,0,0,0,0,0,0,0,0,0,0,0,0,0,0,2,0,0,0,3,0),(32,757,'CHAMPAGNA',100,0,76.5,0.15,2.1,0,0,0,0,0,0,0,0,0,0,0,0,0,0,0,0,0.15,0,0,0,5.46,0,0.33,8.49,0,0,0,6.13,0),(33,758,'CHOCOLATE AMARGO',100,1,496,6.7,55.3,3.1,34.3,20.8,11.6,1.06,0,0,0,3.52,0,3.52,0,0.1,1.12,0.04,0,49.3,1.18,0,5.92,45.8,0.88,3.66,98.6,211,454,2.08,7.04,3.9),(33,759,'CHOCOLATE/LECHE',100,0.9,518,7.71,57,2.8,32.3,18,10.6,1.06,20,0,0,0,81,81,0,0.3,0.3,0.06,0,0.99,0.7,0,4.93,228,0.39,1.1,57,231,384,3.87,94,1.2),(33,760,'CHOCOLATE EN POLVO',100,1.1,564.3,4.2,57.9,5,35.1,0,0,0,0,0,0,0,0,0,0,1,3,0,0,0,0,0,0,94,0,1.4,0,142,269,0,33,0),(33,761,'TRENCITO',100,1.2,534,7.9,55.5,0,31.2,0,0,0,0,0,0,0,0,0,0,0,0,0,0,0,0,0,0,0,0,0,0,0,0,0,0,0),(33,762,'CHOCOLATE ALMENDRAS',100,1.5,532,9.3,51.4,4.93,35.6,16,15.8,3.52,17,0,0,0,69.7,69.7,0,0.4,0.8,0.07,0,15.5,0.64,0,9.68,229,0.53,1.6,116,272,440,4.23,79.9,1.7),(33,763,'SHANE NUSS ALMENDRAS',100,1.2,558,10.6,48.3,0,35.8,0,0,0,0,0,0,0,0,0,0,0,0,0,0,0,0,0,0,0,0,0,0,0,0,0,0,0),(33,764,'CHOCOLATE/MANI',100,1,542,17.3,35.2,7.04,38,15.7,13.3,7.75,13,0,0,0,53.9,53.9,0.2,0.2,5,0.19,0,56.3,1.76,0,7.22,174,0.7,1.4,123,294,486,5.88,65.8,2.3),(33,765,'CHOCOLATE/CEREAL',100,2,493,7.04,63.4,2.46,24.6,15.5,8.8,0.7,21.1,0,0,0,28.2,28.2,0,0.2,0.35,0.05,0,0.79,0.55,0,3.94,169,0,0.7,45.8,201,352,3.52,162,1),(33,766,'HOLA',100,1.3,529,3.4,62.6,0,29.4,0,0,0,0,0,0,0,0,0,0,0,0,0,0,0,0,0,0,0,0,0,0,0,0,0,0,0),(33,767,'CAPRI FRAMBUESA',100,5.9,480,6.3,64.3,0,22,0,0,0,0,0,0,0,0,0,0,0,0,0,0,0,0,0,0,0,0,0,0,0,0,0,0,0),(33,768,'CAPRI FRUTILLA',100,5.9,472,6.4,62.8,0,21.7,0,0,0,0,0,0,0,0,0,0,0,0,0,0,0,0,0,0,0,0,0,0,0,0,0,0,0),(33,769,'CAPRI GUINDA',100,5.9,472,6.4,62.8,0,21.7,0,0,0,0,0,0,0,0,0,0,0,0,0,0,0,0,0,0,0,0,0,0,0,0,0,0,0),(33,770,'CAPRI MENTA',100,6,462,2.5,64.1,0,21.7,0,0,0,0,0,0,0,0,0,0,0,0,0,0,0,0,0,0,0,0,0,0,0,0,0,0,0),(33,771,'CAPRI NARANJA',100,6.1,471,6.3,62.8,0,21.6,0,0,0,0,0,0,0,0,0,0,0,0,0,0,0,0,0,0,0,0,0,0,0,0,0,0,0),(33,772,'CAPRI TRUFA',100,5.2,494,6.7,58.3,0,26,0,0,0,0,0,0,0,0,0,0,0,0,0,0,0,0,0,0,0,0,0,0,0,0,0,0,0),(33,773,'CAPRI DAMASCO',100,6.5,470,6.3,62.3,0,21.7,0,0,0,0,0,0,0,0,0,0,0,0,0,0,0,0,0,0,0,0,0,0,0,0,0,0,0),(33,774,'CAPRI ALMENDRA',100,1,543,9.1,52.4,0,33,0,0,0,0,0,0,0,0,0,0,0,0,0,0,0,0,0,0,0,0,0,0,0,0,0,0,0),(33,775,'SUPER OCHO',100,1.6,515,6.4,59,0,28.1,0,0,0,0,0,0,0,0,0,0,0,0,0,0,0,0,0,0,0,0,0,0,0,0,0,0,0),(33,776,'BOMBON SHANE NUSS',100,1.8,551,10.9,47,0,35.5,0,0,0,0,0,0,0,0,0,0,0,0,0,0,0,0,0,0,0,0,0,0,0,0,0,0,0),(33,777,'CHOCOLATE LECHE NESTLE',100,1.2,534,7.9,55.5,0,31.2,0,0,0,0,0,0,0,0,0,0,0,0,0,0,0,0,0,0,0,0,0,0,0,0,0,0,0),(33,778,'CHOCOLATE DE LECHE CON ALMENDRAS',100,1.2,558,10.6,48.3,0,35.8,0,0,0,0,0,0,0,0,0,0,0,0,0,0,0,0,0,0,0,0,0,0,0,0,0,0,0),(33,779,'PRESTIGIO',100,6.5,496,4.7,53.7,0,29.1,0,0,0,0,0,0,0,0,0,0,0,0,0,0,0,0,0,0,0,0,0,0,0,0,0,0,0),(33,780,'SMASH',100,6.5,459,4.6,67.1,0,19.1,0,0,0,0,0,0,0,0,0,0,0,0,0,0,0,0,0,0,0,0,0,0,0,0,0,0,0),(33,781,'MILKYBAR',100,6,457,4.4,67.4,0,18.9,0,0,0,0,0,0,0,0,0,0,0,0,0,0,0,0,0,0,0,0,0,0,0,0,0,0,0),(33,782,'QUICK BALLS CHOCO',100,6.67,520,7.67,57.3,0,29,0,0,0,0,0,0,0,0,0,0,0,0,0,0,0,0,0,0,0,0,0,0,0,0,0,0,0),(33,783,'QUICK BALLS FRUTILLA',100,6.67,526.6,7,60.3,0,28.6,0,0,0,0,0,0,0,0,0,0,0,0,0,0,0,0,0,0,0,0,0,0,0,0,0,0,0),(33,784,'PASAS RECUBIERTAS CON CHOCOLATE',100,13,409,5.45,70.1,4.03,17.1,9.52,5.29,0.59,10,0,0,0,44.9,44.9,0.1,0.2,0.53,0.15,0,2.14,0.29,1.07,2.09,129,0.35,1.6,44.9,174,603,7.27,63.6,0.7),(33,785,'CHOCOLARE EN BARRA',100,1.4,545.5,12.6,53.8,0,31.1,0,0,0,0,0,0,0,0,0,0,0,0,0,0,0,0,0,0,0,0,0,0,0,0,0,0,0),(33,786,'SUSTANCIA SIMPLE',100,13.1,349.3,2.1,84.1,0,0.5,0,0,0,0,0,0,0,0,0,0,0,0,0,0,0,0,0,0,24,0,0.9,0,11,9,0,40,0),(33,787,'SUSTANCIA CON GRASA',100,6.1,463.6,4.4,70.1,0,18.4,0,0,0,0,0,0,0,0,0,0,0.1,0,0,0,0,0,0,0,90,0,1.8,0,139,186,0,162,0),(34,788,'LOLLY POP',100,0,81,0,20.2,0,0,0,0,0,0,0,0,0,0,0,0,0,0,0,0,0,0,0,0,0,0,0,0,0,0,0,0,0),(34,789,'PALO RICO',100,0,81,0,20.2,0,0,0,0,0,0,0,0,0,0,0,0,0,0,0,0,0,0,0,0,0,0,0,0,0,0,0,0,0),(34,790,'ESTE OESTE',100,0,81,0,20.2,0,0,0,0,0,0,0,0,0,0,0,0,0,0,0,0,0,0,0,0,0,0,0,0,0,0,0,0,0),(34,791,'CENTELLA',100,0,81,0,20.2,0,0,0,0,0,0,0,0,0,0,0,0,0,0,0,0,0,0,0,0,0,0,0,0,0,0,0,0,0),(34,792,'PINA',100,0,60,0,10.2,0,0,0,0,0,0,0,0,0,0,0,0,0,0,0,0,0,0,0,0,0,0,0,0,0,0,0,0,0),(34,793,'CASSATA BRIK DIET',100,0,50,2.68,8.52,0,0.56,0,0,0,0,0,0,0,0,0,0,0,0,0,0,0,0,0,0,0,0,0,0,0,0,0,0,0),(34,794,'COLA DE TIGRE',100,0,129,2.18,23.3,0,4,0,0,0,0,0,0,0,0,0,0,0,0,0,0,0,0,0,0,0,0,0,0,0,0,0,0,0),(34,795,'CREMINO',100,0,161,3.65,24.5,0,7,0,0,0,0,0,0,0,0,0,0,0,0,0,0,0,0,0,0,0,0,0,0,0,0,0,0,0),(34,796,'CHOCOLITO',100,0,149,1.9,17.8,0,6.7,0,0,0,0,0,0,0,0,0,0,0,0,0,0,0,0,0,0,0,0,0,0,0,0,0,0,0),(34,797,'HOLLIDAY',100,0,90,0.97,18.2,0,1.9,0,0,0,0,0,0,0,0,0,0,0,0,0,0,0,0,0,0,0,0,0,0,0,0,0,0,0),(34,798,'STEREO',100,0,230,3.3,26,0,14.8,0,0,0,0,0,0,0,0,0,0,0,0,0,0,0,0,0,0,0,0,0,0,0,0,0,0,0),(34,799,'CROCANTY',100,0,167,2.02,22.7,0,9.01,0,0,0,0,0,0,0,0,0,0,0,0,0,0,0,0,0,0,0,0,0,0,0,0,0,0,0),(34,800,'EGOCENTRICO',100,0,261,1.42,19.6,0,20.5,0,0,0,0,0,0,0,0,0,0,0,0,0,0,0,0,0,0,0,0,0,0,0,0,0,0,0),(34,801,'FEELING',100,0,210,2.44,20.4,0,12.7,0,0,0,0,0,0,0,0,0,0,0,0,0,0,0,0,0,0,0,0,0,0,0,0,0,0,0),(34,802,'FEELING NUSS',100,0,234,3.58,21.5,0,15.5,0,0,0,0,0,0,0,0,0,0,0,0,0,0,0,0,0,0,0,0,0,0,0,0,0,0,0),(34,803,'CRAZY',100,0,119,0.57,27.3,0,0.82,0,0,0,0,0,0,0,0,0,0,0,0,0,0,0,0,0,0,0,0,0,0,0,0,0,0,0),(34,804,'VASITO',100,0,85,1.52,14.5,0,3.02,0,0,0,0,0,0,0,0,0,0,0,0,0,0,0,0,0,0,0,0,0,0,0,0,0,0,0),(34,805,'CHOMP',100,0,196,2.27,17.1,0,13.5,0,0,0,0,0,0,0,0,0,0,0,0,0,0,0,0,0,0,0,0,0,0,0,0,0,0,0),(34,806,'DANKY 21',100,0,186,2.07,26.1,0,8.19,0,0,0,0,0,0,0,0,0,0,0,0,0,0,0,0,0,0,0,0,0,0,0,0,0,0,0),(34,807,'TORTA NOUGAT',100,0,181,3.05,24.4,0,7.32,0,0,0,0,0,0,0,0,0,0,0,0,0,0,0,0,0,0,0,0,0,0,0,0,0,0,0),(34,808,'CASSATA BRICK',100,0,88,1.64,13.7,0,3.74,0,0,0,0,0,0,0,0,0,0,0,0,0,0,0,0,0,0,0,0,0,0,0,0,0,0,0),(34,809,'CAPRICHO',100,0,83,1.38,13,0,3.44,0,0,0,0,0,0,0,0,0,0,0,0,0,0,0,0,0,0,0,0,0,0,0,0,0,0,0),(34,810,'CHARLOT VAINILLA',100,0,102,1.6,13,0,5.46,0,0,0,0,0,0,0,0,0,0,0,0,0,0,0,0,0,0,0,0,0,0,0,0,0,0,0),(34,811,'CHARLOT LUCUMA',100,0,102,1.42,13.2,0,5.46,0,0,0,0,0,0,0,0,0,0,0,0,0,0,0,0,0,0,0,0,0,0,0,0,0,0,0),(34,812,'MAYFAIR',100,0,83,1.41,14.3,0,3.19,0,0,0,0,0,0,0,0,0,0,0,0,0,0,0,0,0,0,0,0,0,0,0,0,0,0,0),(34,813,'ALMENDRADO',100,0,140,1.34,11.3,0,8.25,0,0,0,0,0,0,0,0,0,0,0,0,0,0,0,0,0,0,0,0,0,0,0,0,0,0,0),(34,814,'VAINILLA',100,0,83,1.51,12.2,0,3.8,0,0,0,0,0,0,0,0,0,0,0,0,0,0,0,0,0,0,0,0,0,0,0,0,0,0,0),(34,815,'FRUTILLA',100,0,85,1.52,14.5,0,3.02,0,0,0,0,0,0,0,0,0,0,0,0,0,0,0,0,0,0,0,0,0,0,0,0,0,0,0),(34,816,'LUCUMA',100,0,81,1.51,12.7,0,3.33,0,0,0,0,0,0,0,0,0,0,0,0,0,0,0,0,0,0,0,0,0,0,0,0,0,0,0),(34,817,'CHOCOLATE',100,0,85,1.65,12.5,0,3.85,0,0,0,0,0,0,0,0,0,0,0,0,0,0,0,0,0,0,0,0,0,0,0,0,0,0,0),(34,818,'CHIRIMOYA',100,0,86,1.52,14.7,0,2.95,0,0,0,0,0,0,0,0,0,0,0,0,0,0,0,0,0,0,0,0,0,0,0,0,0,0,0),(34,819,'PASAS AL RON',100,0,88,1.3,14.3,0,3.35,0,0,0,0,0,0,0,0,0,0,0,0,0,0,0,0,0,0,0,0,0,0,0,0,0,0,0),(34,820,'VAINILLA',100,0,77,1.29,12.5,0,2.93,0,0,0,0,0,0,0,0,0,0,0,0,0,0,0,0,0,0,0,0,0,0,0,0,0,0,0),(34,821,'CHOCOLATE',100,0,82,1.4,13.9,0,2.93,0,0,0,0,0,0,0,0,0,0,0,0,0,0,0,0,0,0,0,0,0,0,0,0,0,0,0),(34,822,'FRUTILLA',100,0,80,1.27,14,0,2.68,0,0,0,0,0,0,0,0,0,0,0,0,0,0,0,0,0,0,0,0,0,0,0,0,0,0,0),(34,823,'CHIRIMOYA',100,0,81,1.2,14,0,2.68,0,0,0,0,0,0,0,0,0,0,0,0,0,0,0,0,0,0,0,0,0,0,0,0,0,0,0),(34,824,'LUCUMA',100,0,79,1.29,13,0,2.93,0,0,0,0,0,0,0,0,0,0,0,0,0,0,0,0,0,0,0,0,0,0,0,0,0,0,0),(34,825,'COCO',100,0,77,1.39,12.5,0,2.92,0,0,0,0,0,0,0,0,0,0,0,0,0,0,0,0,0,0,0,0,0,0,0,0,0,0,0),(34,826,'BRICK',100,0,80,1.32,13.5,0,2.84,0,0,0,0,0,0,0,0,0,0,0,0,0,0,0,0,0,0,0,0,0,0,0,0,0,0,0),(34,827,'RAISIN',100,0,87,1.24,15.4,0,2.8,0,0,0,0,0,0,0,0,0,0,0,0,0,0,0,0,0,0,0,0,0,0,0,0,0,0,0),(34,828,'MANJAR',100,0,77,1.23,12.6,0,2.93,0,0,0,0,0,0,0,0,0,0,0,0,0,0,0,0,0,0,0,0,0,0,0,0,0,0,0),(34,829,'BUDIN',100,2,389.2,0.2,97.1,0,0,0,0,0,0,0,0,0,0,0,0,0,0,0,0,0,0,0,0,10,0,4.5,0,1,12,0,408.5,0),(34,830,'BUDIN CHOCOLATE',100,1.5,396.3,1.6,95,0,1.1,0,0,0,0,0,0,0,0,0,0,0,0,0,0,0,0,0,0,19,0,5,0,78,14,0,7,0),(34,831,'FLAN POLVO',100,0.6,389.6,0,97.4,0,0,0,0,0,0,0,0,0,0,0,0,0,0,0,0,0,0,0,0,11,0,2,0,1,34,0,958,0),(29,832,'AZUCAR',5,19.9,0,4.98,0,0,0,0,0,0,0,0,0,0,0,0,0,0,0,0,0,0,0,0,0,0,0,0,0,0,0,0,0,0),(29,833,'MIEL DE ABEJA',5,15.88,0.02,3.96,0,0,0,0,0,0,0,0,0,0,0,0,0,0,0,0,0.47,0.01,0.17,0,1.45,0,0.05,0.1,0.95,2.54,0.04,0.25,0.01,0),(29,834,'MIEL DE PALMA',6,15.26,0,3.82,0,0,0,0,0,0,0,0,0,0,0,0,0,0,0,0,0,0,0,0,0,0,0,0,0,0,0,0,0,0),(29,835,'MERMELADAS PROMEDIO',10,21.41,0.05,5.28,0.07,0.01,0,0,0,0,0,0,0.5,0,0.5,0,0,0,0,0,0.5,0,0.6,0.02,2.05,0.01,0.12,0.4,1.32,10.45,0.1,0.78,0,0),(29,836,'MEMBRILLO, DULCE DE',10,24.55,0.04,6.03,0.09,0.03,0,0,0,0,0,0,0,0,0,0,0,0,0,0,0,0,0,0,1.6,0,0.35,0,0.9,0,0,0,0,0),(29,837,'DULCE DE LECHE',10,30.8,0.75,5.6,0,0.6,0.38,0.18,0.03,1.07,0.02,0.01,0,0,0,0,0,0,0,0,0,0,0,0,0,0,0,0,0,0,0,0,0,0),(29,838,'MANJAR',10,26.5,0,5.7,0,0.6,0.38,0.18,0.03,1.07,0.02,0.01,0,0,0,0,0,0,0,0,0,0,0,0,0,0,0,0,0,0,0,0,0,0),(29,839,'JALEA POLVO',5,13.6,0.01,3.53,0.03,0.01,0,0,0,0,0,0,0.06,0,0.06,0,0,0,0,0,0.56,0,0.2,0,0.56,0.01,0,0.2,0.28,4.45,0.1,1.11,0,0),(29,840,'JUGO POLVO',5,19.66,0,4.92,0,0,0,0,0,0,0,0,0,0,0,0,0,0,0,0,0,0,0,0,0.43,0,0.13,0,0.65,0.45,0,9.78,0,0),(29,841,'ANDYFRUT',50,24.4,0,6.1,0,0,0,0,0,0,0,0,0,0,0,0,0,0,0,0,0,0,0,0,5,0,0.15,0,2.8,31,0,27.5,0,0),(29,842,'PULPA WATTS',50,24.4,0,6.1,0,0,0,0,0,0,0,0,0,0,0,0,0,0,0,0,0,0,0,0,5,0,0.15,0,2.8,31,0,27.5,0,0),(30,843,'ALFAJOR HUCKE',40,210.5,2.2,23.7,0,11.8,0,0,0,0,0,0,0,0,0,0,0,0,0,0,0,0,0,0,0,0,0,0,0,0,0,0,0,0),(30,844,'BERLIN',50,153.3,3.1,23.6,0,5.15,0,0,0,0,0,0,0,0,0,0.07,0,0,0,0,0,0,0,0,18,0,0.7,0,25,52,0,19,0,0),(30,845,'BISCOCHO SIMPLE',50,190.3,2.1,25.9,0.03,8.7,0,0,0,0,0,0,0,0,0,0.01,0,0,0,0,0,0,0,0,33.5,0,0.45,0,96.5,49,0,206,0,0),(30,846,'BISCOCHO RELLENO',50,187.3,1.65,26.4,0.03,8.35,0,0,0,0,0,0,0,0,0,0.01,0,0,0,0,0,0,0,0,23.5,0,0.4,0,74,44.5,0,167.5,0,0),(30,847,'CONEJITOS CREMA PASTELERA',50,186.9,1.65,26.4,0,8.3,0,0,0,0,0,0,0,0,0,0,0,0,0,0,0,0,0,0,0,0,0,0,0,0,0,0,0,0),(30,848,'PIE DE LIMON',50,142.5,1.89,19.5,0,6.46,1.59,2.79,1.67,26.77,1.65,0,0,22.05,22.05,0.06,0,0.4,0.01,0.06,4.33,0.11,1.61,0,5.91,0.02,0.5,3.15,21.26,32.68,0,120.8,0.14,0),(30,849,'STRUDEL DE MANZANA',50,137.5,1.62,20.5,0,5.65,1.47,3.09,0.71,0,0.67,0.03,0,0,4.73,0.02,0,0.1,0,0,0,0,0.85,0,7.75,0.02,0.21,4.23,16.9,0,0,134.5,0.09,0),(31,850,'AGUA TONICA',50,0,0,0,0,0,0,0,0,0,0,0,0,0,0,0,0,0,0,0,0,0,0,0,0,0,0,0,0,0,0,0,0,0),(31,851,'BILZ',50,0,0,0,0,0,0,0,0,0,0,0,0,0,0,0,0,0,0,0,0,0,0,0,0,0,0,0,0,0,0,0,0,0),(31,852,'COCACOLA',50,0,0,0,0,0,0,0,0,0,0,0,0,0,0,0,0,0,0,0,0,0,0,0,0,0,0,0,0,0,0,0,0,0),(31,853,'COCO',50,0,0,0,0,0,0,0,0,0,0,0,0,0,0,0,0,0,0,0,0,0,0,0,0,0,0,0,0,0,0,0,0,0),(31,854,'FANTA',50,0,0,0,0,0,0,0,0,0,0,0,0,0,0,0,0,0,0,0,0,0,0,0,0,0,0,0,0,0,0,0,0,0),(31,855,'FANTA TONICA',50,0,0,0,0,0,0,0,0,0,0,0,0,0,0,0,0,0,0,0,0,0,0,0,0,0,0,0,0,0,0,0,0,0),(31,856,'FRAMBUESA',50,0,0,0,0,0,0,0,0,0,0,0,0,0,0,0,0,0,0,0,0,0,0,0,0,0,0,0,0,0,0,0,0,0),(31,857,'FRUTILLA',50,0,0,0,0,0,0,0,0,0,0,0,0,0,0,0,0,0,0,0,0,0,0,0,0,0,0,0,0,0,0,0,0,0),(31,858,'GINGER ALE',50,0,0,0,0,0,0,0,0,0,0,0,0,0,0,0,0,0,0,0,0,0,0,0,0,0,0,0,0,0,0,0,0,0),(31,859,'GUINDA',50,0,0,0,0,0,0,0,0,0,0,0,0,0,0,0,0,0,0,0,0,0,0,0,0,0,0,0,0,0,0,0,0,0),(31,860,'KEM',50,0,0,0,0,0,0,0,0,0,0,0,0,0,0,0,0,0,0,0,0,0,0,0,0,0,0,0,0,0,0,0,0,0),(31,861,'LIMON SODA',50,0,0,0,0,0,0,0,0,0,0,0,0,0,0,0,0,0,0,0,0,0,0,0,0,0,0,0,0,0,0,0,0,0),(31,862,'NARANJA',50,0,0,0,0,0,0,0,0,0,0,0,0,0,0,0,0,0,0,0,0,0,0,0,0,0,0,0,0,0,0,0,0,0),(31,863,'ORANGE CRUSH',50,0,0,0,0,0,0,0,0,0,0,0,0,0,0,0,0,0,0,0,0,0,0,0,0,0,0,0,0,0,0,0,0,0),(31,864,'PAPAYA',60,0,0,0,0,0,0,0,0,0,0,0,0,0,0,0,0,0,0,0,0,0,0,0,0,0,0,0,0,0,0,0,0,0),(31,865,'PINA',50,0,0,0,0,0,0,0,0,0,0,0,0,0,0,0,0,0,0,0,0,0,0,0,0,0,0,0,0,0,0,0,0,0),(31,866,'SPRITE',50,0,0,0,0,0,0,0,0,0,0,0,0,0,0,0,0,0,0,0,0,0,0,0,0,0,0,0,0,0,0,0,0,0),(31,867,'PROMEDIO BEBIDAS GASEOSAS',50,0,0,0,0,0,0,0,0,0,0,0,0,0,0,0,0,0,0,0,0,0,0,0,0,0,0,0,0,0,0,0,0,0),(31,868,'NECTAR DAMASCO',50,0,0,0,0,0,0,0,0,0,0,0,0,0,0,0,0,0,0,0,0,0,0,0,0,0,0,0,0,0,0,0,0,0),(31,869,'NECTAR DURAZNO',50,0,0,0,0,0,0,0,0,0,0,0,0,0,0,0,0,0,0,0,0,0,0,0,0,0,0,0,0,0,0,0,0,0),(31,870,'NECTAR MEMBRILLO',50,0,0,0,0,0,0,0,0,0,0,0,0,0,0,0,0,0,0,0,0,0,0,0,0,0,0,0,0,0,0,0,0,0),(31,871,'PROMEDIO NECTAR',50,0,0,0,0,0,0,0,0,0,0,0,0,0,0,0,0,0,0,0,0,0,0,0,0,0,0,0,0,0,0,0,0,0),(31,872,'JUGO SUR LARGA VIDA',50,0,0,0,0,0,0,0,0,0,0,0,0,0,0,0,0,0,0,0,0,0,0,0,0,0,0,0,0,0,0,0,0,0),(31,873,'JUGO SUR DIETNARANJA',100,0,0,0,0,0,0,0,0,0,0,0,0,0,0,0,0,0,0,0,0,0,0,0,0,0,0,0,0,0,0,0,0,0),(31,874,'JUGO SUR DIET DURAZNO',150,0,0,0,0,0,0,0,0,0,0,0,0,0,0,0,0,0,0,0,0,0,0,0,0,0,0,0,0,0,0,0,0,0),(32,875,'CERVEZA',300,120,0.9,11.1,1.5,0,0,0,0,0,0,0,0,0,0,0.02,0,1.3,0.15,0.06,18.03,0.17,0,0,15,0.03,0.09,18,36,75,3.75,15,0.06,0),(32,876,'VINO BLANCO',180,122.4,0.18,1.44,0,0,0,0,0,0,0,0,0,0,0,0.01,0,0.1,0.03,0,0.36,0.04,0.54,0,16.16,0.04,0.58,18,25.2,144,0.53,9,0.13,0),(32,877,'VINO BLANCO EXPORTACION',180,133.2,0.36,3.24,0,0,0,0,0,0,0,0,0,0,0,0,0,0,0,0,0,0,0.72,0,16.2,0,0.9,0,27,149.4,0,9,0,0),(32,878,'VINO TINTO',180,129.6,0.36,3.06,0,0,0,0,0,0,0,0,0,0,0,0.01,0,0.1,0.06,0.02,3.6,0.06,1.44,0,14.4,0.04,0.77,23.4,25.2,201.6,0.9,9,0.16,0),(32,879,'VINO TINTO EXPORTACION',180,135,0.54,3.42,0,0,0,0,0,0,0,0,0,0,0,0,0,0,0,0,0,0,1.44,0,14.4,0,0.9,0,28.8,219.6,0,9,0,0),(32,880,'WHISKY, RON VODKA',50,131.5,0,0.01,0,0,0,0,0,0,0,0,0,0,0,0,0,0,0,0,0,0,0,0,0,0,0,0,0,0,0,0,0,0),(32,881,'LICOR DE MENTA',40,148,0,16.6,0,0.12,0.01,0.01,0.07,0,0,0,0,0,0,0,0,0,0,0,0,0,0,0,0,0,0,0,0,0,0,0,0,0),(32,882,'LICOR DE CAFE',40,134,0,18.6,0,0.12,0.04,0.01,0.04,0,0,0,0,0,0,0,0,0,0,0,0,0,0,0,0,0,0,0,0,0,0,0,0,0),(32,883,'PISCO',60,126,0,0,0,0,0,0,0,0,0,0,0,0,0,0,0,0,0,0,0,0,0,0,0,0,0,0,0,0,0,0,0,0),(32,884,'MARTINI',60,133.8,0,0.18,0,0,0,0,0,0,0,0,0,0,0,0,0,0,0,0,0,0,0,0,0,0,0,1.2,0,0,0,1.8,0,0),(32,885,'CHAMPAGNA',180,0.27,3.78,0,0,0,0,0,0,0,0,0,0,0,0,0,0,0,0,0.27,0,0,0,9.83,0,0.59,15.2,0,0,0,11.03,0.17,0.17,0),(33,886,'CHOCOLATE AMARGO',35,173.6,2.35,19.3,1.09,12,7.28,4.06,0.37,0,0,0,1.23,0,1.23,0.02,0,0.3,0.01,0,17.26,0.06,0,2.07,16.03,0.31,1.28,34.5,73.85,158.9,0.73,2.46,1.39,0),(33,887,'CHOCOLATE/LECHE',35,181.3,2.7,19.9,0.98,11.3,6.3,3.71,0.37,7,0,0,0,28.35,28.35,0.02,0.1,0.1,0.02,0,0.35,0.24,0,1.73,79.8,0.14,0.39,19.9,80.85,134.4,1.35,32.9,0.45,0),(33,888,'CHOCOLATE EN POLVO',10,56.43,0.42,5.79,0.5,3.51,0,0,0,0,0,0,0,0,0,0,0.1,0.3,0,0,0,0,0,0,9.4,0,0.14,0,14.2,26.9,0,3.3,0,0),(33,889,'TRENCITO',35,186.9,2.77,19.4,0,10.9,0,0,0,0,0,0,0,0,0,0,0,0,0,0,0,0,0,0,0,0,0,0,0,0,0,0,0,0),(33,890,'CHOCOLATE ALMENDRAS',35,186.2,3.26,17.9,1.73,12.4,5.6,5.53,1.23,5.95,0,0,0,24.4,24.4,0.03,0.1,0.2,0.02,0,5.43,0.22,0,3.39,80.15,0.18,0.56,40.6,95.2,154,1.48,27.97,0.6,0),(33,891,'SHANE NUSS ALMENDRAS',35,195.3,3.71,16.9,0,12.5,0,0,0,0,0,0,0,0,0,0,0,0,0,0,0,0,0,0,0,0,0,0,0,0,0,0,0,0),(33,892,'CHOCOLATE/MANI',36,195.1,6.23,12.6,2.53,13.6,5.65,4.79,2.79,4.68,0,0,0,19.4,19.4,0.09,0,1.8,0.07,0,20.27,0.63,0,2.6,62.64,0.25,0.5,44.2,105.8,174.9,2.12,23.69,0.86,0),(33,893,'CHOCOLATE/CEREAL',35,172.5,2.46,22.1,0.86,8.61,5.43,3.08,0.25,7.39,0,0,0,9.87,9.87,0.01,0.1,0.1,0.02,0,0.28,0.19,0,1.38,59.15,0,0.25,16,70.35,123.2,1.23,56.7,0.36,0),(33,894,'HOLA',30,158.7,1.02,18.7,0,8.82,0,0,0,0,0,0,0,0,0,0,0,0,0,0,0,0,0,0,0,0,0,0,0,0,0,0,0,0),(33,895,'CAPRI FRAMBUESA',40,192,2.52,25.7,0,8.8,0,0,0,0,0,0,0,0,0,0,0,0,0,0,0,0,0,0,0,0,0,0,0,0,0,0,0,0),(33,896,'CAPRI FRUTILLA',40,188.8,2.56,25.1,0,8.68,0,0,0,0,0,0,0,0,0,0,0,0,0,0,0,0,0,0,0,0,0,0,0,0,0,0,0,0),(33,897,'CAPRI GUINDA',40,188.8,2.56,25.1,0,8.68,0,0,0,0,0,0,0,0,0,0,0,0,0,0,0,0,0,0,0,0,0,0,0,0,0,0,0,0),(33,898,'CAPRI MENTA',40,184.8,1,25.6,0,8.68,0,0,0,0,0,0,0,0,0,0,0,0,0,0,0,0,0,0,0,0,0,0,0,0,0,0,0,0),(33,899,'CAPRI NARANJA',40,188.4,2.52,25.1,0,8.64,0,0,0,0,0,0,0,0,0,0,0,0,0,0,0,0,0,0,0,0,0,0,0,0,0,0,0,0),(33,900,'CAPRI TRUFA',40,197.6,2.68,23.3,0,10.4,0,0,0,0,0,0,0,0,0,0,0,0,0,0,0,0,0,0,0,0,0,0,0,0,0,0,0,0),(33,901,'CAPRI DAMASCO',40,188,2.52,24.9,0,8.68,0,0,0,0,0,0,0,0,0,0,0,0,0,0,0,0,0,0,0,0,0,0,0,0,0,0,0,0),(33,902,'CAPRI ALMENDRA',40,217.2,3.64,20.9,0,13.2,0,0,0,0,0,0,0,0,0,0,0,0,0,0,0,0,0,0,0,0,0,0,0,0,0,0,0,0),(33,903,'SUPER OCHO',25,128.7,1.6,14.7,0,7.03,0,0,0,0,0,0,0,0,0,0,0,0,0,0,0,0,0,0,0,0,0,0,0,0,0,0,0,0),(33,904,'BOMBON SHANE NUSS',50,275.5,5.45,23.5,0,17.7,0,0,0,0,0,0,0,0,0,0,0,0,0,0,0,0,0,0,0,0,0,0,0,0,0,0,0,0),(33,905,'CHOCOLATE LECHE NESTLE',35,186.9,2.77,19.4,0,10.9,0,0,0,0,0,0,0,0,0,0,0,0,0,0,0,0,0,0,0,0,0,0,0,0,0,0,0,0),(33,906,'CHOCOLATE DE LECHE CON ALMENDRAS',35,195.3,3.71,16.9,0,12.5,0,0,0,0,0,0,0,0,0,0,0,0,0,0,0,0,0,0,0,0,0,0,0,0,0,0,0,0),(33,907,'PRESTIGIO',35,173.6,1.65,18.8,0,10.1,0,0,0,0,0,0,0,0,0,0,0,0,0,0,0,0,0,0,0,0,0,0,0,0,0,0,0,0),(33,908,'SMASH',35,160.6,1.61,23.4,0,6.69,0,0,0,0,0,0,0,0,0,0,0,0,0,0,0,0,0,0,0,0,0,0,0,0,0,0,0,0),(33,909,'MILKYBAR',25,114.2,1.1,16.8,0,4.73,0,0,0,0,0,0,0,0,0,0,0,0,0,0,0,0,0,0,0,0,0,0,0,0,0,0,0,0),(33,910,'QUICK BALLS CHOCO',30,156,2.3,17.2,0,8.7,0,0,0,0,0,0,0,0,0,0,0,0,0,0,0,0,0,0,0,0,0,0,0,0,0,0,0,0),(33,911,'QUICK BALLS FRUTILLA',30,158,2.1,18.1,0,8.6,0,0,0,0,0,0,0,0,0,0,0,0,0,0,0,0,0,0,0,0,0,0,0,0,0,0,0,0),(33,912,'PASAS RECUBIERTAS CON CHOCOLATE',40,163.6,2.18,28,1.61,6.84,0,0,0,0,0,0,0,0,0,0,0,0,0,0,0,0,0,0,0,0,0,0,0,0,0,0,0,0),(33,913,'CHOCOLARE EN BARRA',40,218.2,5.04,21.5,0,12.4,0,0,0,0,0,0,0,0,0,0,0,0,0,0,0,0,0,0,0,0,0,0,0,0,0,0,0,0),(33,914,'SUSTANCIA SIMPLE',30,104.7,0.63,25.2,0,0.15,0,0,0,0,0,0,0,0,0,0,0,0,0,0,0,0,0,0,7.2,0,0.27,0,3.3,2.7,0,12,0,0),(33,915,'SUSTANCIA CON GRASA',30,139,1.32,21,0,5.52,0,0,0,0,0,0,0,0,0,0.01,0,0,0,0,0,0,0,0,27,0,0.54,0,41.7,55.8,0,48.6,0,0),(34,916,'LOLLY POP',25,20.25,0,5.05,0,0,0,0,0,0,0,0,0,0,0,0,0,0,0,0,0,0,0,0,0,0,0,0,0,0,0,0,0,0),(34,917,'PALO RICO',25,20.25,0,5.05,0,0,0,0,0,0,0,0,0,0,0,0,0,0,0,0,0,0,0,0,0,0,0,0,0,0,0,0,0,0),(34,918,'ESTE OESTE',25,20.25,0,5.05,0,0,0,0,0,0,0,0,0,0,0,0,0,0,0,0,0,0,0,0,0,0,0,0,0,0,0,0,0,0),(34,919,'CENTELLA',25,20.25,0,5.05,0,0,0,0,0,0,0,0,0,0,0,0,0,0,0,0,0,0,0,0,0,0,0,0,0,0,0,0,0,0),(34,920,'PINA',35,21,0,3.6,0,0,0,0,0,0,0,0,0,0,0,0,0,0,0,0,0,0,0,0,0,0,0,0,0,0,0,0,0,0),(34,921,'CASSATA BRIK DIET',60,30,1.61,5.11,0,0.34,0,0,0,0,0,0,0,0,0,0,0,0,0,0,0,0,0,0,0,0,0,0,0,0,0,0,0,0),(34,922,'COLA DE TIGRE',80,103.2,1.74,18.7,0,3.2,0,0,0,0,0,0,0,0,0,0,0,0,0,0,0,0,0,0,0,0,0,0,0,0,0,0,0,0),(34,923,'CREMINO',85,136.8,3.1,20.9,0,5.95,0,0,0,0,0,0,0,0,0,0,0,0,0,0,0,0,0,0,0,0,0,0,0,0,0,0,0,0),(34,924,'CHOCOLITO',85,126.6,1.62,15.1,0,5.7,0,0,0,0,0,0,0,0,0,0,0,0,0,0,0,0,0,0,0,0,0,0,0,0,0,0,0,0),(34,925,'HOLLIDAY',90,81,0.87,16.4,0,1.71,0,0,0,0,0,0,0,0,0,0,0,0,0,0,0,0,0,0,0,0,0,0,0,0,0,0,0,0),(34,926,'STEREO',85,195.5,2.81,22.1,0,12.5,0,0,0,0,0,0,0,0,0,0,0,0,0,0,0,0,0,0,0,0,0,0,0,0,0,0,0,0),(34,927,'CROCANTY',90,150.3,1.82,20.4,0,8.11,0,0,0,0,0,0,0,0,0,0,0,0,0,0,0,0,0,0,0,0,0,0,0,0,0,0,0,0),(34,928,'EGOCENTRICO',85,221.8,1.21,16.7,0,17.4,0,0,0,0,0,0,0,0,0,0,0,0,0,0,0,0,0,0,0,0,0,0,0,0,0,0,0,0),(34,929,'FEELING',120,252,2.93,24.5,0,15.3,0,0,0,0,0,0,0,0,0,0,0,0,0,0,0,0,0,0,0,0,0,0,0,0,0,0,0,0),(34,930,'FEELING NUSS',120,280.8,4.3,25.9,0,18.6,0,0,0,0,0,0,0,0,0,0,0,0,0,0,0,0,0,0,0,0,0,0,0,0,0,0,0,0),(34,931,'CRAZY',75,89.25,0.43,20.5,0,0.62,0,0,0,0,0,0,0,0,0,0,0,0,0,0,0,0,0,0,0,0,0,0,0,0,0,0,0,0),(34,932,'VASITO',140,119,2.13,20.3,0,4.23,0,0,0,0,0,0,0,0,0,0,0,0,0,0,0,0,0,0,0,0,0,0,0,0,0,0,0,0),(34,933,'CHOMP',120,235.2,2.72,20.5,0,16.3,0,0,0,0,0,0,0,0,0,0,0,0,0,0,0,0,0,0,0,0,0,0,0,0,0,0,0,0),(34,934,'DANKY 21',70,130.2,1.45,18.2,0,5.73,0,0,0,0,0,0,0,0,0,0,0,0,0,0,0,0,0,0,0,0,0,0,0,0,0,0,0,0),(34,935,'TORTA NOUGAT',100,181,3.05,24.4,0,7.32,0,0,0,0,0,0,0,0,0,0,0,0,0,0,0,0,0,0,0,0,0,0,0,0,0,0,0,0),(34,936,'CASSATA BRICK',140,123.2,2.3,19.2,0,5.24,0,0,0,0,0,0,0,0,0,0,0,0,0,0,0,0,0,0,0,0,0,0,0,0,0,0,0,0),(34,937,'CAPRICHO',140,116.2,1.93,18.3,0,4.82,0,0,0,0,0,0,0,0,0,0,0,0,0,0,0,0,0,0,0,0,0,0,0,0,0,0,0,0),(34,938,'CHARLOT VAINILLA',140,142.8,2.24,18.2,0,7.64,0,0,0,0,0,0,0,0,0,0,0,0,0,0,0,0,0,0,0,0,0,0,0,0,0,0,0,0),(34,939,'CHARLOT LUCUMA',140,142.8,1.99,18.5,0,7.64,0,0,0,0,0,0,0,0,0,0,0,0,0,0,0,0,0,0,0,0,0,0,0,0,0,0,0,0),(34,940,'MAYFAIR',140,116.2,1.97,20,0,4.47,0,0,0,0,0,0,0,0,0,0,0,0,0,0,0,0,0,0,0,0,0,0,0,0,0,0,0,0),(34,941,'ALMENDRADO',140,196,1.88,15.9,0,11.5,0,0,0,0,0,0,0,0,0,0,0,0,0,0,0,0,0,0,0,0,0,0,0,0,0,0,0,0),(34,942,'VAINILLA',140,116.2,2.11,17.2,0,5.32,0,0,0,0,0,0,0,0,0,0,0,0,0,0,0,0,0,0,0,0,0,0,0,0,0,0,0,0),(34,943,'FRUTILLA',140,119,2.13,20.3,0,4.23,0,0,0,0,0,0,0,0,0,0,0,0,0,0,0,0,0,0,0,0,0,0,0,0,0,0,0,0),(34,944,'LUCUMA',140,113.4,2.11,17.8,0,4.66,0,0,0,0,0,0,0,0,0,0,0,0,0,0,0,0,0,0,0,0,0,0,0,0,0,0,0,0),(34,945,'CHOCOLATE',140,119,2.31,17.5,0,5.39,0,0,0,0,0,0,0,0,0,0,0,0,0,0,0,0,0,0,0,0,0,0,0,0,0,0,0,0),(34,946,'CHIRIMOYA',140,120.4,2.13,20.6,0,4.13,0,0,0,0,0,0,0,0,0,0,0,0,0,0,0,0,0,0,0,0,0,0,0,0,0,0,0,0),(34,947,'PASAS AL RON',140,123.2,1.82,20,0,4.69,0,0,0,0,0,0,0,0,0,0,0,0,0,0,0,0,0,0,0,0,0,0,0,0,0,0,0,0),(34,948,'VAINILLA',140,107.8,1.81,17.5,0,4.1,0,0,0,0,0,0,0,0,0,0,0,0,0,0,0,0,0,0,0,0,0,0,0,0,0,0,0,0),(34,949,'CHOCOLATE',140,114.8,1.96,19.4,0,4.1,0,0,0,0,0,0,0,0,0,0,0,0,0,0,0,0,0,0,0,0,0,0,0,0,0,0,0,0),(34,950,'FRUTILLA',140,112,1.78,19.6,0,3.75,0,0,0,0,0,0,0,0,0,0,0,0,0,0,0,0,0,0,0,0,0,0,0,0,0,0,0,0),(34,951,'CHIRIMOYA',140,113.4,1.68,19.7,0,3.75,0,0,0,0,0,0,0,0,0,0,0,0,0,0,0,0,0,0,0,0,0,0,0,0,0,0,0,0),(34,952,'LUCUMA',140,110.6,1.81,18.2,0,4.1,0,0,0,0,0,0,0,0,0,0,0,0,0,0,0,0,0,0,0,0,0,0,0,0,0,0,0,0),(34,953,'COCO',140,107.8,1.95,17.5,0,4.09,0,0,0,0,0,0,0,0,0,0,0,0,0,0,0,0,0,0,0,0,0,0,0,0,0,0,0,0),(34,954,'BRICK',140,112,1.85,18.9,0,3.98,0,0,0,0,0,0,0,0,0,0,0,0,0,0,0,0,0,0,0,0,0,0,0,0,0,0,0,0),(34,955,'RAISIN',140,121.8,1.74,21.5,0,3.92,0,0,0,0,0,0,0,0,0,0,0,0,0,0,0,0,0,0,0,0,0,0,0,0,0,0,0,0),(34,956,'MANJAR',140,107.8,1.72,17.6,0,4.1,0,0,0,0,0,0,0,0,0,0,0,0,0,0,0,0,0,0,0,0,0,0,0,0,0,0,0,0),(34,957,'BUDIN',20,77.84,0.04,19.4,0,0,0,0,0,0,0,0,0,0,0,0,0,0,0,0,0,0,0,0,2,0,0.9,0,0.2,2.4,0,81.7,0,0),(34,958,'BUDIN CHOCOLATE',20,79.26,0.32,19,0,0.22,0,0,0,0,0,0,0,0,0,0,0,0,0,0,0,0,0,0,3.8,0,1,0,15.6,2.8,0,1.4,0,0),(34,959,'FLAN POLVO',20,77.92,0,19.4,0,0,0,0,0,0,0,0,0,0,0,0,0,0,0,0,0,0,0,0,2.2,0,0.4,0,0.2,6.8,0,191.6,0,0),(35,960,'AJO',100,58.6,149,6.37,33.1,2.1,0.5,0.09,0.01,0.25,0,0.23,0.02,0,0,0,0.2,0.1,0.7,1.24,0,31.2,0.6,31.2,0.02,181,0.3,1.7,25,153,401,24.9,170,1.1),(35,961,'ALBAHACA',100,91,27,2.54,4.35,2.52,0.61,0.04,0.09,0.39,0,0,0,386,0,0,0,0,0.93,0.13,0,64,0.24,18,0,154,0.29,3.17,81,69,462,0,4,0.8),(35,962,'PEREJIL',100,87.7,36,2.98,6.34,4.1,0.79,0.13,0.3,0.12,0,0.12,0.01,520,0,520,0,0.1,1.31,0.09,0,152,0.4,133,1.79,138,0.15,6.2,50,58,554,0.5,56,1),(35,963,'CILANTRO',100,92.8,20,2.37,2.6,2.3,0.59,0.08,0.05,0.33,0,0,0,613,0,613,0,0.1,0.73,0.11,0,10.3,0.19,35,2.5,98,0.11,1.95,26,36,542,0,28,0.4),(35,964,'CIBOULETTE',100,90.7,30,3.28,4.36,2.5,0.73,0.15,0.1,0.27,0,0.25,0.02,435,0,435,0,0.1,0.65,0.14,0,105,0.32,58,0.21,92,0.16,1.6,42,58,296,0,3,0.5),(35,965,'MOSTAZA',100,78.1,91,5.9,5.3,2.2,6.3,0,0,0,0,0,0,0,0,0,0,0,0,0,0,0,0,0,0,124,0,1.8,0,134,130,0,1307,0),(35,966,'SALSA SOJA',100,71,53,5.18,8.52,0.8,0.08,0.01,0.01,0.04,0,0.03,0,0,0,0,0,0.1,3.36,0.17,0,15.5,0.32,0,0,17,0.12,2.03,34,110,180,0.8,5715,0.3),(35,967,'KETCHUP',100,66.6,104,1.53,27.3,1.3,0.36,0.05,0.06,0.15,0,0.14,0.01,101.6,0,101.6,0,0,1.37,0.18,0,15,0.14,15.1,2.02,19,0.21,0.7,22,39,481,7.67,1186,0.2),(35,968,'SAL',100,0,0,0,0,0,0,0,0,0,0,0,0,0,0,0,0,0,0,0,0,0,0,0,0,24,0.03,0.1,2,0,8,3,38758,0),(35,969,'VINAGRE',100,77,91,0.47,22,0,0.11,0,0,0,0,0,0,0,0,0,0,0,0,0,0,0,0,0,0,0,0,0,0,0,0,0,25,0),(35,970,'OREGANO',100,81.8,66,2.2,9.7,0,2,0,0,0,0,0,0,135,0,135,0,0,0,0,0,0,0,45,0,310,0,0,53,39,330,0,3,0.9),(35,971,'AJO',5,7.45,0.32,1.66,0.11,0.03,0,0,0.01,0,0.01,0,0,0,0,0.01,0,0,0.06,0,1.56,0.03,1.56,0,9.05,0.02,0.09,1.25,7.65,20.05,1.25,8.5,0.06,0),(35,972,'ALBAHACA',5,1.35,0.13,0.22,0.13,0.03,0,0,0.02,0,0,0,19.3,0,0,0,0,0,0.01,0,3.2,0.01,0.9,0,7.7,0.01,0.16,4.05,3.45,23.1,0,0.2,0.04,0),(35,973,'PEREJIL',5,1.8,0.15,0.32,0.21,0.04,0.01,0.02,0.01,0,0.01,0,26,0,26,0,0,0,0,0,7.6,0.02,6.65,0.09,6.9,0.01,0.31,2.5,2.9,27.7,0.03,2.8,0.05,0),(35,974,'CILANTRO',5,1,0.12,0.13,0.12,0.03,0,0,0.02,0,0,0,30.65,0,30.65,0,0,0,0.01,0,0.52,0.01,1.75,0.13,4.9,0.01,0.1,1.3,1.8,27.1,0,1.4,0.02,0),(35,975,'CIBOULETTE',5,1.5,0.16,0.22,0.13,0.04,0.01,0.01,0.01,0,0.01,0,21.75,0,21.75,0,0,0,0.01,0,5.25,0.02,2.9,0.01,4.6,0.01,0.08,2.1,2.9,14.8,0,0.15,0.03,0),(35,976,'MOSTAZA',5,4.55,0.3,0.27,0.11,0.32,0,0,0,0,0,0,0,0,0,0,0,0,0,0,0,0,0,0,6.2,0,0.09,0,6.7,6.5,0,65.35,0,0),(35,977,'SALSA SOJA',5,2.65,0.26,0.43,0.04,0,0,0,0,0,0,0,0,0,0,0,0,0.1,0.01,0,0.78,0.02,0,0,0.85,0.01,0.1,1.7,5.5,9,0.04,285.7,0.02,0),(35,978,'KETCHUP',5,5.2,0.08,1.37,0.07,0.02,0,0,0.01,0,0.01,0,5.08,0,5.08,0,0,0,0.01,0,0.75,0.01,0.76,0.1,0.95,0.01,0.04,1.1,1.95,24.05,0.38,59.3,0.01,0),(35,979,'SAL',1,0,0,0,0,0,0,0,0,0,0,0,0,0,0,0,0,0,0,0,0,0,0,0,0.24,0,0,0.02,0,0.08,0.03,387.5,0,0),(35,980,'VINAGRE',5,4.55,0.02,1.1,0,0.01,0,0,0,0,0,0,0,0,0,0,0,0,0,0,0,0,0,0,0,0,0,0,0,0,0,1.25,0,0),(35,981,'OREGANO',5,3.3,0.11,0.49,0,0.1,0,0,0,0,0,0,6.75,0,6.75,0,0,0,0,0,0,0,2.25,0,15.5,0,0,2.65,1.95,16.5,0,0.15,0.05,0);
/*!40000 ALTER TABLE `alimentos` ENABLE KEYS */;
UNLOCK TABLES;

--
-- Table structure for table `categoria`
--

DROP TABLE IF EXISTS `categoria`;
/*!40101 SET @saved_cs_client     = @@character_set_client */;
/*!40101 SET character_set_client = utf8 */;
CREATE TABLE `categoria` (
  `categoria_id` int(11) NOT NULL DEFAULT '0',
  `categoria_descr` varchar(57) COLLATE utf8_unicode_ci DEFAULT NULL,
  PRIMARY KEY (`categoria_id`)
) ENGINE=InnoDB DEFAULT CHARSET=utf8 COLLATE=utf8_unicode_ci;
/*!40101 SET character_set_client = @saved_cs_client */;

--
-- Dumping data for table `categoria`
--

LOCK TABLES `categoria` WRITE;
/*!40000 ALTER TABLE `categoria` DISABLE KEYS */;
INSERT INTO `categoria` VALUES (1,'CEREALES'),(2,'VERDURAS'),(3,'FRUTAS'),(4,'LACTEOS'),(5,'CARNES'),(6,'ACEITES'),(7,'AZUCAR'),(8,'CONDIMENTOS Y ESPECIES'),(9,'Otros');
/*!40000 ALTER TABLE `categoria` ENABLE KEYS */;
UNLOCK TABLES;

--
-- Table structure for table `cliente`
--

DROP TABLE IF EXISTS `cliente`;
/*!40101 SET @saved_cs_client     = @@character_set_client */;
/*!40101 SET character_set_client = utf8 */;
CREATE TABLE `cliente` (
  `cliente_id` int(11) NOT NULL AUTO_INCREMENT,
  `cliente_nombre` varchar(50) NOT NULL,
  `cliente_apellido` varchar(50) NOT NULL,
  `cliente_fecha_nacimiento` date DEFAULT NULL,
  `cliente_comuna_id` int(11) DEFAULT NULL,
  `cliente_usuario` varchar(50) DEFAULT NULL,
  `cliente_email` varchar(100) DEFAULT NULL,
  `cliente_celular` int(11) DEFAULT NULL,
  `cliente_telefono` int(11) DEFAULT NULL,
  `cliente_direccion` varchar(100) DEFAULT NULL,
  `cliente_contrasena` varchar(200) DEFAULT NULL,
  `cliente_imagen_url` varchar(50) NOT NULL,
  `cliente_tipo` int(11) NOT NULL,
  `cliente_sexo` int(11) DEFAULT NULL,
  `cliente_rut` varchar(9) NOT NULL,
  PRIMARY KEY (`cliente_id`,`cliente_rut`),
  KEY `cliente_comuna_id` (`cliente_comuna_id`),
  KEY `cliente_tipo` (`cliente_tipo`),
  CONSTRAINT `cliente_ibfk_1` FOREIGN KEY (`cliente_comuna_id`) REFERENCES `comuna` (`COMUNA_ID`),
  CONSTRAINT `cliente_ibfk_2` FOREIGN KEY (`cliente_tipo`) REFERENCES `tipo_cliente` (`id_tipo_cliente`)
) ENGINE=InnoDB AUTO_INCREMENT=316 DEFAULT CHARSET=utf8;
/*!40101 SET character_set_client = @saved_cs_client */;

--
-- Dumping data for table `cliente`
--

LOCK TABLES `cliente` WRITE;
/*!40000 ALTER TABLE `cliente` DISABLE KEYS */;
INSERT INTO `cliente` VALUES (1,'LALA','LARA SANCHEZ','1979-08-19',15202,'1correo','1correo@gmail.com',111111111,666666666,'CERRO EL PONIENTE 1395','049178001e7f4f64232b7961798bcbc6884d1963','img/usuario.jpg',1,2,'60554358'),(2,'EDGARDO','EZEQUIEL AS','1979-08-20',15202,'2correo','2correo@gmail.com',444444444,666666667,'CERRO EL PONIENTE 1395','84443e989df4d5f1090df92d2df303a516f8ac4f','img/usuario.jpg',1,2,'108976357'),(3,'EDITH','EVARISTO GERVACIO','1982-05-10',15201,'3correo','3correo@gmail.com',333333333,666666668,'CERRO EL PONIENTE 1396','84443e989df4d5f1090df92d2df303a516f8ac4f','img/usuario.jpg',1,2,'160593067'),(4,'EDMUNDO','EVANGELINA MATURANA','1993-04-05',15102,'4correo','4correo@gmail.com',555555555,666666669,'CERRO EL PONIENTE 1397','7c4a8d09ca3762af61e59520943dc26494f8941b','img/usuario.jpg',1,1,'83621699'),(5,'EDUARDO','EVA','1988-09-02',15101,'5correo','5correo@gmail.com',666666666,666666670,'CERRO EL PONIENTE 1398','84443e989df4d5f1090df92d2df303a516f8ac4f','img/usuario.jpg',1,2,'169206171'),(6,'EFRAN','EVA','1989-02-09',14204,'6correo','6correo@gmail.com',666666666,666666671,'CERRO EL PONIENTE 1399','84443e989df4d5f1090df92d2df303a516f8ac4f','img/usuario.jpg',1,1,'104618693'),(7,'EFRN','EVA','1988-04-01',14203,'7correo','7correo@gmail.com',666666666,666666672,'CERRO EL PONIENTE 1400','84443e989df4d5f1090df92d2df303a516f8ac4f','img/usuario.jpg',1,2,'187362105'),(8,'ELENA','EUSTAQUIO','1989-10-06',14202,'8correo','8correo@gmail.com',666666666,666666673,'CERRO EL PONIENTE 1401','84443e989df4d5f1090df92d2df303a516f8ac4f','img/usuario.jpg',1,1,'226665773'),(9,'ELEONOR','EUSTAQUIO','1991-10-03',14201,'9correo','9correo@gmail.com',666666666,666666674,'CERRO EL PONIENTE 1402','84443e989df4d5f1090df92d2df303a516f8ac4f','img/usuario.jpg',1,2,'83684046'),(10,'ELAS','EUSTAQUIO','1991-02-27',14108,'10correo','10correo@gmail.com',666666666,666666675,'CERRO EL PONIENTE 1403','84443e989df4d5f1090df92d2df303a516f8ac4f','img/usuario.jpg',1,1,'102932609'),(11,'ELISA','EUSEBIO','1982-08-07',14107,'11correo','11correo@gmail.com',666666666,666666676,'CERRO EL PONIENTE 1404','84443e989df4d5f1090df92d2df303a516f8ac4f','img/usuario.jpg',1,2,'233851434'),(12,'ELISABETH','EUSEBIO','1991-09-27',14106,'12correo','12correo@gmail.com',666666666,666666677,'CERRO EL PONIENTE 1405','84443e989df4d5f1090df92d2df303a516f8ac4f','img/usuario.jpg',1,1,'67645111'),(13,'ELOISA','EUSEBIO','1985-05-12',14105,'13correo','13correo@gmail.com',666666666,666666678,'CERRO EL PONIENTE 1406','84443e989df4d5f1090df92d2df303a516f8ac4f','img/usuario.jpg',1,2,'151302750'),(14,'ELOY','EULALIO','1984-10-30',14104,'14correo','14correo@gmail.com',666666666,666666679,'CERRO EL PONIENTE 1407','84443e989df4d5f1090df92d2df303a516f8ac4f','img/usuario.jpg',1,1,'63742694'),(15,'ELSA','EULALIO','1992-05-03',14103,'15correo','15correo@gmail.com',666666666,666666680,'CERRO EL PONIENTE 1408','84443e989df4d5f1090df92d2df303a516f8ac4f','img/usuario.jpg',1,2,'175207945'),(16,'ELVIRA','EULALIO','1984-01-29',14102,'16correo','16correo@gmail.com',666666666,666666681,'CERRO EL PONIENTE 1409','84443e989df4d5f1090df92d2df303a516f8ac4f','img/usuario.jpg',1,1,'121304600'),(17,'EMILIA','EULALIA','1981-05-30',14101,'17correo','17correo@gmail.com',666666666,666666682,'CERRO EL PONIENTE 1410','84443e989df4d5f1090df92d2df303a516f8ac4f','img/usuario.jpg',1,2,'80213778'),(18,'EMILIO','EULALIA','1989-07-13',13605,'18correo','18correo@gmail.com',666666666,666666683,'CERRO EL PONIENTE 1411','84443e989df4d5f1090df92d2df303a516f8ac4f','img/usuario.jpg',1,1,'65924056'),(19,'EMA','EULALIA','1996-04-24',13604,'19correo','19correo@gmail.com',666666666,666666684,'CERRO EL PONIENTE 1412','84443e989df4d5f1090df92d2df303a516f8ac4f','img/usuario.jpg',1,2,'68767024'),(20,'EMANUEL','EUGENIO','1982-10-20',13603,'20correo','20correo@gmail.com',666666666,666666685,'CERRO EL PONIENTE 1413','84443e989df4d5f1090df92d2df303a516f8ac4f','img/usuario.jpg',1,1,'188108202'),(21,'EMILIO','EUGENIO','1989-10-05',13602,'21correo','21correo@gmail.com',666666666,666666686,'CERRO EL PONIENTE 1414','84443e989df4d5f1090df92d2df303a516f8ac4f','img/usuario.jpg',1,2,'58943622'),(22,'ENCARNACIN','EUGENIO','1982-02-18',13601,'22correo','22correo@gmail.com',666666666,666666687,'CERRO EL PONIENTE 1415','84443e989df4d5f1090df92d2df303a516f8ac4f','img/usuario.jpg',1,1,'238265363'),(23,'ENGRACIA','EUGENIA','1992-08-13',13505,'23correo','23correo@gmail.com',666666666,666666688,'CERRO EL PONIENTE 1416','84443e989df4d5f1090df92d2df303a516f8ac4f','img/usuario.jpg',1,2,'91563274'),(24,'ENRIQUE','EUGENIA','1988-02-09',13504,'24correo','24correo@gmail.com',666666666,666666689,'CERRO EL PONIENTE 1417','84443e989df4d5f1090df92d2df303a516f8ac4f','img/usuario.jpg',1,1,'129235195'),(25,'ERASMO','EUGENIA','1987-11-24',13503,'25correo','25correo@gmail.com',666666666,666666690,'CERRO EL PONIENTE 1418','84443e989df4d5f1090df92d2df303a516f8ac4f','img/usuario.jpg',1,2,'216496361'),(26,'ERICO','EUFRASIO','1995-02-06',13502,'26correo','26correo@gmail.com',666666666,666666691,'CERRO EL PONIENTE 1419','84443e989df4d5f1090df92d2df303a516f8ac4f','img/usuario.jpg',1,1,'132782512'),(27,'ERIC','EUFRASIO','1979-02-02',13501,'27correo','27correo@gmail.com',666666666,666666692,'CERRO EL PONIENTE 1420','84443e989df4d5f1090df92d2df303a516f8ac4f','img/usuario.jpg',1,2,'247688382'),(28,'ERICA','EUFRASIO','1990-01-26',13404,'28correo','28correo@gmail.com',666666666,666666693,'CERRO EL PONIENTE 1421','84443e989df4d5f1090df92d2df303a516f8ac4f','img/usuario.jpg',1,1,'240532980'),(29,'ERNESTO','EUFRASIA','1991-03-31',13403,'29correo','29correo@gmail.com',666666666,666666694,'CERRO EL PONIENTE 1422','84443e989df4d5f1090df92d2df303a516f8ac4f','img/usuario.jpg',1,2,'247796274'),(30,'ESMERALDA','EUFRASIA','1984-01-23',13402,'30correo','30correo@gmail.com',666666666,666666695,'CERRO EL PONIENTE 1423','84443e989df4d5f1090df92d2df303a516f8ac4f','img/usuario.jpg',1,1,'8678663k'),(31,'ESPERANZA','EUFRASIA','1982-09-21',13401,'31correo','31correo@gmail.com',666666666,666666696,'CERRO EL PONIENTE 1424','84443e989df4d5f1090df92d2df303a516f8ac4f','img/usuario.jpg',1,2,'205279911'),(32,'ESTEBAN','EUFEMIO','1989-09-21',13303,'32correo','32correo@gmail.com',666666666,666666697,'CERRO EL PONIENTE 1425','84443e989df4d5f1090df92d2df303a516f8ac4f','img/usuario.jpg',1,1,'86479923'),(33,'ESTEFANA','EUFEMIO','1988-11-21',13302,'33correo','33correo@gmail.com',666666666,666666698,'CERRO EL PONIENTE 1426','84443e989df4d5f1090df92d2df303a516f8ac4f','img/usuario.jpg',1,2,'152685246'),(34,'ESTELA','EUFEMIO','1993-02-22',13301,'34correo','34correo@gmail.com',666666666,666666699,'CERRO EL PONIENTE 1427','84443e989df4d5f1090df92d2df303a516f8ac4f','img/usuario.jpg',1,1,'118206126'),(35,'ESTER','EUFEMIA','1983-01-04',13203,'35correo','35correo@gmail.com',666666666,666666700,'CERRO EL PONIENTE 1428','84443e989df4d5f1090df92d2df303a516f8ac4f','img/usuario.jpg',1,2,'58709484'),(36,'ETEL','EUFEMIA','1983-03-02',13202,'36correo','36correo@gmail.com',666666666,666666701,'CERRO EL PONIENTE 1429','84443e989df4d5f1090df92d2df303a516f8ac4f','img/usuario.jpg',1,1,'61659021'),(37,'EUCLIDES','EUFEMIA','1994-09-12',13201,'37correo','37correo@gmail.com',666666666,666666702,'CERRO EL PONIENTE 1430','84443e989df4d5f1090df92d2df303a516f8ac4f','img/usuario.jpg',1,2,'77111387'),(38,'EUDOSIA','EUDOXIO','1989-11-04',13132,'38correo','38correo@gmail.com',666666666,666666703,'CERRO EL PONIENTE 1431','84443e989df4d5f1090df92d2df303a516f8ac4f','img/usuario.jpg',1,1,'65680246'),(39,'EUDOXIO','EUDOXIO','1988-09-21',13131,'39correo','39correo@gmail.com',666666666,666666704,'CERRO EL PONIENTE 1432','84443e989df4d5f1090df92d2df303a516f8ac4f','img/usuario.jpg',1,2,'81823650'),(40,'EUFEMIO','EUDOXIO','1996-09-20',13130,'40correo','40correo@gmail.com',666666666,666666705,'CERRO EL PONIENTE 1433','84443e989df4d5f1090df92d2df303a516f8ac4f','img/usuario.jpg',1,1,'138821943'),(41,'EUFEMIA','EUDOSIA','1989-07-23',13129,'41correo','41correo@gmail.com',666666666,666666706,'CERRO EL PONIENTE 1434','84443e989df4d5f1090df92d2df303a516f8ac4f','img/usuario.jpg',1,2,'225355401'),(42,'EUFRASIO','EUDOSIA','1984-11-03',13128,'42correo','42correo@gmail.com',666666666,666666707,'CERRO EL PONIENTE 1435','84443e989df4d5f1090df92d2df303a516f8ac4f','img/usuario.jpg',1,1,'231591486'),(43,'EUFRASIA','EUDOSIA','1979-02-05',13127,'43correo','43correo@gmail.com',666666666,666666708,'CERRO EL PONIENTE 1436','84443e989df4d5f1090df92d2df303a516f8ac4f','img/usuario.jpg',1,2,'101567516'),(44,'EUGENIO','EUCLIDES','1989-07-22',13126,'44correo','44correo@gmail.com',666666666,666666709,'CERRO EL PONIENTE 1437','84443e989df4d5f1090df92d2df303a516f8ac4f','img/usuario.jpg',1,1,'165063538'),(45,'EUGENIA','EUCLIDES','1986-11-24',13125,'45correo','45correo@gmail.com',666666666,666666710,'CERRO EL PONIENTE 1438','84443e989df4d5f1090df92d2df303a516f8ac4f','img/usuario.jpg',1,2,'247213570'),(46,'EULALIO','EUCLIDES','1990-01-07',13124,'46correo','46correo@gmail.com',666666666,666666711,'CERRO EL PONIENTE 1439','84443e989df4d5f1090df92d2df303a516f8ac4f','img/usuario.jpg',1,1,'167806481'),(47,'EULALIA','ETEL','1984-05-03',13123,'47correo','47correo@gmail.com',666666666,666666712,'CERRO EL PONIENTE 1440','84443e989df4d5f1090df92d2df303a516f8ac4f','img/usuario.jpg',1,2,'183480642'),(48,'EUSEBIO','ETEL','1985-06-12',13122,'48correo','48correo@gmail.com',666666666,666666713,'CERRO EL PONIENTE 1441','84443e989df4d5f1090df92d2df303a516f8ac4f','img/usuario.jpg',1,1,'63240362'),(49,'EUSTAQUIO','ETEL','1985-06-30',13121,'49correo','49correo@gmail.com',666666666,666666714,'CERRO EL PONIENTE 1442','84443e989df4d5f1090df92d2df303a516f8ac4f','img/usuario.jpg',1,2,'86193965'),(50,'EVA','ESTER','1995-08-02',13120,'50correo','50correo@gmail.com',666666666,666666715,'CERRO EL PONIENTE 1443','84443e989df4d5f1090df92d2df303a516f8ac4f','img/usuario.jpg',1,1,'212540552'),(51,'EVANGELINA','ESTER','1994-11-04',13119,'51correo','51correo@gmail.com',666666666,666666716,'CERRO EL PONIENTE 1444','84443e989df4d5f1090df92d2df303a516f8ac4f','img/usuario.jpg',1,2,'115424467'),(52,'EVARISTO','ESTER','1994-10-09',13118,'52correo','52correo@gmail.com',666666666,666666717,'CERRO EL PONIENTE 1445','84443e989df4d5f1090df92d2df303a516f8ac4f','img/usuario.jpg',1,1,'131259344'),(53,'EZEQUIEL','ESTELA','1983-06-18',13117,'53correo','53correo@gmail.com',666666666,666666718,'CERRO EL PONIENTE 1446','84443e989df4d5f1090df92d2df303a516f8ac4f','img/usuario.jpg',1,2,'132635005'),(54,'BALDOMERO','ESTELA','1979-11-13',13116,'54correo','54correo@gmail.com',666666666,666666719,'CERRO EL PONIENTE 1447','84443e989df4d5f1090df92d2df303a516f8ac4f','img/usuario.jpg',1,1,'119311292'),(55,'BALTASAR','ESTELA','1986-01-19',13115,'55correo','55correo@gmail.com',666666666,666666720,'CERRO EL PONIENTE 1448','84443e989df4d5f1090df92d2df303a516f8ac4f','img/usuario.jpg',1,2,'59335952'),(56,'BARACK','ESTEFANA','1983-09-09',13114,'56correo','56correo@gmail.com',666666666,666666721,'CERRO EL PONIENTE 1449','84443e989df4d5f1090df92d2df303a516f8ac4f','img/usuario.jpg',1,1,'240134667'),(57,'BRBARA','ESTEFANA','1988-08-28',13113,'57correo','57correo@gmail.com',666666666,666666722,'CERRO EL PONIENTE 1450','84443e989df4d5f1090df92d2df303a516f8ac4f','img/usuario.jpg',1,2,'24150719k'),(58,'BARTOLOM','ESTEFANA','1987-04-04',13112,'58correo','58correo@gmail.com',666666666,666666723,'CERRO EL PONIENTE 1451','84443e989df4d5f1090df92d2df303a516f8ac4f','img/usuario.jpg',1,1,'106525919'),(59,'BASILIO','ESTEBAN','1985-08-25',13111,'59correo','59correo@gmail.com',666666666,666666724,'CERRO EL PONIENTE 1452','84443e989df4d5f1090df92d2df303a516f8ac4f','img/usuario.jpg',1,2,'172820360'),(60,'BAUTISTA','ESTEBAN','1979-10-04',13110,'60correo','60correo@gmail.com',666666666,666666725,'CERRO EL PONIENTE 1453','84443e989df4d5f1090df92d2df303a516f8ac4f','img/usuario.jpg',1,1,'201312418'),(61,'BEATRIZ','ESTEBAN','1995-10-28',13109,'61correo','61correo@gmail.com',666666666,666666726,'CERRO EL PONIENTE 1454','84443e989df4d5f1090df92d2df303a516f8ac4f','img/usuario.jpg',1,2,'96862318'),(62,'BELN','ESPERANZA','1983-11-19',13108,'62correo','62correo@gmail.com',666666666,666666727,'CERRO EL PONIENTE 1455','84443e989df4d5f1090df92d2df303a516f8ac4f','img/usuario.jpg',1,1,'93449517'),(63,'BELINDA','ESPERANZA','1982-03-10',13107,'63correo','63correo@gmail.com',666666666,666666728,'CERRO EL PONIENTE 1456','84443e989df4d5f1090df92d2df303a516f8ac4f','img/usuario.jpg',1,2,'188063438'),(64,'BELTRN','ESPERANZA','1982-06-10',13106,'64correo','64correo@gmail.com',666666666,666666729,'CERRO EL PONIENTE 1457','84443e989df4d5f1090df92d2df303a516f8ac4f','img/usuario.jpg',1,1,'138786870'),(65,'BENIGNO','ESMERALDA','1980-11-10',13105,'65correo','65correo@gmail.com',666666666,666666730,'CERRO EL PONIENTE 1458','84443e989df4d5f1090df92d2df303a516f8ac4f','img/usuario.jpg',1,2,'235566893'),(66,'BENITO','ESMERALDA','1983-05-01',13104,'66correo','66correo@gmail.com',666666666,666666731,'CERRO EL PONIENTE 1459','84443e989df4d5f1090df92d2df303a516f8ac4f','img/usuario.jpg',1,1,'19473123k'),(67,'BENJAMN','ESMERALDA','1982-06-14',13103,'67correo','67correo@gmail.com',666666666,666666732,'CERRO EL PONIENTE 1460','84443e989df4d5f1090df92d2df303a516f8ac4f','img/usuario.jpg',1,2,'15968315k'),(68,'BERENICE','ESMERALDA','1982-09-29',13102,'68correo','68correo@gmail.com',666666666,666666733,'CERRO EL PONIENTE 1461','84443e989df4d5f1090df92d2df303a516f8ac4f','img/usuario.jpg',1,1,'50371409'),(69,'BERNAB','ERNESTO','1992-05-22',13101,'69correo','69correo@gmail.com',666666666,666666734,'CERRO EL PONIENTE 1462','84443e989df4d5f1090df92d2df303a516f8ac4f','img/usuario.jpg',1,2,'18758406k'),(70,'BERNARDINO','ERNESTO','1982-06-03',12402,'70correo','70correo@gmail.com',666666666,666666735,'CERRO EL PONIENTE 1463','84443e989df4d5f1090df92d2df303a516f8ac4f','img/usuario.jpg',1,1,'72689283'),(71,'BERNARDINA','ERNESTO','1992-01-13',12401,'71correo','71correo@gmail.com',666666666,666666736,'CERRO EL PONIENTE 1464','84443e989df4d5f1090df92d2df303a516f8ac4f','img/usuario.jpg',1,2,'186825411'),(72,'BERNARDO','ERNESTO','1989-07-18',12303,'72correo','72correo@gmail.com',666666666,666666737,'CERRO EL PONIENTE 1465','84443e989df4d5f1090df92d2df303a516f8ac4f','img/usuario.jpg',1,1,'66177483'),(73,'BERTA','ERICO','1994-05-14',12302,'73correo','73correo@gmail.com',666666666,666666738,'CERRO EL PONIENTE 1466','84443e989df4d5f1090df92d2df303a516f8ac4f','img/usuario.jpg',1,2,'106123675'),(74,'BIANCA','ERICO','1984-10-26',12301,'74correo','74correo@gmail.com',666666666,666666739,'CERRO EL PONIENTE 1467','84443e989df4d5f1090df92d2df303a516f8ac4f','img/usuario.jpg',1,1,'131429487'),(75,'BIBIANA','ERICO','1984-02-25',12202,'75correo','75correo@gmail.com',666666666,666666740,'CERRO EL PONIENTE 1468','84443e989df4d5f1090df92d2df303a516f8ac4f','img/usuario.jpg',1,2,'83565098'),(76,'BLANCA','ERICO','1986-10-19',12201,'76correo','76correo@gmail.com',666666666,666666741,'CERRO EL PONIENTE 1469','84443e989df4d5f1090df92d2df303a516f8ac4f','img/usuario.jpg',1,1,'226665145'),(77,'BLAS','ERICA','1980-07-11',12104,'77correo','77correo@gmail.com',666666666,666666742,'CERRO EL PONIENTE 1470','84443e989df4d5f1090df92d2df303a516f8ac4f','img/usuario.jpg',1,2,'150098440'),(78,'BRENDA','ERICA','1988-04-13',12103,'78correo','78correo@gmail.com',666666666,666666743,'CERRO EL PONIENTE 1471','84443e989df4d5f1090df92d2df303a516f8ac4f','img/usuario.jpg',1,1,'206281251'),(79,'BONIFACIO','ERICA','1989-11-28',12102,'79correo','79correo@gmail.com',666666666,666666744,'CERRO EL PONIENTE 1472','84443e989df4d5f1090df92d2df303a516f8ac4f','img/usuario.jpg',1,2,'76472270'),(80,'BORIS','ERICA','1988-03-17',12101,'80correo','80correo@gmail.com',666666666,666666745,'CERRO EL PONIENTE 1473','84443e989df4d5f1090df92d2df303a516f8ac4f','img/usuario.jpg',1,1,'159376427'),(81,'BRGIDA','ERIC','1991-07-10',11402,'81correo','81correo@gmail.com',666666666,666666746,'CERRO EL PONIENTE 1474','84443e989df4d5f1090df92d2df303a516f8ac4f','img/usuario.jpg',1,2,'237934911'),(82,'BRUNILDA','ERIC','1996-05-17',11401,'82correo','82correo@gmail.com',666666666,666666747,'CERRO EL PONIENTE 1475','84443e989df4d5f1090df92d2df303a516f8ac4f','img/usuario.jpg',1,1,'120492004'),(83,'BRUNO','ERIC','1996-03-29',11303,'83correo','83correo@gmail.com',666666666,666666748,'CERRO EL PONIENTE 1476','84443e989df4d5f1090df92d2df303a516f8ac4f','img/usuario.jpg',1,2,'197228768'),(84,'CALIXTO','ERIC','1986-05-04',11302,'84correo','84correo@gmail.com',666666666,666666749,'CERRO EL PONIENTE 1477','84443e989df4d5f1090df92d2df303a516f8ac4f','img/usuario.jpg',1,1,'86622092'),(85,'CAMELIA','ERASMO','1979-01-14',11301,'85correo','85correo@gmail.com',666666666,666666750,'CERRO EL PONIENTE 1478','84443e989df4d5f1090df92d2df303a516f8ac4f','img/usuario.jpg',1,2,'90599143'),(86,'CAMILA','ERASMO','1986-07-23',11203,'86correo','86correo@gmail.com',666666666,666666751,'CERRO EL PONIENTE 1479','84443e989df4d5f1090df92d2df303a516f8ac4f','img/usuario.jpg',1,1,'215559203'),(87,'CNDIDO','ERASMO','1985-02-20',11202,'87correo','87correo@gmail.com',666666666,666666752,'CERRO EL PONIENTE 1480','84443e989df4d5f1090df92d2df303a516f8ac4f','img/usuario.jpg',1,2,'198780448'),(88,'CARIDAD','ERASMO','1995-04-18',11201,'88correo','88correo@gmail.com',666666666,666666753,'CERRO EL PONIENTE 1481','84443e989df4d5f1090df92d2df303a516f8ac4f','img/usuario.jpg',1,1,'166835860'),(89,'CARINA','ENRIQUE','1988-08-21',11102,'89correo','89correo@gmail.com',666666666,666666754,'CERRO EL PONIENTE 1482','84443e989df4d5f1090df92d2df303a516f8ac4f','img/usuario.jpg',1,2,'11891838k'),(90,'CARLOS','ENRIQUE','1991-03-30',11101,'90correo','90correo@gmail.com',666666666,666666755,'CERRO EL PONIENTE 1483','84443e989df4d5f1090df92d2df303a516f8ac4f','img/usuario.jpg',1,1,'169627665'),(91,'CARLA','ENRIQUE','1990-12-30',10404,'91correo','91correo@gmail.com',666666666,666666756,'CERRO EL PONIENTE 1484','84443e989df4d5f1090df92d2df303a516f8ac4f','img/usuario.jpg',1,2,'59660616'),(92,'CARMELO','ENRIQUE','1996-06-20',10403,'92correo','92correo@gmail.com',666666666,666666757,'CERRO EL PONIENTE 1485','84443e989df4d5f1090df92d2df303a516f8ac4f','img/usuario.jpg',1,1,'24138473k'),(93,'CARMEN','ENGRACIA','1996-01-04',10402,'93correo','93correo@gmail.com',666666666,666666758,'CERRO EL PONIENTE 1486','84443e989df4d5f1090df92d2df303a516f8ac4f','img/usuario.jpg',1,2,'149637192'),(94,'CAROLA','ENGRACIA','1986-12-14',10401,'94correo','94correo@gmail.com',666666666,666666759,'CERRO EL PONIENTE 1487','84443e989df4d5f1090df92d2df303a516f8ac4f','img/usuario.jpg',1,1,'233630748'),(95,'CAROLINA','ENGRACIA','1984-06-21',10307,'95correo','95correo@gmail.com',666666666,666666760,'CERRO EL PONIENTE 1488','84443e989df4d5f1090df92d2df303a516f8ac4f','img/usuario.jpg',1,2,'218333664'),(96,'CASILDA','ENGRACIA','1987-09-04',10306,'96correo','96correo@gmail.com',666666666,666666761,'CERRO EL PONIENTE 1489','84443e989df4d5f1090df92d2df303a516f8ac4f','img/usuario.jpg',1,1,'80204930'),(97,'CASIMIRO','ENCARNACIN','1992-03-20',10305,'97correo','97correo@gmail.com',666666666,666666762,'CERRO EL PONIENTE 1490','84443e989df4d5f1090df92d2df303a516f8ac4f','img/usuario.jpg',1,2,'50375226'),(98,'CATALINA','ENCARNACIN','1993-04-24',10304,'98correo','98correo@gmail.com',666666666,666666763,'CERRO EL PONIENTE 1491','84443e989df4d5f1090df92d2df303a516f8ac4f','img/usuario.jpg',1,1,'142130912'),(99,'CAYETANO','ENCARNACIN','1990-07-31',10303,'99correo','99correo@gmail.com',666666666,666666764,'CERRO EL PONIENTE 1492','84443e989df4d5f1090df92d2df303a516f8ac4f','img/usuario.jpg',1,2,'243971748'),(100,'CECILIA','ENCARNACIN','1979-07-08',10302,'100correo','100correo@gmail.com',666666666,666666765,'CERRO EL PONIENTE 1493','84443e989df4d5f1090df92d2df303a516f8ac4f','img/usuario.jpg',1,1,'211137746'),(101,'CELESTINA','EMILIO','2002-11-14',10301,'101correo','101correo@gmail.com',666666666,666666766,'CERRO EL PONIENTE 1494','84443e989df4d5f1090df92d2df303a516f8ac4f','img/usuario.jpg',1,2,'176999977'),(102,'CELIA','EMILIO','2003-07-31',10210,'102correo','102correo@gmail.com',666666666,666666767,'CERRO EL PONIENTE 1495','84443e989df4d5f1090df92d2df303a516f8ac4f','img/usuario.jpg',1,1,'11184660k'),(103,'CELINA','EMILIO','2008-11-24',10209,'103correo','103correo@gmail.com',666666666,666666768,'CERRO EL PONIENTE 1496','84443e989df4d5f1090df92d2df303a516f8ac4f','img/usuario.jpg',1,2,'120252798'),(104,'CRISANTO','EMILIO','2005-05-30',10208,'104correo','104correo@gmail.com',666666666,666666769,'CERRO EL PONIENTE 1497','84443e989df4d5f1090df92d2df303a516f8ac4f','img/usuario.jpg',1,1,'233533823'),(105,'CRISTIAN','EMILIO','2013-11-18',10207,'105correo','105correo@gmail.com',666666666,666666770,'CERRO EL PONIENTE 1498','84443e989df4d5f1090df92d2df303a516f8ac4f','img/usuario.jpg',1,2,'55264066'),(106,'CRISTINA','EMILIO','1999-12-23',10206,'106correo','106correo@gmail.com',666666666,666666771,'CERRO EL PONIENTE 1499','84443e989df4d5f1090df92d2df303a516f8ac4f','img/usuario.jpg',1,1,'84533491'),(107,'CELSO','EMILIO','2009-06-14',10205,'107correo','107correo@gmail.com',666666666,666666772,'CERRO EL PONIENTE 1500','84443e989df4d5f1090df92d2df303a516f8ac4f','img/usuario.jpg',1,2,'96900368'),(108,'CSAR','EMILIO','2010-01-29',10204,'108correo','108correo@gmail.com',666666666,666666773,'CERRO EL PONIENTE 1501','84443e989df4d5f1090df92d2df303a516f8ac4f','img/usuario.jpg',1,1,'85273817'),(109,'CESREO','EMILIA','2015-03-26',10203,'109correo','109correo@gmail.com',666666666,666666774,'CERRO EL PONIENTE 1502','84443e989df4d5f1090df92d2df303a516f8ac4f','img/usuario.jpg',1,2,'6345138k'),(110,'CINTIA','EMILIA','1994-03-09',10202,'110correo','110correo@gmail.com',666666666,666666775,'CERRO EL PONIENTE 1503','84443e989df4d5f1090df92d2df303a516f8ac4f','img/usuario.jpg',1,1,'61171622'),(111,'CIPRIANO','EMILIA','1994-09-11',10201,'111correo','111correo@gmail.com',666666666,666666776,'CERRO EL PONIENTE 1504','84443e989df4d5f1090df92d2df303a516f8ac4f','img/usuario.jpg',1,2,'222283531'),(112,'CIRILO','EMILIA','2012-12-21',10109,'112correo','112correo@gmail.com',666666666,666666777,'CERRO EL PONIENTE 1505','84443e989df4d5f1090df92d2df303a516f8ac4f','img/usuario.jpg',1,1,'78088508'),(113,'CIRO','EMANUEL','2008-04-07',10108,'113correo','113correo@gmail.com',666666666,666666778,'CERRO EL PONIENTE 1506','84443e989df4d5f1090df92d2df303a516f8ac4f','img/usuario.jpg',1,2,'105487924'),(114,'CLARA','EMANUEL','2008-05-14',10107,'114correo','114correo@gmail.com',666666666,666666779,'CERRO EL PONIENTE 1507','84443e989df4d5f1090df92d2df303a516f8ac4f','img/usuario.jpg',1,1,'15492065k'),(115,'CLAUDIO','EMANUEL','1991-09-30',10106,'115correo','115correo@gmail.com',666666666,666666780,'CERRO EL PONIENTE 1508','84443e989df4d5f1090df92d2df303a516f8ac4f','img/usuario.jpg',1,2,'143275299'),(116,'CLAUDIA','EMANUEL','1996-08-30',10105,'116correo','116correo@gmail.com',666666666,666666781,'CERRO EL PONIENTE 1509','84443e989df4d5f1090df92d2df303a516f8ac4f','img/usuario.jpg',1,1,'92264750'),(117,'CLEMENTE','EMA','2010-10-24',10104,'117correo','117correo@gmail.com',666666666,666666782,'CERRO EL PONIENTE 1510','84443e989df4d5f1090df92d2df303a516f8ac4f','img/usuario.jpg',1,2,'164570312'),(118,'CLEOPATRA','EMA','2006-08-02',10103,'118correo','118correo@gmail.com',666666666,666666783,'CERRO EL PONIENTE 1511','84443e989df4d5f1090df92d2df303a516f8ac4f','img/usuario.jpg',1,1,'138790614'),(119,'CLOTILDE','EMA','1991-11-13',10102,'119correo','119correo@gmail.com',666666666,666666784,'CERRO EL PONIENTE 1512','84443e989df4d5f1090df92d2df303a516f8ac4f','img/usuario.jpg',1,2,'136218328'),(120,'CONCEPCIN','EMA','1997-07-21',10101,'120correo','120correo@gmail.com',666666666,666666785,'CERRO EL PONIENTE 1513','84443e989df4d5f1090df92d2df303a516f8ac4f','img/usuario.jpg',1,1,'85635735'),(121,'CONRADO','ELVIRA','2001-05-07',9211,'121correo','121correo@gmail.com',666666666,666666786,'CERRO EL PONIENTE 1514','84443e989df4d5f1090df92d2df303a516f8ac4f','img/usuario.jpg',1,2,'92883671'),(122,'CONSTANCIO','ELVIRA','2011-03-01',9210,'122correo','122correo@gmail.com',666666666,666666787,'CERRO EL PONIENTE 1515','84443e989df4d5f1090df92d2df303a516f8ac4f','img/usuario.jpg',1,1,'194406193'),(123,'CONSTANTINO','ELVIRA','2000-05-29',9209,'123correo','123correo@gmail.com',666666666,666666788,'CERRO EL PONIENTE 1516','84443e989df4d5f1090df92d2df303a516f8ac4f','img/usuario.jpg',1,2,'147091559'),(124,'CONSUELO','ELVIRA','1991-11-16',9208,'124correo','124correo@gmail.com',666666666,666666789,'CERRO EL PONIENTE 1517','84443e989df4d5f1090df92d2df303a516f8ac4f','img/usuario.jpg',1,1,'62142537'),(125,'CORA','ELSA','2008-03-28',9207,'125correo','125correo@gmail.com',666666666,666666790,'CERRO EL PONIENTE 1518','84443e989df4d5f1090df92d2df303a516f8ac4f','img/usuario.jpg',1,2,'22810311k'),(126,'CORDELIA','ELSA','2015-03-11',9206,'126correo','126correo@gmail.com',666666666,666666791,'CERRO EL PONIENTE 1519','84443e989df4d5f1090df92d2df303a516f8ac4f','img/usuario.jpg',1,1,'238331013'),(127,'CORNELIO','ELSA','2002-07-16',9205,'127correo','127correo@gmail.com',666666666,666666792,'CERRO EL PONIENTE 1520','84443e989df4d5f1090df92d2df303a516f8ac4f','img/usuario.jpg',1,2,'239984584'),(128,'COSME','ELSA','2001-12-09',9204,'128correo','128correo@gmail.com',666666666,666666793,'CERRO EL PONIENTE 1521','84443e989df4d5f1090df92d2df303a516f8ac4f','img/usuario.jpg',1,1,'140993417'),(129,'CRISTBAL','ELOY','1992-08-05',9203,'129correo','129correo@gmail.com',666666666,666666794,'CERRO EL PONIENTE 1522','84443e989df4d5f1090df92d2df303a516f8ac4f','img/usuario.jpg',1,2,'158376172'),(130,'CRISSTOMO','ELOY','2015-11-13',9202,'130correo','130correo@gmail.com',666666666,666666795,'CERRO EL PONIENTE 1523','84443e989df4d5f1090df92d2df303a516f8ac4f','img/usuario.jpg',1,1,'126030924'),(131,'CRUZ','ELOY','2011-08-12',9201,'131correo','131correo@gmail.com',666666666,666666796,'CERRO EL PONIENTE 1524','84443e989df4d5f1090df92d2df303a516f8ac4f','img/usuario.jpg',1,2,'90300105'),(132,'DAGOBERTO','ELOY','2000-04-24',9121,'132correo','132correo@gmail.com',666666666,666666797,'CERRO EL PONIENTE 1525','84443e989df4d5f1090df92d2df303a516f8ac4f','img/usuario.jpg',1,1,'173522835'),(133,'DANA','ELOISA','1991-10-08',9120,'133correo','133correo@gmail.com',666666666,666666798,'CERRO EL PONIENTE 1526','84443e989df4d5f1090df92d2df303a516f8ac4f','img/usuario.jpg',1,2,'168403666'),(134,'DANIEL','ELOISA','1994-12-06',9119,'134correo','134correo@gmail.com',666666666,666666799,'CERRO EL PONIENTE 1527','84443e989df4d5f1090df92d2df303a516f8ac4f','img/usuario.jpg',1,1,'180418423'),(135,'DARO','ELOISA','2009-12-18',9118,'135correo','135correo@gmail.com',666666666,666666800,'CERRO EL PONIENTE 1528','84443e989df4d5f1090df92d2df303a516f8ac4f','img/usuario.jpg',1,2,'206895519'),(136,'DAVID','ELOISA','2002-02-27',9117,'136correo','136correo@gmail.com',666666666,666666801,'CERRO EL PONIENTE 1529','84443e989df4d5f1090df92d2df303a516f8ac4f','img/usuario.jpg',1,1,'171376246'),(137,'DBORA','ELISABETH','1995-02-03',9116,'137correo','137correo@gmail.com',666666666,666666802,'CERRO EL PONIENTE 1530','84443e989df4d5f1090df92d2df303a516f8ac4f','img/usuario.jpg',1,2,'179431610'),(138,'DELIA','ELISABETH','2003-01-14',9115,'138correo','138correo@gmail.com',666666666,666666803,'CERRO EL PONIENTE 1531','84443e989df4d5f1090df92d2df303a516f8ac4f','img/usuario.jpg',1,1,'198765937'),(139,'DELMIRO','ELISABETH','2012-05-27',9114,'139correo','139correo@gmail.com',666666666,666666804,'CERRO EL PONIENTE 1532','84443e989df4d5f1090df92d2df303a516f8ac4f','img/usuario.jpg',1,2,'18143161k'),(140,'DEMETRIO','ELISABETH','2005-06-20',9113,'140correo','140correo@gmail.com',666666666,666666805,'CERRO EL PONIENTE 1533','84443e989df4d5f1090df92d2df303a516f8ac4f','img/usuario.jpg',1,1,'13276185k'),(141,'DIANA','ELISA','2000-08-16',9112,'141correo','141correo@gmail.com',666666666,666666806,'CERRO EL PONIENTE 1534','84443e989df4d5f1090df92d2df303a516f8ac4f','img/usuario.jpg',1,2,'65243660'),(142,'DIEGO','ELISA','2014-03-05',9111,'142correo','142correo@gmail.com',666666666,666666807,'CERRO EL PONIENTE 1535','84443e989df4d5f1090df92d2df303a516f8ac4f','img/usuario.jpg',1,1,'195180350'),(143,'DINA','ELISA','1996-07-11',9110,'143correo','143correo@gmail.com',666666666,666666808,'CERRO EL PONIENTE 1536','84443e989df4d5f1090df92d2df303a516f8ac4f','img/usuario.jpg',1,2,'215704254'),(144,'DIONISIO','ELISA','2009-05-18',9109,'144correo','144correo@gmail.com',666666666,666666809,'CERRO EL PONIENTE 1537','84443e989df4d5f1090df92d2df303a516f8ac4f','img/usuario.jpg',1,1,'209428245'),(145,'DOLORES','ELAS','1991-09-22',9108,'145correo','145correo@gmail.com',666666666,666666810,'CERRO EL PONIENTE 1538','84443e989df4d5f1090df92d2df303a516f8ac4f','img/usuario.jpg',1,2,'210971386'),(146,'DOMINGO','ELAS','2004-09-10',9107,'146correo','146correo@gmail.com',666666666,666666811,'CERRO EL PONIENTE 1539','84443e989df4d5f1090df92d2df303a516f8ac4f','img/usuario.jpg',1,1,'53284728'),(147,'DOMINICO','ELAS','2011-05-17',9106,'147correo','147correo@gmail.com',666666666,666666812,'CERRO EL PONIENTE 1540','84443e989df4d5f1090df92d2df303a516f8ac4f','img/usuario.jpg',1,2,'17331809k'),(148,'DONATO','ELAS','2002-06-19',9105,'148correo','148correo@gmail.com',666666666,666666813,'CERRO EL PONIENTE 1541','84443e989df4d5f1090df92d2df303a516f8ac4f','img/usuario.jpg',1,1,'94037077'),(149,'DORA','ELEONOR','2000-01-12',9104,'149correo','149correo@gmail.com',666666666,666666814,'CERRO EL PONIENTE 1542','84443e989df4d5f1090df92d2df303a516f8ac4f','img/usuario.jpg',1,2,'221050177'),(150,'DULCINEA','ELEONOR','2004-10-21',9103,'150correo','150correo@gmail.com',666666666,666666815,'CERRO EL PONIENTE 1543','84443e989df4d5f1090df92d2df303a516f8ac4f','img/usuario.jpg',1,1,'168070861'),(151,'BLAS','ELEONOR','2008-10-31',9102,'151correo','151correo@gmail.com',666666666,666666816,'CERRO EL PONIENTE 1544','84443e989df4d5f1090df92d2df303a516f8ac4f','img/usuario.jpg',1,2,'91115875'),(152,'BRENDA','ELEONOR','1999-04-13',9101,'152correo','152correo@gmail.com',666666666,666666817,'CERRO EL PONIENTE 1545','84443e989df4d5f1090df92d2df303a516f8ac4f','img/usuario.jpg',1,1,'127104735'),(153,'BONIFACIO','ELENA','2002-11-07',8421,'153correo','153correo@gmail.com',666666666,666666818,'CERRO EL PONIENTE 1546','84443e989df4d5f1090df92d2df303a516f8ac4f','img/usuario.jpg',1,2,'197395419'),(154,'BORIS','ELENA','2011-01-27',8420,'154correo','154correo@gmail.com',666666666,666666819,'CERRO EL PONIENTE 1547','84443e989df4d5f1090df92d2df303a516f8ac4f','img/usuario.jpg',1,1,'100975165'),(155,'BRGIDA','ELENA','2012-05-13',8419,'155correo','155correo@gmail.com',666666666,666666820,'CERRO EL PONIENTE 1548','84443e989df4d5f1090df92d2df303a516f8ac4f','img/usuario.jpg',1,2,'226493646'),(156,'BRUNILDA','ELENA','2017-07-19',8418,'156correo','156correo@gmail.com',666666666,666666821,'CERRO EL PONIENTE 1549','84443e989df4d5f1090df92d2df303a516f8ac4f','img/usuario.jpg',1,1,'80874227'),(157,'BRUNO','EFRN','2017-10-10',8417,'157correo','157correo@gmail.com',666666666,666666822,'CERRO EL PONIENTE 1550','84443e989df4d5f1090df92d2df303a516f8ac4f','img/usuario.jpg',1,2,'69571468'),(158,'CALIXTO','EFRN','1997-09-07',8416,'158correo','158correo@gmail.com',666666666,666666823,'CERRO EL PONIENTE 1551','84443e989df4d5f1090df92d2df303a516f8ac4f','img/usuario.jpg',1,1,'75530579'),(159,'CAMELIA','EFRN','1998-03-27',8415,'159correo','159correo@gmail.com',666666666,666666824,'CERRO EL PONIENTE 1552','84443e989df4d5f1090df92d2df303a516f8ac4f','img/usuario.jpg',1,2,'206217324'),(160,'CAMILA','EFRN','1991-06-10',8414,'160correo','160correo@gmail.com',666666666,666666825,'CERRO EL PONIENTE 1553','84443e989df4d5f1090df92d2df303a516f8ac4f','img/usuario.jpg',1,1,'24091459k'),(161,'CNDIDO','EFRAN','2008-10-23',8413,'161correo','161correo@gmail.com',666666666,666666826,'CERRO EL PONIENTE 1554','84443e989df4d5f1090df92d2df303a516f8ac4f','img/usuario.jpg',1,2,'242771176'),(162,'CARIDAD','EFRAN','1994-01-04',8412,'162correo','162correo@gmail.com',666666666,666666827,'CERRO EL PONIENTE 1555','84443e989df4d5f1090df92d2df303a516f8ac4f','img/usuario.jpg',1,1,'61022066'),(163,'CARINA','EFRAN','1994-03-15',8411,'163correo','163correo@gmail.com',666666666,666666828,'CERRO EL PONIENTE 1556','84443e989df4d5f1090df92d2df303a516f8ac4f','img/usuario.jpg',1,2,'228701912'),(164,'CARLOS','EFRAN','2008-09-02',8410,'164correo','164correo@gmail.com',666666666,666666829,'CERRO EL PONIENTE 1557','84443e989df4d5f1090df92d2df303a516f8ac4f','img/usuario.jpg',1,1,'143736733'),(165,'CARLA','EDUARDO','1991-12-09',8409,'165correo','165correo@gmail.com',666666666,666666830,'CERRO EL PONIENTE 1558','84443e989df4d5f1090df92d2df303a516f8ac4f','img/usuario.jpg',1,2,'126345704'),(166,'CARMELO','EDUARDO','1992-03-15',8408,'166correo','166correo@gmail.com',666666666,666666831,'CERRO EL PONIENTE 1559','84443e989df4d5f1090df92d2df303a516f8ac4f','img/usuario.jpg',1,1,'189936788'),(167,'CARMEN','EDUARDO','2011-09-14',8407,'167correo','167correo@gmail.com',666666666,666666832,'CERRO EL PONIENTE 1560','84443e989df4d5f1090df92d2df303a516f8ac4f','img/usuario.jpg',1,2,'176114959'),(168,'CAROLA','EDUARDO','2003-01-30',8406,'168correo','168correo@gmail.com',666666666,666666833,'CERRO EL PONIENTE 1561','84443e989df4d5f1090df92d2df303a516f8ac4f','img/usuario.jpg',1,1,'201327253'),(169,'CAROLINA','EDMUNDO','2009-03-02',8405,'169correo','169correo@gmail.com',666666666,666666834,'CERRO EL PONIENTE 1562','84443e989df4d5f1090df92d2df303a516f8ac4f','img/usuario.jpg',1,2,'173550022'),(170,'CASILDA','EDMUNDO','1994-04-25',8404,'170correo','170correo@gmail.com',666666666,666666835,'CERRO EL PONIENTE 1563','84443e989df4d5f1090df92d2df303a516f8ac4f','img/usuario.jpg',1,1,'247026363'),(171,'CASIMIRO','EDMUNDO','2016-04-06',8403,'171correo','171correo@gmail.com',666666666,666666836,'CERRO EL PONIENTE 1564','84443e989df4d5f1090df92d2df303a516f8ac4f','img/usuario.jpg',1,2,'166148979'),(172,'CATALINA','EDMUNDO','2007-11-27',8402,'172correo','172correo@gmail.com',666666666,666666837,'CERRO EL PONIENTE 1565','84443e989df4d5f1090df92d2df303a516f8ac4f','img/usuario.jpg',1,1,'131783892'),(173,'CAYETANO','EDITH','2007-02-13',8401,'173correo','173correo@gmail.com',666666666,666666838,'CERRO EL PONIENTE 1566','84443e989df4d5f1090df92d2df303a516f8ac4f','img/usuario.jpg',1,2,'19321780k'),(174,'CECILIA','EDITH','2017-02-28',8314,'174correo','174correo@gmail.com',666666666,666666839,'CERRO EL PONIENTE 1567','84443e989df4d5f1090df92d2df303a516f8ac4f','img/usuario.jpg',1,1,'143115798'),(175,'EDGARDO','EDITH','2017-07-09',8313,'175correo','175correo@gmail.com',666666666,666666840,'CERRO EL PONIENTE 1568','84443e989df4d5f1090df92d2df303a516f8ac4f','img/usuario.jpg',1,2,'116101858'),(176,'EDITH','EDITH','1996-09-05',8312,'176correo','176correo@gmail.com',666666666,666666841,'CERRO EL PONIENTE 1569','84443e989df4d5f1090df92d2df303a516f8ac4f','img/usuario.jpg',1,1,'139806190'),(177,'EDMUNDO','EDGARDO','1995-04-28',8311,'177correo','177correo@gmail.com',666666666,666666842,'CERRO EL PONIENTE 1570','84443e989df4d5f1090df92d2df303a516f8ac4f','img/usuario.jpg',1,2,'102927850'),(178,'EDUARDO','EDGARDO','2017-09-23',8310,'178correo','178correo@gmail.com',666666666,666666843,'CERRO EL PONIENTE 1571','84443e989df4d5f1090df92d2df303a516f8ac4f','img/usuario.jpg',1,1,'184464411'),(179,'EFRAN','EDGARDO','2013-11-22',8309,'179correo','179correo@gmail.com',666666666,666666844,'CERRO EL PONIENTE 1572','84443e989df4d5f1090df92d2df303a516f8ac4f','img/usuario.jpg',1,2,'110585225'),(180,'EFRN','EDGARDO','1999-04-26',8308,'180correo','180correo@gmail.com',666666666,666666845,'CERRO EL PONIENTE 1573','84443e989df4d5f1090df92d2df303a516f8ac4f','img/usuario.jpg',1,1,'155580178'),(181,'ELENA','DULCINEA','1995-12-14',8307,'181correo','181correo@gmail.com',666666666,666666846,'CERRO EL PONIENTE 1574','84443e989df4d5f1090df92d2df303a516f8ac4f','img/usuario.jpg',1,2,'146951627'),(182,'ELEONOR','DORA','2005-01-15',8306,'182correo','182correo@gmail.com',666666666,666666847,'CERRO EL PONIENTE 1575','84443e989df4d5f1090df92d2df303a516f8ac4f','img/usuario.jpg',1,1,'183648829'),(183,'ELAS','DONATO','2007-01-06',8305,'183correo','183correo@gmail.com',666666666,666666848,'CERRO EL PONIENTE 1576','84443e989df4d5f1090df92d2df303a516f8ac4f','img/usuario.jpg',1,2,'13789307k'),(184,'ELISA','DOMINICO','2013-09-06',8304,'184correo','184correo@gmail.com',666666666,666666849,'CERRO EL PONIENTE 1577','84443e989df4d5f1090df92d2df303a516f8ac4f','img/usuario.jpg',1,1,'132560315'),(185,'ELISABETH','DOMINGO','2009-01-16',8303,'185correo','185correo@gmail.com',666666666,666666850,'CERRO EL PONIENTE 1578','84443e989df4d5f1090df92d2df303a516f8ac4f','img/usuario.jpg',1,2,'80534078'),(186,'ELOISA','DOLORES','2016-03-07',8302,'186correo','186correo@gmail.com',666666666,666666851,'CERRO EL PONIENTE 1579','84443e989df4d5f1090df92d2df303a516f8ac4f','img/usuario.jpg',1,1,'56451714'),(187,'ELOY','DIONISIO','2006-10-30',8301,'187correo','187correo@gmail.com',666666666,666666852,'CERRO EL PONIENTE 1580','84443e989df4d5f1090df92d2df303a516f8ac4f','img/usuario.jpg',1,2,'117094243'),(188,'ELSA','DINA','1994-02-09',8207,'188correo','188correo@gmail.com',666666666,666666853,'CERRO EL PONIENTE 1581','84443e989df4d5f1090df92d2df303a516f8ac4f','img/usuario.jpg',1,1,'182672661'),(189,'ELVIRA','DIEGO','2014-04-22',8206,'189correo','189correo@gmail.com',666666666,666666854,'CERRO EL PONIENTE 1582','84443e989df4d5f1090df92d2df303a516f8ac4f','img/usuario.jpg',1,2,'247454381'),(190,'EMILIA','DIANA','2000-03-21',8205,'190correo','190correo@gmail.com',666666666,666666855,'CERRO EL PONIENTE 1583','84443e989df4d5f1090df92d2df303a516f8ac4f','img/usuario.jpg',1,1,'184461374'),(191,'EMILIO','DEMETRIO','1992-12-29',8204,'191correo','191correo@gmail.com',666666666,666666856,'CERRO EL PONIENTE 1584','84443e989df4d5f1090df92d2df303a516f8ac4f','img/usuario.jpg',1,2,'169383863'),(192,'EMA','DELMIRO','2001-05-15',8203,'192correo','192correo@gmail.com',666666666,666666857,'CERRO EL PONIENTE 1585','84443e989df4d5f1090df92d2df303a516f8ac4f','img/usuario.jpg',1,1,'14831456k'),(193,'EMANUEL','DELIA','1995-06-15',8202,'193correo','193correo@gmail.com',666666666,666666858,'CERRO EL PONIENTE 1586','84443e989df4d5f1090df92d2df303a516f8ac4f','img/usuario.jpg',1,2,'218529569'),(194,'EMILIO','DBORA','2001-12-10',8201,'194correo','194correo@gmail.com',666666666,666666859,'CERRO EL PONIENTE 1587','84443e989df4d5f1090df92d2df303a516f8ac4f','img/usuario.jpg',1,1,'222144124'),(195,'ENCARNACIN','DAVID','2001-04-11',8112,'195correo','195correo@gmail.com',666666666,666666860,'CERRO EL PONIENTE 1588','84443e989df4d5f1090df92d2df303a516f8ac4f','img/usuario.jpg',1,2,'223067808'),(196,'ENGRACIA','DARO','1993-01-31',8111,'196correo','196correo@gmail.com',666666666,666666861,'CERRO EL PONIENTE 1589','84443e989df4d5f1090df92d2df303a516f8ac4f','img/usuario.jpg',1,1,'221076893'),(197,'ENRIQUE','DANIEL','2000-02-17',8110,'197correo','197correo@gmail.com',666666666,666666862,'CERRO EL PONIENTE 1590','84443e989df4d5f1090df92d2df303a516f8ac4f','img/usuario.jpg',1,2,'84526401'),(198,'ERASMO','DANA','1994-10-24',8109,'198correo','198correo@gmail.com',666666666,666666863,'CERRO EL PONIENTE 1591','84443e989df4d5f1090df92d2df303a516f8ac4f','img/usuario.jpg',1,1,'191508246'),(199,'ERICO','DAGOBERTO','2011-07-10',8108,'199correo','199correo@gmail.com',666666666,666666864,'CERRO EL PONIENTE 1592','84443e989df4d5f1090df92d2df303a516f8ac4f','img/usuario.jpg',1,2,'113685816'),(200,'ERIC','CRUZ','1972-02-20',8107,'200correo','200correo@gmail.com',666666666,666666865,'CERRO EL PONIENTE 1593','84443e989df4d5f1090df92d2df303a516f8ac4f','img/usuario.jpg',1,1,'152634331'),(201,'ERICA','CRISTBAL','1970-01-16',8106,'201correo','201correo@gmail.com',666666666,666666866,'CERRO EL PONIENTE 1594','84443e989df4d5f1090df92d2df303a516f8ac4f','img/usuario.jpg',1,2,'107239820'),(202,'ERNESTO','CRISTINA','1962-10-26',8105,'202correo','202correo@gmail.com',666666666,666666867,'CERRO EL PONIENTE 1595','84443e989df4d5f1090df92d2df303a516f8ac4f','img/usuario.jpg',1,1,'163024357'),(203,'ESMERALDA','CRISTIAN','1983-07-25',8104,'203correo','203correo@gmail.com',666666666,666666868,'CERRO EL PONIENTE 1596','84443e989df4d5f1090df92d2df303a516f8ac4f','img/usuario.jpg',1,2,'170983807'),(204,'ESPERANZA','CRISSTOMO','1963-12-08',8103,'204correo','204correo@gmail.com',666666666,666666869,'CERRO EL PONIENTE 1597','84443e989df4d5f1090df92d2df303a516f8ac4f','img/usuario.jpg',1,1,'228055913'),(205,'ESTEBAN','CRISANTO','1972-11-21',8102,'205correo','205correo@gmail.com',666666666,666666870,'CERRO EL PONIENTE 1598','84443e989df4d5f1090df92d2df303a516f8ac4f','img/usuario.jpg',1,2,'7865290k'),(206,'ESTEFANA','COSME','1982-03-21',8101,'206correo','206correo@gmail.com',666666666,666666871,'CERRO EL PONIENTE 1599','84443e989df4d5f1090df92d2df303a516f8ac4f','img/usuario.jpg',1,1,'229379070'),(207,'ESTELA','CORNELIO','1984-05-30',7408,'207correo','207correo@gmail.com',666666666,666666872,'CERRO EL PONIENTE 1600','84443e989df4d5f1090df92d2df303a516f8ac4f','img/usuario.jpg',1,2,'7752701k'),(208,'ESTER','CORDELIA','1985-08-30',7407,'208correo','208correo@gmail.com',666666666,666666873,'CERRO EL PONIENTE 1601','84443e989df4d5f1090df92d2df303a516f8ac4f','img/usuario.jpg',1,1,'86299666'),(209,'ETEL','CORA','1965-08-11',7406,'209correo','209correo@gmail.com',666666666,666666874,'CERRO EL PONIENTE 1602','84443e989df4d5f1090df92d2df303a516f8ac4f','img/usuario.jpg',1,2,'150671493'),(210,'EUCLIDES','CONSUELO','1971-09-07',7405,'210correo','210correo@gmail.com',666666666,666666875,'CERRO EL PONIENTE 1603','84443e989df4d5f1090df92d2df303a516f8ac4f','img/usuario.jpg',1,1,'16479718k'),(211,'EUDOSIA','CONSTANTINO','1980-10-18',7404,'211correo','211correo@gmail.com',666666666,666666876,'CERRO EL PONIENTE 1604','84443e989df4d5f1090df92d2df303a516f8ac4f','img/usuario.jpg',1,2,'195316422'),(212,'EUDOXIO','CONSTANCIO','1975-09-16',7403,'212correo','212correo@gmail.com',666666666,666666877,'CERRO EL PONIENTE 1605','84443e989df4d5f1090df92d2df303a516f8ac4f','img/usuario.jpg',1,1,'125769128'),(213,'EUFEMIO','CONRADO','1973-04-26',7402,'213correo','213correo@gmail.com',666666666,666666878,'CERRO EL PONIENTE 1606','84443e989df4d5f1090df92d2df303a516f8ac4f','img/usuario.jpg',1,2,'212988278'),(214,'EUFEMIA','CONCEPCIN','1984-09-29',7401,'214correo','214correo@gmail.com',666666666,666666879,'CERRO EL PONIENTE 1607','84443e989df4d5f1090df92d2df303a516f8ac4f','img/usuario.jpg',1,1,'246025312'),(215,'EUFRASIO','CLOTILDE','1968-01-19',7309,'215correo','215correo@gmail.com',666666666,666666880,'CERRO EL PONIENTE 1608','84443e989df4d5f1090df92d2df303a516f8ac4f','img/usuario.jpg',1,2,'125211232'),(216,'EUFRASIA','CLEOPATRA','1983-08-11',7308,'216correo','216correo@gmail.com',666666666,666666881,'CERRO EL PONIENTE 1609','84443e989df4d5f1090df92d2df303a516f8ac4f','img/usuario.jpg',1,1,'79605247'),(217,'EUGENIO','CLEMENTE','1984-11-30',7307,'217correo','217correo@gmail.com',666666666,666666882,'CERRO EL PONIENTE 1610','84443e989df4d5f1090df92d2df303a516f8ac4f','img/usuario.jpg',1,2,'59480782'),(218,'EUGENIA','CLAUDIO','1963-11-27',7306,'218correo','218correo@gmail.com',666666666,666666883,'CERRO EL PONIENTE 1611','84443e989df4d5f1090df92d2df303a516f8ac4f','img/usuario.jpg',1,1,'72474864'),(219,'EULALIO','CLAUDIA','1976-12-20',7305,'219correo','219correo@gmail.com',666666666,666666884,'CERRO EL PONIENTE 1612','84443e989df4d5f1090df92d2df303a516f8ac4f','img/usuario.jpg',1,2,'112167323'),(220,'EULALIA','CLARA','1963-12-18',7304,'220correo','220correo@gmail.com',666666666,666666885,'CERRO EL PONIENTE 1613','84443e989df4d5f1090df92d2df303a516f8ac4f','img/usuario.jpg',1,1,'62572299'),(221,'EUSEBIO','CIRO','1966-03-08',7303,'221correo','221correo@gmail.com',666666666,666666886,'CERRO EL PONIENTE 1614','84443e989df4d5f1090df92d2df303a516f8ac4f','img/usuario.jpg',1,2,'21094558k'),(222,'EUSTAQUIO','CIRILO','1974-02-14',7302,'222correo','222correo@gmail.com',666666666,666666887,'CERRO EL PONIENTE 1615','84443e989df4d5f1090df92d2df303a516f8ac4f','img/usuario.jpg',1,1,'247189114'),(223,'EVA','CIPRIANO','1979-06-07',7301,'223correo','223correo@gmail.com',666666666,666666888,'CERRO EL PONIENTE 1616','84443e989df4d5f1090df92d2df303a516f8ac4f','img/usuario.jpg',1,2,'187546389'),(224,'EDGARDO','CINTIA','1964-05-17',7203,'224correo','224correo@gmail.com',666666666,666666889,'CERRO EL PONIENTE 1617','84443e989df4d5f1090df92d2df303a516f8ac4f','img/usuario.jpg',1,1,'231369805'),(225,'EDITH','CESREO','1973-07-07',7202,'225correo','225correo@gmail.com',666666666,666666890,'CERRO EL PONIENTE 1618','84443e989df4d5f1090df92d2df303a516f8ac4f','img/usuario.jpg',1,2,'230452156'),(226,'EDMUNDO','CSAR','1973-02-18',7201,'226correo','226correo@gmail.com',666666666,666666891,'CERRO EL PONIENTE 1619','84443e989df4d5f1090df92d2df303a516f8ac4f','img/usuario.jpg',1,1,'165244974'),(227,'EDUARDO','CELSO','1968-04-03',7110,'227correo','227correo@gmail.com',666666666,666666892,'CERRO EL PONIENTE 1620','84443e989df4d5f1090df92d2df303a516f8ac4f','img/usuario.jpg',1,2,'119465141'),(228,'EFRAN','CELINA','1968-05-10',7109,'228correo','228correo@gmail.com',666666666,666666893,'CERRO EL PONIENTE 1621','84443e989df4d5f1090df92d2df303a516f8ac4f','img/usuario.jpg',1,1,'81234027'),(229,'EFRN','CELIA','1976-02-28',7108,'229correo','229correo@gmail.com',666666666,666666894,'CERRO EL PONIENTE 1622','84443e989df4d5f1090df92d2df303a516f8ac4f','img/usuario.jpg',1,2,'238102839'),(230,'ELENA','CELESTINA','1964-12-29',7107,'230correo','230correo@gmail.com',666666666,666666895,'CERRO EL PONIENTE 1623','84443e989df4d5f1090df92d2df303a516f8ac4f','img/usuario.jpg',1,1,'219430787'),(231,'ELEONOR','CECILIA','1971-09-12',7106,'231correo','231correo@gmail.com',666666666,666666896,'CERRO EL PONIENTE 1624','84443e989df4d5f1090df92d2df303a516f8ac4f','img/usuario.jpg',1,2,'243777097'),(232,'ELAS','CECILIA','1963-11-02',7105,'232correo','232correo@gmail.com',666666666,666666897,'CERRO EL PONIENTE 1625','84443e989df4d5f1090df92d2df303a516f8ac4f','img/usuario.jpg',1,1,'127553084'),(233,'ELISA','CAYETANO','1964-11-21',7104,'233correo','233correo@gmail.com',666666666,666666898,'CERRO EL PONIENTE 1626','84443e989df4d5f1090df92d2df303a516f8ac4f','img/usuario.jpg',1,2,'128450947'),(234,'ELISABETH','CAYETANO','1969-04-07',7103,'234correo','234correo@gmail.com',666666666,666666899,'CERRO EL PONIENTE 1627','84443e989df4d5f1090df92d2df303a516f8ac4f','img/usuario.jpg',1,1,'16360115k'),(235,'ELOISA','CATALINA','1972-01-06',7102,'235correo','235correo@gmail.com',666666666,666666900,'CERRO EL PONIENTE 1628','84443e989df4d5f1090df92d2df303a516f8ac4f','img/usuario.jpg',1,2,'58027405'),(236,'ELOY','CATALINA','1972-03-16',7101,'236correo','236correo@gmail.com',666666666,666666901,'CERRO EL PONIENTE 1629','84443e989df4d5f1090df92d2df303a516f8ac4f','img/usuario.jpg',1,1,'105941110'),(237,'ELSA','CASIMIRO','1980-12-21',6310,'237correo','237correo@gmail.com',666666666,666666902,'CERRO EL PONIENTE 1630','84443e989df4d5f1090df92d2df303a516f8ac4f','img/usuario.jpg',1,2,'80467176'),(238,'ELVIRA','CASIMIRO','1983-07-17',6309,'238correo','238correo@gmail.com',666666666,666666903,'CERRO EL PONIENTE 1631','84443e989df4d5f1090df92d2df303a516f8ac4f','img/usuario.jpg',1,1,'96672519'),(239,'EMILIA','CASILDA','1976-11-04',6308,'239correo','239correo@gmail.com',666666666,666666904,'CERRO EL PONIENTE 1632','84443e989df4d5f1090df92d2df303a516f8ac4f','img/usuario.jpg',1,2,'50220370'),(240,'EMILIO','CASILDA','1962-10-05',6307,'240correo','240correo@gmail.com',666666666,666666905,'CERRO EL PONIENTE 1633','84443e989df4d5f1090df92d2df303a516f8ac4f','img/usuario.jpg',1,1,'102186826'),(241,'EMA','CAROLINA','1978-03-14',6306,'241correo','241correo@gmail.com',666666666,666666906,'CERRO EL PONIENTE 1634','84443e989df4d5f1090df92d2df303a516f8ac4f','img/usuario.jpg',1,2,'248483083'),(242,'EMANUEL','CAROLINA','1979-08-06',6305,'242correo','242correo@gmail.com',666666666,666666907,'CERRO EL PONIENTE 1635','84443e989df4d5f1090df92d2df303a516f8ac4f','img/usuario.jpg',1,1,'174780706'),(243,'EMILIO','CAROLA','1976-11-12',6304,'243correo','243correo@gmail.com',666666666,666666908,'CERRO EL PONIENTE 1636','84443e989df4d5f1090df92d2df303a516f8ac4f','img/usuario.jpg',1,2,'190838455'),(244,'ENCARNACIN','CAROLA','1982-08-19',6303,'244correo','244correo@gmail.com',666666666,666666909,'CERRO EL PONIENTE 1637','84443e989df4d5f1090df92d2df303a516f8ac4f','img/usuario.jpg',1,1,'60132798'),(245,'ENGRACIA','CARMEN','1970-11-27',6302,'245correo','245correo@gmail.com',666666666,666666910,'CERRO EL PONIENTE 1638','84443e989df4d5f1090df92d2df303a516f8ac4f','img/usuario.jpg',1,2,'236471578'),(246,'ENRIQUE','CARMEN','1982-08-29',6301,'246correo','246correo@gmail.com',666666666,666666911,'CERRO EL PONIENTE 1639','84443e989df4d5f1090df92d2df303a516f8ac4f','img/usuario.jpg',1,1,'187160634'),(247,'ERASMO','CARMELO','1966-03-08',6206,'247correo','247correo@gmail.com',666666666,666666912,'CERRO EL PONIENTE 1640','84443e989df4d5f1090df92d2df303a516f8ac4f','img/usuario.jpg',1,2,'146407714'),(248,'ERICO','CARMELO','1966-02-03',6205,'248correo','248correo@gmail.com',666666666,666666913,'CERRO EL PONIENTE 1641','84443e989df4d5f1090df92d2df303a516f8ac4f','img/usuario.jpg',1,1,'248199911'),(249,'ERIC','CARLOS','1980-12-02',6204,'249correo','249correo@gmail.com',666666666,666666914,'CERRO EL PONIENTE 1642','84443e989df4d5f1090df92d2df303a516f8ac4f','img/usuario.jpg',1,2,'200597737'),(250,'ERICA','CARLOS','1961-09-17',6203,'250correo','250correo@gmail.com',666666666,666666915,'CERRO EL PONIENTE 1643','84443e989df4d5f1090df92d2df303a516f8ac4f','img/usuario.jpg',1,1,'231000690'),(251,'ERNESTO','CARLA','1969-01-02',6202,'251correo','251correo@gmail.com',666666666,666666916,'CERRO EL PONIENTE 1644','84443e989df4d5f1090df92d2df303a516f8ac4f','img/usuario.jpg',1,2,'139577175'),(252,'ESMERALDA','CARLA','1963-07-19',6201,'252correo','252correo@gmail.com',666666666,666666917,'CERRO EL PONIENTE 1645','84443e989df4d5f1090df92d2df303a516f8ac4f','img/usuario.jpg',1,1,'220680487'),(253,'ESPERANZA','CARINA','1969-01-03',6117,'253correo','253correo@gmail.com',666666666,666666918,'CERRO EL PONIENTE 1646','84443e989df4d5f1090df92d2df303a516f8ac4f','img/usuario.jpg',1,2,'120234757'),(254,'ESTEBAN','CARINA','1974-11-06',6116,'254correo','254correo@gmail.com',666666666,666666919,'CERRO EL PONIENTE 1647','84443e989df4d5f1090df92d2df303a516f8ac4f','img/usuario.jpg',1,1,'130203728'),(255,'ESTEFANA','CARIDAD','1961-01-18',6115,'255correo','255correo@gmail.com',666666666,666666920,'CERRO EL PONIENTE 1648','84443e989df4d5f1090df92d2df303a516f8ac4f','img/usuario.jpg',1,2,'100744910'),(256,'ESTELA','CARIDAD','1970-07-04',6114,'256correo','256correo@gmail.com',666666666,666666921,'CERRO EL PONIENTE 1649','84443e989df4d5f1090df92d2df303a516f8ac4f','img/usuario.jpg',1,1,'110439741'),(257,'ESTER','CNDIDO','1969-05-03',6113,'257correo','257correo@gmail.com',666666666,666666922,'CERRO EL PONIENTE 1650','84443e989df4d5f1090df92d2df303a516f8ac4f','img/usuario.jpg',1,2,'94804019'),(258,'ETEL','CNDIDO','1982-09-27',1101,'258correo','258correo@gmail.com',666666666,666666923,'CERRO EL PONIENTE 1651','84443e989df4d5f1090df92d2df303a516f8ac4f','img/usuario.jpg',1,1,'209021455'),(259,'EUCLIDES','CAMILA','1961-09-08',1107,'259correo','259correo@gmail.com',666666666,666666924,'CERRO EL PONIENTE 1652','84443e989df4d5f1090df92d2df303a516f8ac4f','img/usuario.jpg',1,2,'224412711'),(260,'EUDOSIA','CAMILA','1977-10-14',1401,'260correo','260correo@gmail.com',666666666,666666925,'CERRO EL PONIENTE 1653','84443e989df4d5f1090df92d2df303a516f8ac4f','img/usuario.jpg',1,1,'66762092'),(261,'EUDOXIO','CAMELIA','1983-04-06',1402,'261correo','261correo@gmail.com',666666666,666666926,'CERRO EL PONIENTE 1654','84443e989df4d5f1090df92d2df303a516f8ac4f','img/usuario.jpg',1,2,'175461345'),(262,'EUFEMIO','CAMELIA','1971-10-17',1403,'262correo','262correo@gmail.com',666666666,666666927,'CERRO EL PONIENTE 1655','84443e989df4d5f1090df92d2df303a516f8ac4f','img/usuario.jpg',1,1,'121192543'),(263,'EUFEMIA','CALIXTO','1971-01-20',1404,'263correo','263correo@gmail.com',666666666,666666928,'CERRO EL PONIENTE 1656','84443e989df4d5f1090df92d2df303a516f8ac4f','img/usuario.jpg',1,2,'112992138'),(264,'EUFRASIO','CALIXTO','1976-03-20',1405,'264correo','264correo@gmail.com',666666666,666666929,'CERRO EL PONIENTE 1657','84443e989df4d5f1090df92d2df303a516f8ac4f','img/usuario.jpg',1,1,'145784840'),(265,'EUFRASIA','BRUNO','1978-03-25',2101,'265correo','265correo@gmail.com',666666666,666666930,'CERRO EL PONIENTE 1658','84443e989df4d5f1090df92d2df303a516f8ac4f','img/usuario.jpg',1,2,'241222055'),(266,'EUGENIO','BRUNO','1962-12-17',2102,'266correo','266correo@gmail.com',666666666,666666931,'CERRO EL PONIENTE 1659','84443e989df4d5f1090df92d2df303a516f8ac4f','img/usuario.jpg',1,1,'238698804'),(267,'EUGENIA','BRUNILDA','1981-02-05',2103,'267correo','267correo@gmail.com',666666666,666666932,'CERRO EL PONIENTE 1660','84443e989df4d5f1090df92d2df303a516f8ac4f','img/usuario.jpg',1,2,'202853668'),(268,'EULALIO','BRUNILDA','1961-03-13',2104,'268correo','268correo@gmail.com',666666666,666666933,'CERRO EL PONIENTE 1661','84443e989df4d5f1090df92d2df303a516f8ac4f','img/usuario.jpg',1,1,'178721909'),(269,'EULALIA','BRGIDA','1974-06-23',2201,'269correo','269correo@gmail.com',666666666,666666934,'CERRO EL PONIENTE 1662','84443e989df4d5f1090df92d2df303a516f8ac4f','img/usuario.jpg',1,2,'152877692'),(270,'EUSEBIO','BRGIDA','1970-10-25',2202,'270correo','270correo@gmail.com',666666666,666666935,'CERRO EL PONIENTE 1663','84443e989df4d5f1090df92d2df303a516f8ac4f','img/usuario.jpg',1,1,'132319707'),(271,'EUSTAQUIO','BRENDA','1979-04-17',2203,'271correo','271correo@gmail.com',666666666,666666936,'CERRO EL PONIENTE 1664','84443e989df4d5f1090df92d2df303a516f8ac4f','img/usuario.jpg',1,2,'63304441'),(272,'EVA','BRENDA','1975-12-09',2301,'272correo','272correo@gmail.com',666666666,666666937,'CERRO EL PONIENTE 1665','84443e989df4d5f1090df92d2df303a516f8ac4f','img/usuario.jpg',1,1,'245734743'),(273,'EDGARDO','BORIS','1972-11-30',2302,'273correo','273correo@gmail.com',666666666,666666938,'CERRO EL PONIENTE 1666','84443e989df4d5f1090df92d2df303a516f8ac4f','img/usuario.jpg',1,2,'121852748'),(274,'EDITH','BORIS','1972-04-19',3101,'274correo','274correo@gmail.com',666666666,666666939,'CERRO EL PONIENTE 1667','84443e989df4d5f1090df92d2df303a516f8ac4f','img/usuario.jpg',1,1,'115868047'),(275,'EDMUNDO','BONIFACIO','1969-04-30',3102,'275correo','275correo@gmail.com',666666666,666666940,'CERRO EL PONIENTE 1668','84443e989df4d5f1090df92d2df303a516f8ac4f','img/usuario.jpg',1,2,'241354970'),(276,'EDUARDO','BONIFACIO','1981-09-30',3103,'276correo','276correo@gmail.com',666666666,666666941,'CERRO EL PONIENTE 1669','84443e989df4d5f1090df92d2df303a516f8ac4f','img/usuario.jpg',1,1,'174130329'),(277,'EFRAN','BLAS','1978-12-01',3201,'277correo','277correo@gmail.com',666666666,666666942,'CERRO EL PONIENTE 1670','84443e989df4d5f1090df92d2df303a516f8ac4f','img/usuario.jpg',1,2,'95927998'),(278,'EFRN','BLAS','1965-09-13',3202,'278correo','278correo@gmail.com',666666666,666666943,'CERRO EL PONIENTE 1671','84443e989df4d5f1090df92d2df303a516f8ac4f','img/usuario.jpg',1,1,'237802136'),(279,'ELENA','BLANCA','1960-12-26',3301,'279correo','279correo@gmail.com',666666666,666666944,'CERRO EL PONIENTE 1672','84443e989df4d5f1090df92d2df303a516f8ac4f','img/usuario.jpg',1,2,'70109611'),(280,'ELEONOR','BIBIANA','1984-01-13',3302,'280correo','280correo@gmail.com',666666666,666666945,'CERRO EL PONIENTE 1673','84443e989df4d5f1090df92d2df303a516f8ac4f','img/usuario.jpg',1,1,'128370641'),(281,'ELAS','BIANCA','1970-05-15',3303,'281correo','281correo@gmail.com',666666666,666666946,'CERRO EL PONIENTE 1674','84443e989df4d5f1090df92d2df303a516f8ac4f','img/usuario.jpg',1,2,'91353962'),(282,'ELISA','BERTA','1964-05-21',3304,'282correo','282correo@gmail.com',666666666,666666947,'CERRO EL PONIENTE 1675','84443e989df4d5f1090df92d2df303a516f8ac4f','img/usuario.jpg',1,1,'190175588'),(283,'ELISABETH','BERNARDO','1974-07-12',4101,'283correo','283correo@gmail.com',666666666,666666948,'CERRO EL PONIENTE 1676','84443e989df4d5f1090df92d2df303a516f8ac4f','img/usuario.jpg',1,2,'181129980'),(284,'ELOISA','BERNARDINO','1979-07-04',4102,'284correo','284correo@gmail.com',666666666,666666949,'CERRO EL PONIENTE 1677','84443e989df4d5f1090df92d2df303a516f8ac4f','img/usuario.jpg',1,1,'103586259'),(285,'ELOY','BERNARDINA','1982-01-09',4103,'285correo','285correo@gmail.com',666666666,666666950,'CERRO EL PONIENTE 1678','84443e989df4d5f1090df92d2df303a516f8ac4f','img/usuario.jpg',1,2,'224188889'),(286,'ELSA','BERNAB','1963-12-17',4104,'286correo','286correo@gmail.com',666666666,666666951,'CERRO EL PONIENTE 1679','84443e989df4d5f1090df92d2df303a516f8ac4f','img/usuario.jpg',1,1,'61229124'),(287,'ELVIRA','BERENICE','1978-04-25',4105,'287correo','287correo@gmail.com',666666666,666666952,'CERRO EL PONIENTE 1680','84443e989df4d5f1090df92d2df303a516f8ac4f','img/usuario.jpg',1,2,'83051043'),(288,'EMILIA','BENJAMN','1963-08-12',4106,'288correo','288correo@gmail.com',666666666,666666953,'CERRO EL PONIENTE 1681','84443e989df4d5f1090df92d2df303a516f8ac4f','img/usuario.jpg',1,1,'230015392'),(289,'EMILIO','BENITO','1965-10-09',4201,'289correo','289correo@gmail.com',666666666,666666954,'CERRO EL PONIENTE 1682','84443e989df4d5f1090df92d2df303a516f8ac4f','img/usuario.jpg',1,2,'246542732'),(290,'EMA','BENIGNO','1971-05-24',4202,'290correo','290correo@gmail.com',666666666,666666955,'CERRO EL PONIENTE 1683','84443e989df4d5f1090df92d2df303a516f8ac4f','img/usuario.jpg',1,1,'22368436k'),(291,'EMANUEL','BELTRN','1979-03-14',4203,'291correo','291correo@gmail.com',666666666,666666956,'CERRO EL PONIENTE 1684','84443e989df4d5f1090df92d2df303a516f8ac4f','img/usuario.jpg',1,2,'70444100'),(292,'EMILIO','BELINDA','1979-10-22',4204,'292correo','292correo@gmail.com',666666666,666666957,'CERRO EL PONIENTE 1685','84443e989df4d5f1090df92d2df303a516f8ac4f','img/usuario.jpg',1,1,'210532684'),(293,'ENCARNACIN','BELN','1980-10-15',4301,'293correo','293correo@gmail.com',666666666,666666958,'CERRO EL PONIENTE 1686','84443e989df4d5f1090df92d2df303a516f8ac4f','img/usuario.jpg',1,2,'227421967'),(294,'ENGRACIA','BEATRIZ','1964-04-27',4302,'294correo','294correo@gmail.com',666666666,666666959,'CERRO EL PONIENTE 1687','84443e989df4d5f1090df92d2df303a516f8ac4f','img/usuario.jpg',1,1,'62140615'),(295,'ENRIQUE','BAUTISTA','1963-08-21',4303,'295correo','295correo@gmail.com',666666666,666666960,'CERRO EL PONIENTE 1688','84443e989df4d5f1090df92d2df303a516f8ac4f','img/usuario.jpg',1,2,'145644119'),(296,'ERASMO','BASILIO','1965-05-08',4304,'296correo','296correo@gmail.com',666666666,666666961,'CERRO EL PONIENTE 1689','84443e989df4d5f1090df92d2df303a516f8ac4f','img/usuario.jpg',1,1,'61349715'),(297,'ERICO','BARTOLOM','1968-05-28',4305,'297correo','297correo@gmail.com',666666666,666666962,'CERRO EL PONIENTE 1690','84443e989df4d5f1090df92d2df303a516f8ac4f','img/usuario.jpg',1,2,'57922338'),(298,'ERIC','BRBARA','1961-02-05',5101,'298correo','298correo@gmail.com',666666666,666666963,'CERRO EL PONIENTE 1691','84443e989df4d5f1090df92d2df303a516f8ac4f','img/usuario.jpg',1,1,'159331911'),(299,'ERICA','BARACK','1963-08-21',5102,'299correo','299correo@gmail.com',666666666,666666964,'CERRO EL PONIENTE 1692','84443e989df4d5f1090df92d2df303a516f8ac4f','img/usuario.jpg',1,2,'108041293'),(300,'ERNESTO','BALTASAR','1965-05-08',5103,'300correo','300correo@gmail.com',666666666,666666965,'CERRO EL PONIENTE 1693','84443e989df4d5f1090df92d2df303a516f8ac4f','img/usuario.jpg',1,1,'134304308'),(301,'VICTOR','ESPINOZA GARCEZ','1990-10-05',5103,'301correo','301correo@gmail.com',888888888,888888888,'CERRO LA BALLENA','412a580d35625c4e31697f073da09e1db64b3429','img/usuario.jpg',3,1,'177756067'),(302,'FELIPE','TORO CANALES','1991-08-17',13110,'camilo','camilo@yahoo.cl',NULL,999999999,'CAULEF LE GUSTA','b41e9b8dd61267c8eb3db48acfda473f53d9964b','img/usuario.jpg',3,1,'179258390'),(303,'ALAN','RECHER BUNSTER','1990-10-16',13110,'alan','alan@gmail.com',NULL,123456789,'MI CASA','84443e989df4d5f1090df92d2df303a516f8ac4f','img/usuario.jpg',2,1,'175460314'),(304,'MARIA','FAUNDEZ GONZALES','1992-09-03',13202,'mari','mari@mail.cl',NULL,123456677,'CERRO EL PIRQUE 123','84443e989df4d5f1090df92d2df303a516f8ac4f','img/usuario.jpg',1,2,'18122942k'),(305,'RAMIRO','GODOY PASO','1990-06-25',11402,'ramiro.godoy','ramiro.godoy@gmail.com',NULL,982532376,'CALLE RIO IBAEZ 2340','84443e989df4d5f1090df92d2df303a516f8ac4f','img/usuario.jpg',1,1,'154400621'),(306,'CRISTIAN','ESPARZA MONFACA','2021-09-11',12202,'kristian_219','kristian_219@hotmail.om',NULL,234234234,'DIRECCIN    ','7c4a8d09ca3762af61e59520943dc26494f8941b','img/usuario306.jpg',1,1,'177858870'),(307,'ESTEBAN','GONZALES PEREZ','1995-08-17',13402,'esteban','esteban@gmail.com',NULL,456634512,'CALLE MAIPO 2340','84443e989df4d5f1090df92d2df303a516f8ac4f','img/usuario.jpg',1,1,'149607358'),(308,'MARCELO','BUSTAMANTE ROSALES','0000-00-00',1107,'marcelo.b','marcelo@gmail.com',NULL,987465375,'AV. CARDENAL 245O','7c4a8d09ca3762af61e59520943dc26494f8941b','img/usuario.jpg',1,1,'101097684'),(309,'PATRICIO','RETAMAL GUTIERREZ','1980-12-08',13302,'patricio.r','patricio.r@gmail.com',NULL,987649378,'AV. LAMPA 2340','84443e989df4d5f1090df92d2df303a516f8ac4f','img/usuario.jpg',2,1,'94354137'),(310,'PATRICIO','RETAMAL PEREZ','1980-08-23',6205,'patricio.retamal','patricio.retamal@gmail.com',NULL,987453474,'AV. NAVIDAD 2050','84443e989df4d5f1090df92d2df303a516f8ac4f','img/usuario.jpg',2,1,'145891361'),(311,'PEDRO','FERNANDEZ SOTO','1990-10-19',13302,'perdro.fer','perdro.fer@gmail.com',NULL,987373647,'LAMPA 2340','84443e989df4d5f1090df92d2df303a516f8ac4f','img/usuario.jpg',2,1,'193243908'),(312,'RAUL','PEDREROS MATURANA','1990-08-17',5403,'raul.pedreros','raul.pedreros@gmail.com',NULL,984673632,'AV. PAPUDO 2506','84443e989df4d5f1090df92d2df303a516f8ac4f','img/usuario.jpg',2,1,'79512591'),(313,'ALAIN','RECHER BUNSTE','1998-01-15',5302,'alain.recher.bunste','alain.recher.bunste@gmail.com',NULL,982347234,'CALLE LARGA 2056','84443e989df4d5f1090df92d2df303a516f8ac4f','img/usuario313.jpg',1,1,'202797768'),(314,'VICTOR','VASQUEZ MUOZ','1977-02-05',13201,'v.vasquezm','v.vasquezm@duoc.cl',NULL,999999999,'DUOC 125','7c4a8d09ca3762af61e59520943dc26494f8941b','img/usuario.jpg',1,1,'132852375'),(315,'MANUEL','PEREZ SANCHEZ','1968-09-17',5302,'manuel','manuel@mail.com',NULL,666666665,'CERRO ALEGRE','84443e989df4d5f1090df92d2df303a516f8ac4f','img/usuario.jpg',1,1,'180325905');
/*!40000 ALTER TABLE `cliente` ENABLE KEYS */;
UNLOCK TABLES;
/*!50003 SET @saved_cs_client      = @@character_set_client */ ;
/*!50003 SET @saved_cs_results     = @@character_set_results */ ;
/*!50003 SET @saved_col_connection = @@collation_connection */ ;
/*!50003 SET character_set_client  = utf8 */ ;
/*!50003 SET character_set_results = utf8 */ ;
/*!50003 SET collation_connection  = utf8_general_ci */ ;
/*!50003 SET @saved_sql_mode       = @@sql_mode */ ;
/*!50003 SET sql_mode              = 'STRICT_ALL_TABLES,NO_ZERO_IN_DATE,NO_ZERO_DATE,ERROR_FOR_DIVISION_BY_ZERO,NO_AUTO_CREATE_USER' */ ;
DELIMITER ;;
/*!50003 CREATE*/ /*!50017 DEFINER=`root`@`localhost`*/ /*!50003 TRIGGER `nutriversion`.`cliente_BEFORE_INSERT` BEFORE INSERT ON `cliente` FOR EACH ROW
BEGIN
set new.cliente_usuario = substring_index( NEW.cliente_email,'@',1);
set new.cliente_contrasena = sha1(concat('inicio',year(now())));

END */;;
DELIMITER ;
/*!50003 SET sql_mode              = @saved_sql_mode */ ;
/*!50003 SET character_set_client  = @saved_cs_client */ ;
/*!50003 SET character_set_results = @saved_cs_results */ ;
/*!50003 SET collation_connection  = @saved_col_connection */ ;
/*!50003 SET @saved_cs_client      = @@character_set_client */ ;
/*!50003 SET @saved_cs_results     = @@character_set_results */ ;
/*!50003 SET @saved_col_connection = @@collation_connection */ ;
/*!50003 SET character_set_client  = utf8 */ ;
/*!50003 SET character_set_results = utf8 */ ;
/*!50003 SET collation_connection  = utf8_general_ci */ ;
/*!50003 SET @saved_sql_mode       = @@sql_mode */ ;
/*!50003 SET sql_mode              = 'STRICT_ALL_TABLES,NO_ZERO_IN_DATE,NO_ZERO_DATE,ERROR_FOR_DIVISION_BY_ZERO,NO_AUTO_CREATE_USER' */ ;
DELIMITER ;;
/*!50003 CREATE*/ /*!50017 DEFINER=`root`@`localhost`*/ /*!50003 TRIGGER `nutriversion`.`cliente_AFTER_INSERT` AFTER INSERT ON `cliente` FOR EACH ROW
BEGIN

insert into `nutriversion`.`sesion` (id_cliente,ip,fecha_hora,nom_maquina,num_conect,estado)
 values(NEW.cliente_id,'1.1.1.1',now(),'local',0,0);
 
END */;;
DELIMITER ;
/*!50003 SET sql_mode              = @saved_sql_mode */ ;
/*!50003 SET character_set_client  = @saved_cs_client */ ;
/*!50003 SET character_set_results = @saved_cs_results */ ;
/*!50003 SET collation_connection  = @saved_col_connection */ ;

--
-- Table structure for table `cliente_dieta`
--

DROP TABLE IF EXISTS `cliente_dieta`;
/*!40101 SET @saved_cs_client     = @@character_set_client */;
/*!40101 SET character_set_client = utf8 */;
CREATE TABLE `cliente_dieta` (
  `id_cliente` int(11) DEFAULT NULL,
  `id_dieta` int(11) DEFAULT NULL,
  `fecha` datetime DEFAULT NULL,
  KEY `id_cliente` (`id_cliente`),
  KEY `id_dieta` (`id_dieta`),
  CONSTRAINT `cliente_dieta_ibfk_1` FOREIGN KEY (`id_cliente`) REFERENCES `cliente` (`cliente_id`),
  CONSTRAINT `cliente_dieta_ibfk_2` FOREIGN KEY (`id_dieta`) REFERENCES `dieta_cabecera` (`id_dieta`)
) ENGINE=InnoDB DEFAULT CHARSET=latin1;
/*!40101 SET character_set_client = @saved_cs_client */;

--
-- Dumping data for table `cliente_dieta`
--

LOCK TABLES `cliente_dieta` WRITE;
/*!40000 ALTER TABLE `cliente_dieta` DISABLE KEYS */;
INSERT INTO `cliente_dieta` VALUES (48,128,'2017-11-12 05:46:04'),(48,128,'2017-11-12 05:46:22'),(48,129,'2017-11-12 05:46:39'),(48,128,'2017-11-12 06:01:25'),(48,128,'2017-11-12 06:04:31'),(48,129,'2017-11-12 06:37:40'),(48,128,'2017-11-12 17:35:50'),(48,129,'2017-11-16 23:11:29'),(48,128,'2017-11-16 23:13:47'),(68,133,'2017-11-26 15:49:44'),(49,137,'2017-11-27 19:10:29'),(88,138,'2017-11-28 16:03:45'),(90,139,'2017-11-28 18:15:02'),(7,138,'2017-11-30 19:31:49'),(7,136,'2017-11-30 23:35:25'),(7,137,'2017-11-30 23:43:18'),(1,136,'2017-12-01 04:01:34'),(307,147,'2017-12-01 13:22:42'),(308,148,'2017-12-01 14:19:56'),(313,149,'2017-12-01 21:43:20'),(314,150,'2017-12-01 23:26:00');
/*!40000 ALTER TABLE `cliente_dieta` ENABLE KEYS */;
UNLOCK TABLES;

--
-- Table structure for table `cliente_sucursal`
--

DROP TABLE IF EXISTS `cliente_sucursal`;
/*!40101 SET @saved_cs_client     = @@character_set_client */;
/*!40101 SET character_set_client = utf8 */;
CREATE TABLE `cliente_sucursal` (
  `id_sucursal` int(11) NOT NULL,
  `rut_cliente` varchar(9) NOT NULL,
  `fecha` date NOT NULL,
  KEY `fk_id_sucursal_idx` (`id_sucursal`),
  KEY `fk_rut_cliente_idx` (`rut_cliente`)
) ENGINE=MyISAM DEFAULT CHARSET=utf8;
/*!40101 SET character_set_client = @saved_cs_client */;

--
-- Dumping data for table `cliente_sucursal`
--

LOCK TABLES `cliente_sucursal` WRITE;
/*!40000 ALTER TABLE `cliente_sucursal` DISABLE KEYS */;
INSERT INTO `cliente_sucursal` VALUES (1,'179258390','2017-11-29'),(1,'175460314','2017-11-30'),(1,'175460314','2017-11-30'),(1,'177756067','2017-11-30'),(1,'177756067','2017-11-30'),(1,'94354137','2017-12-01'),(1,'145891361','2017-12-01'),(1,'193243908','2017-12-01'),(1,'79512591','2017-12-01');
/*!40000 ALTER TABLE `cliente_sucursal` ENABLE KEYS */;
UNLOCK TABLES;

--
-- Table structure for table `comida`
--

DROP TABLE IF EXISTS `comida`;
/*!40101 SET @saved_cs_client     = @@character_set_client */;
/*!40101 SET character_set_client = utf8 */;
CREATE TABLE `comida` (
  `id_comida` int(11) NOT NULL AUTO_INCREMENT,
  `nombre` varchar(50) DEFAULT NULL,
  PRIMARY KEY (`id_comida`)
) ENGINE=InnoDB AUTO_INCREMENT=6 DEFAULT CHARSET=latin1;
/*!40101 SET character_set_client = @saved_cs_client */;

--
-- Dumping data for table `comida`
--

LOCK TABLES `comida` WRITE;
/*!40000 ALTER TABLE `comida` DISABLE KEYS */;
INSERT INTO `comida` VALUES (1,'Desayuno'),(2,'Colacion'),(3,'Almuerzo'),(4,'Once'),(5,'Cena');
/*!40000 ALTER TABLE `comida` ENABLE KEYS */;
UNLOCK TABLES;

--
-- Table structure for table `comuna`
--

DROP TABLE IF EXISTS `comuna`;
/*!40101 SET @saved_cs_client     = @@character_set_client */;
/*!40101 SET character_set_client = utf8 */;
CREATE TABLE `comuna` (
  `COMUNA_ID` int(5) NOT NULL DEFAULT '0',
  `COMUNA_NOMBRE` varchar(20) CHARACTER SET utf8 COLLATE utf8_spanish_ci DEFAULT NULL,
  `COMUNA_PROVINCIA_ID` int(3) DEFAULT NULL,
  PRIMARY KEY (`COMUNA_ID`),
  KEY `COMUNA_PROVINCIA_ID` (`COMUNA_PROVINCIA_ID`),
  CONSTRAINT `comuna_ibfk_1` FOREIGN KEY (`COMUNA_PROVINCIA_ID`) REFERENCES `provincia` (`PROVINCIA_ID`)
) ENGINE=InnoDB DEFAULT CHARSET=utf8;
/*!40101 SET character_set_client = @saved_cs_client */;

--
-- Dumping data for table `comuna`
--

LOCK TABLES `comuna` WRITE;
/*!40000 ALTER TABLE `comuna` DISABLE KEYS */;
INSERT INTO `comuna` VALUES (1101,'Iquique',11),(1107,'Alto Hospicio',11),(1401,'Pozo Almonte',14),(1402,'Camia',14),(1403,'Colchane',14),(1404,'Huara',14),(1405,'Pica',14),(2101,'Antofagasta',21),(2102,'Mejillones',21),(2103,'Sierra Gorda',21),(2104,'Taltal',21),(2201,'Calama',22),(2202,'Ollage',22),(2203,'San Pedro de Atacama',22),(2301,'Tocopilla',23),(2302,'Mara Elena',23),(3101,'Copiap',31),(3102,'Caldera',31),(3103,'Tierra Amarilla',31),(3201,'Chaaral',32),(3202,'Diego de Almagro',32),(3301,'Vallenar',33),(3302,'Alto del Carmen',33),(3303,'Freirina',33),(3304,'Huasco',33),(4101,'La Serena',41),(4102,'Coquimbo',41),(4103,'Andacollo',41),(4104,'La Higuera',41),(4105,'Paihuano',41),(4106,'Vicua',41),(4201,'Illapel',42),(4202,'Canela',42),(4203,'Los Vilos',42),(4204,'Salamanca',42),(4301,'Ovalle',43),(4302,'Combarbal',43),(4303,'Monte Patria',43),(4304,'Punitaqui',43),(4305,'Ro Hurtado',43),(5101,'Valparaso',51),(5102,'Casablanca',51),(5103,'Concn',51),(5104,'Juan Fernndez',51),(5105,'Puchuncav',51),(5107,'Quintero',51),(5109,'Via del Mar',51),(5201,'Isla de Pascua',52),(5301,'Los Andes',53),(5302,'Calle Larga',53),(5303,'Rinconada',53),(5304,'San Esteban',53),(5401,'La Ligua',54),(5402,'Cabildo',54),(5403,'Papudo',54),(5404,'Petorca',54),(5405,'Zapallar',54),(5501,'Quillota',55),(5502,'La Calera',55),(5503,'Hijuelas',55),(5504,'La Cruz',55),(5506,'Nogales',55),(5601,'San Antonio',56),(5602,'Algarrobo',56),(5603,'Cartagena',56),(5604,'El Quisco',56),(5605,'El Tabo',56),(5606,'Santo Domingo',56),(5701,'San Felipe',57),(5702,'Catemu',57),(5703,'Llay Llay',57),(5704,'Panquehue',57),(5705,'Putaendo',57),(5706,'Santa Mara',57),(5801,'Quilpu',58),(5802,'Limache',58),(5803,'Olmu',58),(5804,'Villa Alemana',58),(6101,'Rancagua',61),(6102,'Codegua',61),(6103,'Coinco',61),(6104,'Coltauco',61),(6105,'Doihue',61),(6106,'Graneros',61),(6107,'Las Cabras',61),(6108,'Machal',61),(6109,'Malloa',61),(6110,'Mostazal',61),(6111,'Olivar',61),(6112,'Peumo',61),(6113,'Pichidegua',61),(6114,'Quinta de Tilcoco',61),(6115,'Rengo',61),(6116,'Requnoa',61),(6117,'San Vicente',61),(6201,'Pichilemu',62),(6202,'La Estrella',62),(6203,'Litueche',62),(6204,'Marchihue',62),(6205,'Navidad',62),(6206,'Paredones',62),(6301,'San Fernando',63),(6302,'Chpica',63),(6303,'Chimbarongo',63),(6304,'Lolol',63),(6305,'Nancagua',63),(6306,'Palmilla',63),(6307,'Peralillo',63),(6308,'Placilla',63),(6309,'Pumanque',63),(6310,'Santa Cruz',63),(7101,'Talca',71),(7102,'Constitucin',71),(7103,'Curepto',71),(7104,'Empedrado',71),(7105,'Maule',71),(7106,'Pelarco',71),(7107,'Pencahue',71),(7108,'Ro Claro',71),(7109,'San Clemente',71),(7110,'San Rafael',71),(7201,'Cauquenes',72),(7202,'Chanco',72),(7203,'Pelluhue',72),(7301,'Curic',73),(7302,'Huala',73),(7303,'Licantn',73),(7304,'Molina',73),(7305,'Rauco',73),(7306,'Romeral',73),(7307,'Sagrada Familia',73),(7308,'Teno',73),(7309,'Vichuqun',73),(7401,'Linares',74),(7402,'Colbn',74),(7403,'Longav',74),(7404,'Parral',74),(7405,'Retiro',74),(7406,'San Javier',74),(7407,'Villa Alegre',74),(7408,'Yerbas Buenas',74),(8101,'Concepcin',81),(8102,'Coronel',81),(8103,'Chiguayante',81),(8104,'Florida',81),(8105,'Hualqui',81),(8106,'Lota',81),(8107,'Penco',81),(8108,'San Pedro de la Paz',81),(8109,'Santa Juana',81),(8110,'Talcahuano',81),(8111,'Tom',81),(8112,'Hualpn',81),(8201,'Lebu',82),(8202,'Arauco',82),(8203,'Caete',82),(8204,'Contulmo',82),(8205,'Curanilahue',82),(8206,'Los lamos',82),(8207,'Tira',82),(8301,'Los ngeles',83),(8302,'Antuco',83),(8303,'Cabrero',83),(8304,'Laja',83),(8305,'Mulchn',83),(8306,'Nacimiento',83),(8307,'Negrete',83),(8308,'Quilaco',83),(8309,'Quilleco',83),(8310,'San Rosendo',83),(8311,'Santa Brbara',83),(8312,'Tucapel',83),(8313,'Yumbel',83),(8314,'Alto Biobo',83),(8401,'Chilln',84),(8402,'Bulnes',84),(8403,'Cobquecura',84),(8404,'Coelemu',84),(8405,'Coihueco',84),(8406,'Chilln Viejo',84),(8407,'El Carmen',84),(8408,'Ninhue',84),(8409,'iqun',84),(8410,'Pemuco',84),(8411,'Pinto',84),(8412,'Portezuelo',84),(8413,'Quilln',84),(8414,'Quirihue',84),(8415,'Rnquil',84),(8416,'San Carlos',84),(8417,'San Fabin',84),(8418,'San Ignacio',84),(8419,'San Nicols',84),(8420,'Treguaco',84),(8421,'Yungay',84),(9101,'Temuco',91),(9102,'Carahue',91),(9103,'Cunco',91),(9104,'Curarrehue',91),(9105,'Freire',91),(9106,'Galvarino',91),(9107,'Gorbea',91),(9108,'Lautaro',91),(9109,'Loncoche',91),(9110,'Melipeuco',91),(9111,'Nueva Imperial',91),(9112,'Padre las Casas',91),(9113,'Perquenco',91),(9114,'Pitrufqun',91),(9115,'Pucn',91),(9116,'Saavedra',91),(9117,'Teodoro Schmidt',91),(9118,'Toltn',91),(9119,'Vilcn',91),(9120,'Villarrica',91),(9121,'Cholchol',91),(9201,'Angol',92),(9202,'Collipulli',92),(9203,'Curacautn',92),(9204,'Ercilla',92),(9205,'Lonquimay',92),(9206,'Los Sauces',92),(9207,'Lumaco',92),(9208,'Purn',92),(9209,'Renaico',92),(9210,'Traigun',92),(9211,'Victoria',92),(10101,'Puerto Montt',101),(10102,'Calbuco',101),(10103,'Cocham',101),(10104,'Fresia',101),(10105,'Frutillar',101),(10106,'Los Muermos',101),(10107,'Llanquihue',101),(10108,'Maulln',101),(10109,'Puerto Varas',101),(10201,'Castro',102),(10202,'Ancud',102),(10203,'Chonchi',102),(10204,'Curaco de Vlez',102),(10205,'Dalcahue',102),(10206,'Puqueldn',102),(10207,'Queiln',102),(10208,'Quelln',102),(10209,'Quemchi',102),(10210,'Quinchao',102),(10301,'Osorno',103),(10302,'Puerto Octay',103),(10303,'Purranque',103),(10304,'Puyehue',103),(10305,'Ro Negro',103),(10306,'San Juan de la Costa',103),(10307,'San Pablo',103),(10401,'Chaitn',104),(10402,'Futaleuf',104),(10403,'Hualaihu',104),(10404,'Palena',104),(11101,'Coyhaique',111),(11102,'Lago Verde',111),(11201,'Aysn',112),(11202,'Cisnes',112),(11203,'Guaitecas',112),(11301,'Cochrane',113),(11302,'O\'Higgins',113),(11303,'Tortel',113),(11401,'Chile Chico',114),(11402,'Ro Ibez',114),(12101,'Punta Arenas',121),(12102,'Laguna Blanca',121),(12103,'Ro Verde',121),(12104,'San Gregorio',121),(12201,'Cabo de Hornos',122),(12202,'Antrtica',122),(12301,'Porvenir',123),(12302,'Primavera',123),(12303,'Timaukel',123),(12401,'Natales',124),(12402,'Torres del Paine',124),(13101,'Santiago',131),(13102,'Cerrillos',131),(13103,'Cerro Navia',131),(13104,'Conchal',131),(13105,'El Bosque',131),(13106,'Estacin Central',131),(13107,'Huechuraba',131),(13108,'Independencia',131),(13109,'La Cisterna',131),(13110,'La Florida',131),(13111,'La Granja',131),(13112,'La Pintana',131),(13113,'La Reina',131),(13114,'Las Condes',131),(13115,'Lo Barnechea',131),(13116,'Lo Espejo',131),(13117,'Lo Prado',131),(13118,'Macul',131),(13119,'Maip',131),(13120,'uoa',131),(13121,'Pedro Aguirre Cerda',131),(13122,'Pealoln',131),(13123,'Providencia',131),(13124,'Pudahuel',131),(13125,'Quilicura',131),(13126,'Quinta Normal',131),(13127,'Recoleta',131),(13128,'Renca',131),(13129,'San Joaqun',131),(13130,'San Miguel',131),(13131,'San Ramn',131),(13132,'Vitacura',131),(13201,'Puente Alto',132),(13202,'Pirque',132),(13203,'San Jos de Maipo',132),(13301,'Colina',133),(13302,'Lampa',133),(13303,'Tiltil',133),(13401,'San Bernardo',134),(13402,'Buin',134),(13403,'Calera de Tango',134),(13404,'Paine',134),(13501,'Melipilla',135),(13502,'Alhu',135),(13503,'Curacav',135),(13504,'Mara Pinto',135),(13505,'San Pedro',135),(13601,'Talagante',136),(13602,'El Monte',136),(13603,'Isla de Maipo',136),(13604,'Padre Hurtado',136),(13605,'Peaflor',136),(14101,'Valdivia',141),(14102,'Corral',141),(14103,'Lanco',141),(14104,'Los Lagos',141),(14105,'Mfil',141),(14106,'Mariquina',141),(14107,'Paillaco',141),(14108,'Panguipulli',141),(14201,'La Unin',142),(14202,'Futrono',142),(14203,'Lago Ranco',142),(14204,'Ro Bueno',142),(15101,'Arica',151),(15102,'Camarones',151),(15201,'Putre',152),(15202,'General Lagos',152);
/*!40000 ALTER TABLE `comuna` ENABLE KEYS */;
UNLOCK TABLES;

--
-- Table structure for table `contador_calorias_cabecera`
--

DROP TABLE IF EXISTS `contador_calorias_cabecera`;
/*!40101 SET @saved_cs_client     = @@character_set_client */;
/*!40101 SET character_set_client = utf8 */;
CREATE TABLE `contador_calorias_cabecera` (
  `id_cabecera` int(11) NOT NULL AUTO_INCREMENT,
  `id_cliente` int(11) NOT NULL,
  `fecha` date NOT NULL,
  `total_calorias` decimal(11,0) NOT NULL,
  PRIMARY KEY (`id_cabecera`),
  KEY `id_cliente` (`id_cliente`),
  CONSTRAINT `contador_calorias_cabecera_ibfk_1` FOREIGN KEY (`id_cliente`) REFERENCES `cliente` (`cliente_id`)
) ENGINE=InnoDB AUTO_INCREMENT=307 DEFAULT CHARSET=latin1;
/*!40101 SET character_set_client = @saved_cs_client */;

--
-- Dumping data for table `contador_calorias_cabecera`
--

LOCK TABLES `contador_calorias_cabecera` WRITE;
/*!40000 ALTER TABLE `contador_calorias_cabecera` DISABLE KEYS */;
INSERT INTO `contador_calorias_cabecera` VALUES (1,1,'2017-10-20',2671),(2,2,'2017-10-20',3080),(3,3,'2017-10-20',2714),(4,4,'2017-10-20',2696),(5,5,'2017-10-20',2699),(6,6,'2017-10-20',2829),(7,7,'2017-10-20',2692),(8,8,'2017-10-20',2995),(9,9,'2017-10-20',2535),(10,10,'2017-10-20',2938),(11,11,'2017-10-20',2659),(12,12,'2017-10-20',2705),(13,13,'2017-10-20',2574),(14,14,'2017-10-20',2781),(15,15,'2017-10-20',3029),(16,16,'2017-10-20',3199),(17,17,'2017-10-20',3060),(18,18,'2017-10-20',2796),(19,19,'2017-10-20',2589),(20,20,'2017-10-20',2531),(21,21,'2017-10-20',2764),(22,22,'2017-10-20',2872),(23,23,'2017-10-20',3131),(24,24,'2017-10-20',3087),(25,25,'2017-10-20',3200),(26,26,'2017-10-20',3085),(27,27,'2017-10-20',3013),(28,28,'2017-10-20',2593),(29,29,'2017-10-20',2521),(30,30,'2017-10-20',2509),(31,31,'2017-10-20',3083),(32,32,'2017-10-20',2664),(33,33,'2017-10-20',2502),(34,34,'2017-10-20',2898),(35,35,'2017-10-20',2873),(36,36,'2017-10-20',2955),(37,37,'2017-10-20',2539),(38,38,'2017-10-20',2572),(39,39,'2017-10-20',2559),(40,40,'2017-10-20',2695),(41,41,'2017-10-20',2910),(42,42,'2017-10-20',3085),(43,43,'2017-10-20',2806),(44,44,'2017-10-20',2681),(45,45,'2017-10-20',2749),(46,46,'2017-10-20',2931),(47,47,'2017-10-20',2920),(48,48,'2017-10-20',2835),(49,49,'2017-10-20',2596),(50,50,'2017-10-20',2889),(51,51,'2017-10-20',3089),(52,52,'2017-10-20',2702),(53,53,'2017-10-20',2538),(54,54,'2017-10-20',3187),(55,55,'2017-10-20',2787),(56,56,'2017-10-20',3087),(57,57,'2017-10-20',2727),(58,58,'2017-10-20',2794),(59,59,'2017-10-20',3139),(60,60,'2017-10-20',2559),(61,61,'2017-10-20',2843),(62,62,'2017-10-20',3109),(63,63,'2017-10-20',2614),(64,64,'2017-10-20',3051),(65,65,'2017-10-20',3047),(66,66,'2017-10-20',2590),(67,67,'2017-10-20',3086),(68,68,'2017-10-20',2679),(69,69,'2017-10-20',2656),(70,70,'2017-10-20',2671),(71,71,'2017-10-20',3145),(72,72,'2017-10-20',2540),(73,73,'2017-10-20',2903),(74,74,'2017-10-20',2830),(75,75,'2017-10-20',2974),(76,76,'2017-10-20',2925),(77,77,'2017-10-20',3085),(78,78,'2017-10-20',2998),(79,79,'2017-10-20',2730),(80,80,'2017-10-20',3000),(81,81,'2017-10-20',3134),(82,82,'2017-10-20',2861),(83,83,'2017-10-20',3039),(84,84,'2017-10-20',2711),(85,85,'2017-10-20',2667),(86,86,'2017-10-20',2652),(87,87,'2017-10-20',3068),(88,88,'2017-10-20',2561),(89,89,'2017-10-20',2853),(90,90,'2017-10-20',2526),(91,91,'2017-10-20',2948),(92,92,'2017-10-20',2992),(93,93,'2017-10-20',2928),(94,94,'2017-10-20',2561),(95,95,'2017-10-20',2942),(96,96,'2017-10-20',3100),(97,97,'2017-10-20',2854),(98,98,'2017-10-20',2839),(99,99,'2017-10-20',2871),(100,100,'2017-10-20',2521),(101,101,'2017-10-20',3098),(102,102,'2017-10-20',3084),(103,103,'2017-10-20',2619),(104,104,'2017-10-20',3152),(105,105,'2017-10-20',3000),(106,106,'2017-10-20',3051),(107,107,'2017-10-20',2653),(108,108,'2017-10-20',3006),(109,109,'2017-10-20',3185),(110,110,'2017-10-20',2747),(111,111,'2017-10-20',2819),(112,112,'2017-10-20',2739),(113,113,'2017-10-20',3163),(114,114,'2017-10-20',3194),(115,115,'2017-10-20',3160),(116,116,'2017-10-20',3148),(117,117,'2017-10-20',3178),(118,118,'2017-10-20',2923),(119,119,'2017-10-20',3157),(120,120,'2017-10-20',2602),(121,121,'2017-10-20',2670),(122,122,'2017-10-20',2762),(123,123,'2017-10-20',2902),(124,124,'2017-10-20',2702),(125,125,'2017-10-20',2510),(126,126,'2017-10-20',2765),(127,127,'2017-10-20',2721),(128,128,'2017-10-20',2928),(129,129,'2017-10-20',2533),(130,130,'2017-10-20',2865),(131,131,'2017-10-20',2584),(132,132,'2017-10-20',2687),(133,133,'2017-10-20',2864),(134,134,'2017-10-20',2581),(135,135,'2017-10-20',2777),(136,136,'2017-10-20',2750),(137,137,'2017-10-20',2686),(138,138,'2017-10-20',2704),(139,139,'2017-10-20',3058),(140,140,'2017-10-20',3150),(141,141,'2017-10-20',3132),(142,142,'2017-10-20',2881),(143,143,'2017-10-20',2590),(144,144,'2017-10-20',2807),(145,145,'2017-10-20',2706),(146,146,'2017-10-20',2510),(147,147,'2017-10-20',2571),(148,148,'2017-10-20',3116),(149,149,'2017-10-20',3123),(150,150,'2017-10-20',2947),(151,151,'2017-10-20',2694),(152,152,'2017-10-20',3042),(153,153,'2017-10-20',2865),(154,154,'2017-10-20',2500),(155,155,'2017-10-20',2658),(156,156,'2017-10-20',2500),(157,157,'2017-10-20',2831),(158,158,'2017-10-20',2675),(159,159,'2017-10-20',3050),(160,160,'2017-10-20',3155),(161,161,'2017-10-20',2638),(162,162,'2017-10-20',3091),(163,163,'2017-10-20',3070),(164,164,'2017-10-20',3088),(165,165,'2017-10-20',2653),(166,166,'2017-10-20',2809),(167,167,'2017-10-20',2778),(168,168,'2017-10-20',3113),(169,169,'2017-10-20',2760),(170,170,'2017-10-20',2553),(171,171,'2017-10-20',2681),(172,172,'2017-10-20',2662),(173,173,'2017-10-20',2748),(174,174,'2017-10-20',2556),(175,175,'2017-10-20',2708),(176,176,'2017-10-20',3028),(177,177,'2017-10-20',2734),(178,178,'2017-10-20',2636),(179,179,'2017-10-20',2942),(180,180,'2017-10-20',3122),(181,181,'2017-10-20',3121),(182,182,'2017-10-20',3053),(183,183,'2017-10-20',3057),(184,184,'2017-10-20',2810),(185,185,'2017-10-20',2734),(186,186,'2017-10-20',3009),(187,187,'2017-10-20',2955),(188,188,'2017-10-20',2751),(189,189,'2017-10-20',2597),(190,190,'2017-10-20',2529),(191,191,'2017-10-20',3121),(192,192,'2017-10-20',3152),(193,193,'2017-10-20',3077),(194,194,'2017-10-20',3183),(195,195,'2017-10-20',3093),(196,196,'2017-10-20',3180),(197,197,'2017-10-20',2916),(198,198,'2017-10-20',2531),(199,199,'2017-10-20',2785),(200,200,'2017-10-20',3030),(201,201,'2017-10-20',3184),(202,202,'2017-10-20',2882),(203,203,'2017-10-20',3020),(204,204,'2017-10-20',3127),(205,205,'2017-10-20',2510),(206,206,'2017-10-20',2733),(207,207,'2017-10-20',2695),(208,208,'2017-10-20',3070),(209,209,'2017-10-20',2968),(210,210,'2017-10-20',2986),(211,211,'2017-10-20',2590),(212,212,'2017-10-20',2561),(213,213,'2017-10-20',2534),(214,214,'2017-10-20',2821),(215,215,'2017-10-20',2543),(216,216,'2017-10-20',2686),(217,217,'2017-10-20',2504),(218,218,'2017-10-20',2608),(219,219,'2017-10-20',2566),(220,220,'2017-10-20',2644),(221,221,'2017-10-20',2691),(222,222,'2017-10-20',2968),(223,223,'2017-10-20',2971),(224,224,'2017-10-20',2564),(225,225,'2017-10-20',3118),(226,226,'2017-10-20',2836),(227,227,'2017-10-20',3172),(228,228,'2017-10-20',2734),(229,229,'2017-10-20',2735),(230,230,'2017-10-20',2953),(231,231,'2017-10-20',2926),(232,232,'2017-10-20',2708),(233,233,'2017-10-20',2981),(234,234,'2017-10-20',3114),(235,235,'2017-10-20',3163),(236,236,'2017-10-20',3143),(237,237,'2017-10-20',2947),(238,238,'2017-10-20',2543),(239,239,'2017-10-20',2777),(240,240,'2017-10-20',2968),(241,241,'2017-10-20',3126),(242,242,'2017-10-20',2540),(243,243,'2017-10-20',2917),(244,244,'2017-10-20',3010),(245,245,'2017-10-20',2816),(246,246,'2017-10-20',2503),(247,247,'2017-10-20',2855),(248,248,'2017-10-20',2758),(249,249,'2017-10-20',2958),(250,250,'2017-10-20',2736),(251,251,'2017-10-20',2849),(252,252,'2017-10-20',2730),(253,253,'2017-10-20',2993),(254,254,'2017-10-20',2503),(255,255,'2017-10-20',3055),(256,256,'2017-10-20',2666),(257,257,'2017-10-20',3194),(258,258,'2017-10-20',2640),(259,259,'2017-10-20',2617),(260,260,'2017-10-20',3131),(261,261,'2017-10-20',2913),(262,262,'2017-10-20',2578),(263,263,'2017-10-20',2524),(264,264,'2017-10-20',3077),(265,265,'2017-10-20',2822),(266,266,'2017-10-20',2690),(267,267,'2017-10-20',2925),(268,268,'2017-10-20',3199),(269,269,'2017-10-20',2987),(270,270,'2017-10-20',2974),(271,271,'2017-10-20',2959),(272,272,'2017-10-20',2704),(273,273,'2017-10-20',3072),(274,274,'2017-10-20',3035),(275,275,'2017-10-20',2918),(276,276,'2017-10-20',2525),(277,277,'2017-10-20',3075),(278,278,'2017-10-20',2552),(279,279,'2017-10-20',3041),(280,280,'2017-10-20',2645),(281,281,'2017-10-20',3146),(282,282,'2017-10-20',2948),(283,283,'2017-10-20',3000),(284,284,'2017-10-20',2913),(285,285,'2017-10-20',2855),(286,286,'2017-10-20',3127),(287,287,'2017-10-20',2562),(288,288,'2017-10-20',3038),(289,289,'2017-10-20',2811),(290,290,'2017-10-20',2914),(291,291,'2017-10-20',3157),(292,292,'2017-10-20',3049),(293,293,'2017-10-20',2806),(294,294,'2017-10-20',2884),(295,295,'2017-10-20',2570),(296,296,'2017-10-20',2539),(297,297,'2017-10-20',3142),(298,298,'2017-10-20',2696),(299,299,'2017-10-20',2733),(300,300,'2017-10-20',2785),(301,1,'2017-11-30',730),(302,306,'2017-11-30',2147483647),(303,1,'2017-12-01',71),(304,308,'2017-12-01',1091),(305,313,'2017-12-01',489),(306,314,'2017-12-01',1050);
/*!40000 ALTER TABLE `contador_calorias_cabecera` ENABLE KEYS */;
UNLOCK TABLES;

--
-- Table structure for table `contador_calorias_detalle`
--

DROP TABLE IF EXISTS `contador_calorias_detalle`;
/*!40101 SET @saved_cs_client     = @@character_set_client */;
/*!40101 SET character_set_client = utf8 */;
CREATE TABLE `contador_calorias_detalle` (
  `id_detalle` int(11) NOT NULL AUTO_INCREMENT,
  `id_cabecera` int(11) NOT NULL,
  `id_alimento` int(11) NOT NULL,
  `id_comida` int(11) NOT NULL,
  `cantidad` int(11) NOT NULL,
  `calorias` decimal(11,0) NOT NULL,
  PRIMARY KEY (`id_detalle`),
  KEY `id_cabecera` (`id_cabecera`),
  KEY `id_comida` (`id_comida`),
  KEY `id_alimento` (`id_alimento`),
  CONSTRAINT `contador_calorias_detalle_ibfk_1` FOREIGN KEY (`id_cabecera`) REFERENCES `contador_calorias_cabecera` (`id_cabecera`),
  CONSTRAINT `contador_calorias_detalle_ibfk_2` FOREIGN KEY (`id_comida`) REFERENCES `comida` (`id_comida`),
  CONSTRAINT `contador_calorias_detalle_ibfk_3` FOREIGN KEY (`id_alimento`) REFERENCES `alimentos` (`ID_ALIMENTO`)
) ENGINE=InnoDB AUTO_INCREMENT=913 DEFAULT CHARSET=latin1;
/*!40101 SET character_set_client = @saved_cs_client */;

--
-- Dumping data for table `contador_calorias_detalle`
--

LOCK TABLES `contador_calorias_detalle` WRITE;
/*!40000 ALTER TABLE `contador_calorias_detalle` DISABLE KEYS */;
INSERT INTO `contador_calorias_detalle` VALUES (1,1,607,1,1,229),(2,2,867,1,1,57),(3,3,300,1,1,499),(4,4,359,1,1,291),(5,5,279,1,1,226),(6,6,414,1,1,123),(7,7,841,1,1,173),(8,8,18,1,1,460),(9,9,118,1,1,273),(10,10,62,1,1,449),(11,11,720,1,1,355),(12,12,223,1,1,95),(13,13,191,1,1,173),(14,14,789,1,1,114),(15,15,152,1,1,113),(16,16,479,1,1,497),(17,17,636,1,1,419),(18,18,45,1,1,119),(19,19,313,1,1,40),(20,20,557,1,1,395),(21,21,475,1,1,500),(22,22,707,1,1,485),(23,23,29,1,1,475),(24,24,245,1,1,79),(25,25,189,1,1,185),(26,26,531,1,1,165),(27,27,140,1,1,227),(28,28,31,1,1,190),(29,29,268,1,1,431),(30,30,31,1,1,105),(31,31,864,1,1,129),(32,32,634,1,1,158),(33,33,104,1,1,323),(34,34,745,1,1,394),(35,35,81,1,1,122),(36,36,713,1,1,302),(37,37,396,1,1,472),(38,38,633,1,1,197),(39,39,397,1,1,356),(40,40,235,1,1,120),(41,41,724,1,1,270),(42,42,412,1,1,250),(43,43,392,1,1,257),(44,44,779,1,1,129),(45,45,562,1,1,388),(46,46,693,1,1,335),(47,47,453,1,1,480),(48,48,186,1,1,358),(49,49,366,1,1,351),(50,50,562,1,1,455),(51,51,43,1,1,84),(52,52,11,1,1,415),(53,53,217,1,1,293),(54,54,368,1,1,76),(55,55,337,1,1,211),(56,56,657,1,1,21),(57,57,596,1,1,114),(58,58,668,1,1,347),(59,59,417,1,1,293),(60,60,744,1,1,75),(61,61,518,1,1,305),(62,62,555,1,1,254),(63,63,117,1,1,159),(64,64,103,1,1,49),(65,65,347,1,1,165),(66,66,646,1,1,183),(67,67,475,1,1,487),(68,68,512,1,1,35),(69,69,687,1,1,193),(70,70,160,1,1,170),(71,71,33,1,1,175),(72,72,527,1,1,224),(73,73,837,1,1,194),(74,74,306,1,1,499),(75,75,718,1,1,223),(76,76,190,1,1,227),(77,77,50,1,1,168),(78,78,47,1,1,442),(79,79,263,1,1,191),(80,80,270,1,1,455),(81,81,752,1,1,63),(82,82,718,1,1,382),(83,83,494,1,1,266),(84,84,282,1,1,143),(85,85,845,1,1,185),(86,86,850,1,1,440),(87,87,825,1,1,37),(88,88,453,1,1,82),(89,89,677,1,1,269),(90,90,473,1,1,488),(91,91,71,1,1,158),(92,92,386,1,1,315),(93,93,314,1,1,53),(94,94,87,1,1,189),(95,95,637,1,1,428),(96,96,585,1,1,47),(97,97,328,1,1,52),(98,98,100,1,1,76),(99,99,304,1,1,182),(100,100,251,1,1,370),(101,101,683,1,1,75),(102,102,691,1,1,270),(103,103,513,1,1,206),(104,104,492,1,1,102),(105,105,286,1,1,70),(106,106,567,1,1,104),(107,107,632,1,1,471),(108,108,570,1,1,24),(109,109,389,1,1,321),(110,110,789,1,1,56),(111,111,298,1,1,144),(112,112,445,1,1,477),(113,113,520,1,1,453),(114,114,803,1,1,219),(115,115,111,1,1,469),(116,116,47,1,1,225),(117,117,110,1,1,226),(118,118,155,1,1,262),(119,119,238,1,1,133),(120,120,128,1,1,312),(121,121,90,1,1,434),(122,122,260,1,1,268),(123,123,74,1,1,138),(124,124,174,1,1,378),(125,125,793,1,1,173),(126,126,707,1,1,383),(127,127,888,1,1,469),(128,128,880,1,1,137),(129,129,37,1,1,92),(130,130,645,1,1,221),(131,131,719,1,1,79),(132,132,419,1,1,488),(133,133,84,1,1,399),(134,134,757,1,1,269),(135,135,519,1,1,197),(136,136,153,1,1,211),(137,137,354,1,1,376),(138,138,47,1,1,49),(139,139,276,1,1,249),(140,140,401,1,1,310),(141,141,645,1,1,335),(142,142,514,1,1,214),(143,143,341,1,1,326),(144,144,737,1,1,413),(145,145,77,1,1,170),(146,146,401,1,1,347),(147,147,810,1,1,341),(148,148,112,1,1,335),(149,149,26,1,1,93),(150,150,31,1,1,308),(151,151,477,1,1,341),(152,152,16,1,1,32),(153,153,250,1,1,208),(154,154,733,1,1,467),(155,155,502,1,1,34),(156,156,352,1,1,247),(157,157,276,1,1,97),(158,158,603,1,1,460),(159,159,225,1,1,150),(160,160,838,1,1,177),(161,161,459,1,1,479),(162,162,192,1,1,247),(163,163,89,1,1,355),(164,164,880,1,1,198),(165,165,664,1,1,22),(166,166,543,1,1,91),(167,167,626,1,1,477),(168,168,538,1,1,41),(169,169,614,1,1,342),(170,170,720,1,1,305),(171,171,212,1,1,221),(172,172,460,1,1,315),(173,173,308,1,1,166),(174,174,629,1,1,428),(175,175,141,1,1,239),(176,176,888,1,1,426),(177,177,78,1,1,244),(178,178,504,1,1,252),(179,179,697,1,1,264),(180,180,463,1,1,248),(181,181,615,1,1,351),(182,182,727,1,1,68),(183,183,629,1,1,191),(184,184,126,1,1,33),(185,185,898,1,1,272),(186,186,44,1,1,307),(187,187,788,1,1,271),(188,188,483,1,1,373),(189,189,753,1,1,137),(190,190,332,1,1,318),(191,191,607,1,1,129),(192,192,643,1,1,19),(193,193,350,1,1,463),(194,194,241,1,1,391),(195,195,337,1,1,115),(196,196,769,1,1,63),(197,197,60,1,1,463),(198,198,249,1,1,64),(199,199,628,1,1,416),(200,200,801,1,1,458),(201,201,380,1,1,135),(202,202,100,1,1,162),(203,203,149,1,1,227),(204,204,683,1,1,305),(205,205,357,1,1,200),(206,206,33,1,1,183),(207,207,608,1,1,138),(208,208,91,1,1,224),(209,209,527,1,1,139),(210,210,503,1,1,61),(211,211,430,1,1,185),(212,212,727,1,1,55),(213,213,188,1,1,41),(214,214,766,1,1,429),(215,215,722,1,1,205),(216,216,623,1,1,442),(217,217,755,1,1,295),(218,218,365,1,1,290),(219,219,86,1,1,275),(220,220,166,1,1,41),(221,221,77,1,1,442),(222,222,72,1,1,118),(223,223,634,1,1,97),(224,224,752,1,1,141),(225,225,253,1,1,294),(226,226,246,1,1,345),(227,227,58,1,1,97),(228,228,703,1,1,37),(229,229,238,1,1,126),(230,230,23,1,1,333),(231,231,379,1,1,217),(232,232,233,1,1,462),(233,233,500,1,1,252),(234,234,858,1,1,220),(235,235,556,1,1,50),(236,236,473,1,1,231),(237,237,445,1,1,475),(238,238,893,1,1,286),(239,239,51,1,1,311),(240,240,449,1,1,400),(241,241,66,1,1,240),(242,242,897,1,1,230),(243,243,385,1,1,248),(244,244,666,1,1,227),(245,245,174,1,1,269),(246,246,151,1,1,229),(247,247,589,1,1,211),(248,248,31,1,1,478),(249,249,523,1,1,125),(250,250,374,1,1,380),(251,251,310,1,1,283),(252,252,350,1,1,213),(253,253,136,1,1,500),(254,254,649,1,1,439),(255,255,637,1,1,406),(256,256,369,1,1,396),(257,257,703,1,1,423),(258,258,134,1,1,392),(259,259,102,1,1,482),(260,260,520,1,1,259),(261,261,147,1,1,391),(262,262,805,1,1,187),(263,263,133,1,1,73),(264,264,343,1,1,143),(265,265,155,1,1,271),(266,266,492,1,1,468),(267,267,553,1,1,398),(268,268,411,1,1,305),(269,269,572,1,1,23),(270,270,879,1,1,124),(271,271,2,1,1,227),(272,272,336,1,1,131),(273,273,581,1,1,23),(274,274,391,1,1,491),(275,275,142,1,1,499),(276,276,672,1,1,69),(277,277,63,1,1,307),(278,278,155,1,1,108),(279,279,843,1,1,125),(280,280,622,1,1,247),(281,281,767,1,1,364),(282,282,826,1,1,306),(283,283,627,1,1,154),(284,284,151,1,1,490),(285,285,464,1,1,211),(286,286,422,1,1,411),(287,287,14,1,1,22),(288,288,570,1,1,433),(289,289,537,1,1,22),(290,290,339,1,1,173),(291,291,781,1,1,325),(292,292,516,1,1,183),(293,293,294,1,1,467),(294,294,152,1,1,168),(295,295,392,1,1,386),(296,296,742,1,1,359),(297,297,464,1,1,180),(298,298,707,1,1,433),(299,299,803,1,1,216),(300,300,10,2,1,209),(301,1,649,2,1,284),(302,2,591,2,1,25),(303,3,300,2,1,462),(304,4,84,2,1,452),(305,5,287,2,1,292),(306,6,667,2,1,413),(307,7,129,2,1,17),(308,8,720,2,1,309),(309,9,245,2,1,247),(310,10,528,2,1,257),(311,11,540,2,1,88),(312,12,742,2,1,354),(313,13,326,2,1,55),(314,14,37,2,1,19),(315,15,735,2,1,244),(316,16,210,2,1,65),(317,17,851,2,1,375),(318,18,662,2,1,63),(319,19,466,2,1,92),(320,20,772,2,1,201),(321,21,688,2,1,163),(322,22,866,2,1,236),(323,23,14,2,1,310),(324,24,786,2,1,377),(325,25,874,2,1,253),(326,26,551,2,1,437),(327,27,730,2,1,273),(328,28,503,2,1,175),(329,29,258,2,1,270),(330,30,568,2,1,130),(331,31,554,2,1,428),(332,32,538,2,1,276),(333,33,221,2,1,473),(334,34,734,2,1,116),(335,35,633,2,1,128),(336,36,303,2,1,424),(337,37,124,2,1,308),(338,38,501,2,1,178),(339,39,570,2,1,248),(340,40,198,2,1,424),(341,41,258,2,1,203),(342,42,83,2,1,137),(343,43,327,2,1,300),(344,44,444,2,1,362),(345,45,897,2,1,220),(346,46,145,2,1,394),(347,47,620,2,1,381),(348,48,22,2,1,342),(349,49,852,2,1,340),(350,50,554,2,1,315),(351,51,775,2,1,290),(352,52,576,2,1,209),(353,53,769,2,1,43),(354,54,670,2,1,71),(355,55,779,2,1,306),(356,56,439,2,1,361),(357,57,398,2,1,303),(358,58,688,2,1,420),(359,59,570,2,1,264),(360,60,170,2,1,198),(361,61,808,2,1,403),(362,62,33,2,1,374),(363,63,276,2,1,234),(364,64,325,2,1,446),(365,65,336,2,1,141),(366,66,21,2,1,49),(367,67,797,2,1,386),(368,68,615,2,1,91),(369,69,358,2,1,248),(370,70,549,2,1,78),(371,71,43,2,1,386),(372,72,281,2,1,366),(373,73,203,2,1,410),(374,74,29,2,1,493),(375,75,24,2,1,301),(376,76,245,2,1,376),(377,77,634,2,1,262),(378,78,817,2,1,208),(379,79,194,2,1,485),(380,80,529,2,1,455),(381,81,78,2,1,143),(382,82,67,2,1,54),(383,83,482,2,1,240),(384,84,336,2,1,371),(385,85,401,2,1,241),(386,86,683,2,1,283),(387,87,93,2,1,273),(388,88,681,2,1,345),(389,89,742,2,1,389),(390,90,684,2,1,410),(391,91,527,2,1,143),(392,92,216,2,1,359),(393,93,759,2,1,488),(394,94,39,2,1,169),(395,95,245,2,1,442),(396,96,137,2,1,486),(397,97,661,2,1,140),(398,98,292,2,1,415),(399,99,85,2,1,303),(400,100,328,2,1,114),(401,101,823,2,1,262),(402,102,443,2,1,286),(403,103,168,2,1,386),(404,104,171,2,1,402),(405,105,394,2,1,232),(406,106,131,2,1,443),(407,107,408,2,1,207),(408,108,262,2,1,125),(409,109,816,2,1,262),(410,110,613,2,1,399),(411,111,861,2,1,317),(412,112,260,2,1,24),(413,113,324,2,1,66),(414,114,677,2,1,456),(415,115,283,2,1,187),(416,116,300,2,1,221),(417,117,743,2,1,260),(418,118,18,2,1,169),(419,119,698,2,1,69),(420,120,289,2,1,337),(421,121,44,2,1,161),(422,122,201,2,1,306),(423,123,406,2,1,127),(424,124,120,2,1,246),(425,125,557,2,1,65),(426,126,123,2,1,241),(427,127,879,2,1,218),(428,128,282,2,1,326),(429,129,376,2,1,33),(430,130,863,2,1,279),(431,131,515,2,1,18),(432,132,811,2,1,458),(433,133,814,2,1,437),(434,134,693,2,1,41),(435,135,730,2,1,355),(436,136,775,2,1,260),(437,137,363,2,1,318),(438,138,278,2,1,253),(439,139,445,2,1,497),(440,140,769,2,1,220),(441,141,288,2,1,101),(442,142,75,2,1,410),(443,143,674,2,1,175),(444,144,859,2,1,139),(445,145,210,2,1,54),(446,146,831,2,1,496),(447,147,360,2,1,46),(448,148,400,2,1,37),(449,149,88,2,1,245),(450,150,878,2,1,187),(451,151,321,2,1,51),(452,152,334,2,1,361),(453,153,490,2,1,149),(454,154,689,2,1,91),(455,155,157,2,1,495),(456,156,479,2,1,153),(457,157,146,2,1,82),(458,158,605,2,1,161),(459,159,401,2,1,293),(460,160,594,2,1,168),(461,161,878,2,1,223),(462,162,323,2,1,265),(463,163,342,2,1,174),(464,164,94,2,1,417),(465,165,814,2,1,127),(466,166,364,2,1,440),(467,167,81,2,1,216),(468,168,286,2,1,281),(469,169,848,2,1,367),(470,170,887,2,1,317),(471,171,720,2,1,49),(472,172,804,2,1,196),(473,173,639,2,1,107),(474,174,98,2,1,377),(475,175,474,2,1,408),(476,176,410,2,1,146),(477,177,756,2,1,328),(478,178,746,2,1,265),(479,179,687,2,1,322),(480,180,428,2,1,194),(481,181,597,2,1,405),(482,182,675,2,1,35),(483,183,359,2,1,254),(484,184,521,2,1,177),(485,185,466,2,1,210),(486,186,760,2,1,160),(487,187,627,2,1,304),(488,188,72,2,1,438),(489,189,506,2,1,455),(490,190,49,2,1,160),(491,191,621,2,1,438),(492,192,358,2,1,256),(493,193,611,2,1,387),(494,194,445,2,1,40),(495,195,737,2,1,202),(496,196,227,2,1,244),(497,197,755,2,1,118),(498,198,555,2,1,332),(499,199,222,2,1,489),(500,200,679,2,1,148),(501,201,648,2,1,48),(502,202,371,2,1,212),(503,203,63,2,1,175),(504,204,387,2,1,247),(505,205,615,2,1,113),(506,206,701,2,1,70),(507,207,565,2,1,316),(508,208,879,2,1,413),(509,209,594,2,1,234),(510,210,305,2,1,344),(511,211,455,2,1,265),(512,212,243,2,1,265),(513,213,382,2,1,478),(514,214,81,2,1,98),(515,215,667,2,1,142),(516,216,730,2,1,73),(517,217,385,2,1,114),(518,218,468,2,1,280),(519,219,446,2,1,349),(520,220,558,2,1,475),(521,221,197,2,1,175),(522,222,832,2,1,404),(523,223,100,2,1,159),(524,224,285,2,1,326),(525,225,753,2,1,459),(526,226,473,2,1,409),(527,227,17,2,1,403),(528,228,89,2,1,421),(529,229,265,2,1,262),(530,230,693,2,1,336),(531,231,318,2,1,376),(532,232,299,2,1,411),(533,233,739,2,1,309),(534,234,593,2,1,250),(535,235,661,2,1,299),(536,236,721,2,1,57),(537,237,570,2,1,68),(538,238,333,2,1,190),(539,239,780,2,1,181),(540,240,21,2,1,363),(541,241,614,2,1,327),(542,242,756,2,1,324),(543,243,297,2,1,312),(544,244,359,2,1,414),(545,245,231,2,1,86),(546,246,806,2,1,80),(547,247,165,2,1,307),(548,248,605,2,1,15),(549,249,155,2,1,174),(550,250,217,2,1,370),(551,251,106,2,1,465),(552,252,603,2,1,68),(553,253,741,2,1,395),(554,254,468,2,1,339),(555,255,4,2,1,187),(556,256,815,2,1,353),(557,257,863,2,1,422),(558,258,366,2,1,187),(559,259,634,2,1,277),(560,260,269,2,1,415),(561,261,274,2,1,460),(562,262,806,2,1,90),(563,263,291,2,1,85),(564,264,85,2,1,110),(565,265,280,2,1,126),(566,266,236,2,1,189),(567,267,818,2,1,431),(568,268,807,2,1,68),(569,269,87,2,1,276),(570,270,140,2,1,281),(571,271,139,2,1,272),(572,272,640,2,1,73),(573,273,265,2,1,444),(574,274,80,2,1,161),(575,275,609,2,1,213),(576,276,499,2,1,90),(577,277,241,2,1,318),(578,278,712,2,1,270),(579,279,478,2,1,402),(580,280,657,2,1,326),(581,281,195,2,1,29),(582,282,583,2,1,195),(583,283,792,2,1,189),(584,284,435,2,1,303),(585,285,34,2,1,438),(586,286,659,2,1,213),(587,287,414,2,1,344),(588,288,27,2,1,101),(589,289,883,2,1,303),(590,290,855,2,1,360),(591,291,496,2,1,285),(592,292,71,2,1,185),(593,293,478,2,1,325),(594,294,285,2,1,321),(595,295,786,2,1,320),(596,296,622,2,1,21),(597,297,297,2,1,184),(598,298,374,2,1,246),(599,299,8,2,1,429),(600,300,792,3,1,325),(601,1,321,3,1,248),(602,2,73,3,1,208),(603,3,441,3,1,381),(604,4,222,3,1,99),(605,5,376,3,1,190),(606,6,525,3,1,318),(607,7,527,3,1,316),(608,8,108,3,1,460),(609,9,834,3,1,69),(610,10,669,3,1,324),(611,11,516,3,1,190),(612,12,830,3,1,253),(613,13,405,3,1,62),(614,14,179,3,1,327),(615,15,818,3,1,55),(616,16,408,3,1,478),(617,17,141,3,1,154),(618,18,339,3,1,331),(619,19,678,3,1,258),(620,20,654,3,1,252),(621,21,2,3,1,23),(622,22,603,3,1,127),(623,23,569,3,1,377),(624,24,627,3,1,295),(625,25,557,3,1,112),(626,26,616,3,1,205),(627,27,12,3,1,154),(628,28,797,3,1,188),(629,29,219,3,1,134),(630,30,123,3,1,178),(631,31,686,3,1,220),(632,32,643,3,1,102),(633,33,343,3,1,488),(634,34,243,3,1,295),(635,35,570,3,1,204),(636,36,558,3,1,101),(637,37,622,3,1,151),(638,38,769,3,1,42),(639,39,837,3,1,169),(640,40,327,3,1,24),(641,41,151,3,1,43),(642,42,70,3,1,316),(643,43,443,3,1,421),(644,44,125,3,1,429),(645,45,625,3,1,156),(646,46,465,3,1,292),(647,47,114,3,1,275),(648,48,815,3,1,300),(649,49,15,3,1,441),(650,50,506,3,1,112),(651,51,830,3,1,225),(652,52,86,3,1,186),(653,53,885,3,1,241),(654,54,271,3,1,79),(655,55,323,3,1,62),(656,56,562,3,1,419),(657,57,494,3,1,112),(658,58,893,3,1,169),(659,59,509,3,1,149),(660,60,672,3,1,51),(661,61,126,3,1,346),(662,62,550,3,1,48),(663,63,360,3,1,75),(664,64,212,3,1,147),(665,65,617,3,1,241),(666,66,55,3,1,67),(667,67,18,3,1,148),(668,68,660,3,1,172),(669,69,344,3,1,309),(670,70,470,3,1,164),(671,71,71,3,1,47),(672,72,897,3,1,207),(673,73,451,3,1,338),(674,74,220,3,1,294),(675,75,770,3,1,162),(676,76,548,3,1,379),(677,77,67,3,1,222),(678,78,229,3,1,476),(679,79,253,3,1,205),(680,80,748,3,1,440),(681,81,252,3,1,39),(682,82,210,3,1,480),(683,83,231,3,1,322),(684,84,224,3,1,153),(685,85,6,3,1,51),(686,86,44,3,1,319),(687,87,785,3,1,382),(688,88,357,3,1,101),(689,89,601,3,1,254),(690,90,647,3,1,482),(691,91,344,3,1,352),(692,92,857,3,1,191),(693,93,327,3,1,17),(694,94,821,3,1,295),(695,95,156,3,1,99),(696,96,834,3,1,104),(697,97,259,3,1,44),(698,98,848,3,1,339),(699,99,783,3,1,303),(700,100,335,3,1,194),(701,101,873,3,1,86),(702,102,18,3,1,275),(703,103,726,3,1,349),(704,104,767,3,1,338),(705,105,587,3,1,259),(706,106,589,3,1,422),(707,107,731,3,1,268),(708,108,846,3,1,96),(709,109,433,3,1,124),(710,110,11,3,1,222),(711,111,856,3,1,311),(712,112,547,3,1,183),(713,113,552,3,1,403),(714,114,244,3,1,326),(715,115,102,3,1,87),(716,116,682,3,1,210),(717,117,576,3,1,55),(718,118,70,3,1,98),(719,119,205,3,1,167),(720,120,518,3,1,202),(721,121,467,3,1,196),(722,122,502,3,1,191),(723,123,211,3,1,99),(724,124,107,3,1,82),(725,125,894,3,1,457),(726,126,737,3,1,472),(727,127,399,3,1,241),(728,128,280,3,1,98),(729,129,326,3,1,263),(730,130,892,3,1,348),(731,131,435,3,1,223),(732,132,330,3,1,323),(733,133,462,3,1,74),(734,134,457,3,1,169),(735,135,433,3,1,254),(736,136,78,3,1,89),(737,137,742,3,1,74),(738,138,138,3,1,175),(739,139,649,3,1,142),(740,140,865,3,1,308),(741,141,34,3,1,32),(742,142,167,3,1,377),(743,143,120,3,1,306),(744,144,599,3,1,431),(745,145,93,3,1,314),(746,146,689,3,1,342),(747,147,307,3,1,70),(748,148,396,3,1,192),(749,149,676,3,1,139),(750,150,806,3,1,475),(751,151,700,3,1,434),(752,152,485,3,1,315),(753,153,136,3,1,213),(754,154,733,3,1,249),(755,155,78,3,1,46),(756,156,412,3,1,186),(757,157,470,3,1,233),(758,158,895,3,1,436),(759,159,794,3,1,331),(760,160,385,3,1,278),(761,161,399,3,1,476),(762,162,201,3,1,449),(763,163,532,3,1,423),(764,164,309,3,1,413),(765,165,105,3,1,324),(766,166,648,3,1,487),(767,167,392,3,1,473),(768,168,536,3,1,101),(769,169,31,3,1,44),(770,170,235,3,1,266),(771,171,854,3,1,201),(772,172,310,3,1,461),(773,173,776,3,1,424),(774,174,56,3,1,488),(775,175,516,3,1,241),(776,176,817,3,1,495),(777,177,209,3,1,146),(778,178,136,3,1,327),(779,179,549,3,1,253),(780,180,730,3,1,480),(781,181,667,3,1,306),(782,182,247,3,1,83),(783,183,869,3,1,78),(784,184,871,3,1,37),(785,185,752,3,1,303),(786,186,572,3,1,414),(787,187,865,3,1,419),(788,188,739,3,1,396),(789,189,226,3,1,43),(790,190,825,3,1,428),(791,191,100,3,1,18),(792,192,724,3,1,451),(793,193,191,3,1,117),(794,194,858,3,1,464),(795,195,61,3,1,276),(796,196,498,3,1,296),(797,197,337,3,1,333),(798,198,42,3,1,194),(799,199,821,3,1,82),(800,200,598,3,1,402),(801,201,124,3,1,439),(802,202,797,3,1,98),(803,203,723,3,1,331),(804,204,850,3,1,299),(805,205,706,3,1,366),(806,206,839,3,1,76),(807,207,212,3,1,99),(808,208,622,3,1,319),(809,209,75,3,1,296),(810,210,891,3,1,103),(811,211,36,3,1,433),(812,212,205,3,1,476),(813,213,446,3,1,145),(814,214,469,3,1,198),(815,215,360,3,1,149),(816,216,46,3,1,235),(817,217,315,3,1,263),(818,218,573,3,1,311),(819,219,442,3,1,28),(820,220,121,3,1,249),(821,221,733,3,1,497),(822,222,855,3,1,211),(823,223,427,3,1,190),(824,224,151,3,1,109),(825,225,323,3,1,353),(826,226,179,3,1,263),(827,227,451,3,1,133),(828,228,399,3,1,472),(829,229,812,3,1,281),(830,230,530,3,1,177),(831,231,365,3,1,367),(832,232,407,3,1,245),(833,233,823,3,1,428),(834,234,101,3,1,92),(835,235,30,3,1,451),(836,236,767,3,1,393),(837,237,528,3,1,412),(838,238,530,3,1,92),(839,239,366,3,1,491),(840,240,687,3,1,127),(841,241,592,3,1,254),(842,242,769,3,1,340),(843,243,492,3,1,252),(844,244,8,3,1,43),(845,245,672,3,1,160),(846,246,224,3,1,70),(847,247,780,3,1,120),(848,248,30,3,1,379),(849,249,118,3,1,454),(850,250,125,3,1,372),(851,251,512,3,1,295),(852,252,690,3,1,352),(853,253,380,3,1,33),(854,254,317,3,1,337),(855,255,443,3,1,367),(856,256,463,3,1,148),(857,257,3,3,1,208),(858,258,776,3,1,453),(859,259,843,3,1,204),(860,260,329,3,1,450),(861,261,739,3,1,388),(862,262,756,3,1,347),(863,263,494,3,1,103),(864,264,353,3,1,479),(865,265,604,3,1,64),(866,266,756,3,1,102),(867,267,498,3,1,467),(868,268,660,3,1,162),(869,269,836,3,1,203),(870,270,464,3,1,69),(871,271,95,3,1,319),(872,272,488,3,1,144),(873,273,591,3,1,49),(874,274,482,3,1,487),(875,275,649,3,1,454),(876,276,73,3,1,372),(877,277,63,3,1,116),(878,278,114,3,1,319),(879,279,462,3,1,407),(880,280,30,3,1,175),(881,281,183,3,1,372),(882,282,75,3,1,191),(883,283,239,3,1,366),(884,284,269,3,1,145),(885,285,149,3,1,147),(886,286,546,3,1,223),(887,287,219,3,1,345),(888,288,799,3,1,23),(889,289,875,3,1,356),(890,290,688,3,1,300),(891,291,777,3,1,370),(892,292,635,3,1,481),(893,293,166,3,1,477),(894,294,812,3,1,234),(895,295,899,3,1,316),(896,296,54,3,1,347),(897,297,9,3,1,469),(898,298,517,3,1,148),(899,299,704,3,1,98),(900,300,408,3,1,111),(901,301,1,5,2,730),(903,303,292,1,1,71),(904,304,4,3,1,361),(905,304,1,1,1,365),(906,305,1,1,1,365),(907,305,293,1,2,124),(908,304,1,1,1,365),(909,306,518,1,1,160),(910,306,294,1,1,160),(911,306,1,3,1,365),(912,306,404,5,1,365);
/*!40000 ALTER TABLE `contador_calorias_detalle` ENABLE KEYS */;
UNLOCK TABLES;

--
-- Table structure for table `dieta_cabecera`
--

DROP TABLE IF EXISTS `dieta_cabecera`;
/*!40101 SET @saved_cs_client     = @@character_set_client */;
/*!40101 SET character_set_client = utf8 */;
CREATE TABLE `dieta_cabecera` (
  `id_dieta` int(11) NOT NULL AUTO_INCREMENT,
  `nombre` varchar(50) DEFAULT NULL,
  `fecha_creacion` datetime NOT NULL,
  `fecha_modificacion` datetime NOT NULL,
  `estado` int(11) NOT NULL,
  `creado_por` int(11) NOT NULL,
  PRIMARY KEY (`id_dieta`)
) ENGINE=InnoDB AUTO_INCREMENT=151 DEFAULT CHARSET=latin1;
/*!40101 SET character_set_client = @saved_cs_client */;

--
-- Dumping data for table `dieta_cabecera`
--

LOCK TABLES `dieta_cabecera` WRITE;
/*!40000 ALTER TABLE `dieta_cabecera` DISABLE KEYS */;
INSERT INTO `dieta_cabecera` VALUES (123,'Nueva Dieta','2017-10-06 17:29:51','2017-10-06 17:29:51',3,40),(124,'Nueva Dieta','2017-10-06 17:32:17','2017-10-06 17:32:17',3,40),(125,'Nueva Dieta','2017-10-06 17:32:45','2017-10-06 17:32:45',3,40),(126,'Nueva Dieta','2017-10-06 17:32:51','2017-10-06 17:32:51',3,40),(127,'Nueva Dieta','2017-10-07 18:06:15','2017-10-07 18:06:15',3,40),(128,'Dieta numero 1','2017-10-07 18:06:24','2017-11-27 14:18:33',3,40),(129,'Dieta numero 2','2017-11-09 17:27:15','2017-11-27 14:18:31',3,40),(130,'dieta nueva agrosuper','2017-11-18 16:28:01','2017-11-27 14:18:28',3,40),(131,'Nueva Dieta','2017-11-20 21:18:44','2017-11-27 14:18:26',3,40),(132,'Nueva Dieta','2017-11-26 12:46:57','2017-11-27 14:18:23',3,65),(133,'dieta de la gallina','2017-11-26 12:47:07','2017-11-27 14:18:18',3,65),(134,'Nueva Dieta 3','2017-11-27 13:54:41','2017-11-27 14:18:12',3,65),(135,'Nueva Dieta','2017-11-27 14:18:38','2017-11-30 01:58:35',3,65),(136,'Nueva Dieta Modificada','2017-11-27 14:19:08','2017-12-01 01:56:49',2,65),(137,'Dietas','2017-11-27 14:21:07','2017-11-27 16:10:18',2,65),(138,'Nueva Creada de iphone','2017-11-28 12:45:23','2017-11-28 12:46:05',2,85),(139,'Nueva Dieta para lila','2017-11-28 15:13:04','2017-11-28 15:14:52',2,85),(141,'Nueva Dieta','2017-11-30 01:58:30','2017-11-30 01:58:30',2,301),(142,'Nueva Dieta','2017-11-30 02:33:03','2017-11-30 17:17:20',2,303),(143,'Nueva Dietmllmllmla','2017-11-30 20:33:31','2017-11-30 20:33:31',2,302),(144,'Dieta personalizada','2017-11-30 20:34:10','2017-11-30 20:34:10',2,302),(145,'Nueva Dieta','2017-11-30 20:34:44','2017-11-30 20:34:44',2,302),(146,'nueva 22','2017-11-30 20:41:56','2017-11-30 20:43:03',3,302),(147,'Dieta para estaban gonzales','2017-12-01 10:21:48','2017-12-01 10:22:26',2,302),(148,'Dieta para Marcelo B','2017-12-01 10:46:48','2017-12-01 11:19:40',2,302),(149,'Dieta para alain recher','2017-12-01 18:42:20','2017-12-01 18:43:07',2,312),(150,'Dieta para victor vasquez','2017-12-01 20:21:06','2017-12-01 20:22:20',2,302);
/*!40000 ALTER TABLE `dieta_cabecera` ENABLE KEYS */;
UNLOCK TABLES;

--
-- Table structure for table `dieta_detalle`
--

DROP TABLE IF EXISTS `dieta_detalle`;
/*!40101 SET @saved_cs_client     = @@character_set_client */;
/*!40101 SET character_set_client = utf8 */;
CREATE TABLE `dieta_detalle` (
  `id_dieta_detalle` int(11) NOT NULL AUTO_INCREMENT,
  `id_dieta` int(11) DEFAULT NULL,
  `id_categoria` int(11) DEFAULT NULL,
  `id_comida` int(11) DEFAULT NULL,
  `porciones` int(11) DEFAULT NULL,
  PRIMARY KEY (`id_dieta_detalle`),
  KEY `id_dieta` (`id_dieta`),
  KEY `id_categoria` (`id_categoria`),
  KEY `id_comida` (`id_comida`),
  CONSTRAINT `dieta_detalle_ibfk_1` FOREIGN KEY (`id_dieta`) REFERENCES `dieta_cabecera` (`id_dieta`),
  CONSTRAINT `dieta_detalle_ibfk_2` FOREIGN KEY (`id_categoria`) REFERENCES `categoria` (`categoria_id`),
  CONSTRAINT `dieta_detalle_ibfk_3` FOREIGN KEY (`id_comida`) REFERENCES `comida` (`id_comida`)
) ENGINE=InnoDB AUTO_INCREMENT=1631 DEFAULT CHARSET=latin1;
/*!40101 SET character_set_client = @saved_cs_client */;

--
-- Dumping data for table `dieta_detalle`
--

LOCK TABLES `dieta_detalle` WRITE;
/*!40000 ALTER TABLE `dieta_detalle` DISABLE KEYS */;
INSERT INTO `dieta_detalle` VALUES (406,123,1,1,0),(407,123,2,1,0),(408,123,3,1,0),(409,123,4,1,0),(410,123,5,1,0),(411,123,6,1,0),(412,123,7,1,0),(413,123,8,1,0),(414,123,9,1,0),(415,123,1,2,0),(416,123,2,2,0),(417,123,3,2,0),(418,123,4,2,0),(419,123,5,2,0),(420,123,6,2,0),(421,123,7,2,0),(422,123,8,2,0),(423,123,9,2,0),(424,123,1,3,0),(425,123,2,3,0),(426,123,3,3,0),(427,123,4,3,0),(428,123,5,3,0),(429,123,6,3,0),(430,123,7,3,0),(431,123,8,3,0),(432,123,9,3,0),(433,123,1,4,0),(434,123,2,4,0),(435,123,3,4,0),(436,123,4,4,0),(437,123,5,4,0),(438,123,6,4,0),(439,123,7,4,0),(440,123,8,4,0),(441,123,9,4,0),(442,123,1,5,0),(443,123,2,5,0),(444,123,3,5,0),(445,123,4,5,0),(446,123,5,5,0),(447,123,6,5,0),(448,123,7,5,0),(449,123,8,5,0),(450,123,9,5,0),(451,124,1,1,0),(452,124,2,1,0),(453,124,3,1,0),(454,124,4,1,0),(455,124,5,1,0),(456,124,6,1,0),(457,124,7,1,0),(458,124,8,1,0),(459,124,9,1,0),(460,124,1,2,0),(461,124,2,2,0),(462,124,3,2,0),(463,124,4,2,0),(464,124,5,2,0),(465,124,6,2,0),(466,124,7,2,0),(467,124,8,2,0),(468,124,9,2,0),(469,124,1,3,0),(470,124,2,3,0),(471,124,3,3,0),(472,124,4,3,0),(473,124,5,3,0),(474,124,6,3,0),(475,124,7,3,0),(476,124,8,3,0),(477,124,9,3,0),(478,124,1,4,0),(479,124,2,4,0),(480,124,3,4,0),(481,124,4,4,0),(482,124,5,4,0),(483,124,6,4,0),(484,124,7,4,0),(485,124,8,4,0),(486,124,9,4,0),(487,124,1,5,0),(488,124,2,5,0),(489,124,3,5,0),(490,124,4,5,0),(491,124,5,5,0),(492,124,6,5,0),(493,124,7,5,0),(494,124,8,5,0),(495,124,9,5,0),(496,125,1,1,0),(497,125,2,1,0),(498,125,3,1,0),(499,125,4,1,0),(500,125,5,1,0),(501,125,6,1,0),(502,125,7,1,0),(503,125,8,1,0),(504,125,9,1,0),(505,125,1,2,0),(506,125,2,2,0),(507,125,3,2,0),(508,125,4,2,0),(509,125,5,2,0),(510,125,6,2,0),(511,125,7,2,0),(512,125,8,2,0),(513,125,9,2,0),(514,125,1,3,0),(515,125,2,3,0),(516,125,3,3,0),(517,125,4,3,0),(518,125,5,3,0),(519,125,6,3,0),(520,125,7,3,0),(521,125,8,3,0),(522,125,9,3,0),(523,125,1,4,0),(524,125,2,4,0),(525,125,3,4,0),(526,125,4,4,0),(527,125,5,4,0),(528,125,6,4,0),(529,125,7,4,0),(530,125,8,4,0),(531,125,9,4,0),(532,125,1,5,0),(533,125,2,5,0),(534,125,3,5,0),(535,125,4,5,0),(536,125,5,5,0),(537,125,6,5,0),(538,125,7,5,0),(539,125,8,5,0),(540,125,9,5,0),(541,126,1,1,0),(542,126,2,1,0),(543,126,3,1,0),(544,126,4,1,0),(545,126,5,1,0),(546,126,6,1,0),(547,126,7,1,0),(548,126,8,1,0),(549,126,9,1,0),(550,126,1,2,0),(551,126,2,2,0),(552,126,3,2,0),(553,126,4,2,0),(554,126,5,2,0),(555,126,6,2,0),(556,126,7,2,0),(557,126,8,2,0),(558,126,9,2,0),(559,126,1,3,0),(560,126,2,3,0),(561,126,3,3,0),(562,126,4,3,0),(563,126,5,3,0),(564,126,6,3,0),(565,126,7,3,0),(566,126,8,3,0),(567,126,9,3,0),(568,126,1,4,0),(569,126,2,4,0),(570,126,3,4,0),(571,126,4,4,0),(572,126,5,4,0),(573,126,6,4,0),(574,126,7,4,0),(575,126,8,4,0),(576,126,9,4,0),(577,126,1,5,0),(578,126,2,5,0),(579,126,3,5,0),(580,126,4,5,0),(581,126,5,5,0),(582,126,6,5,0),(583,126,7,5,0),(584,126,8,5,0),(585,126,9,5,0),(586,127,1,1,0),(587,127,2,1,0),(588,127,3,1,0),(589,127,4,1,0),(590,127,5,1,0),(591,127,6,1,0),(592,127,7,1,0),(593,127,8,1,0),(594,127,9,1,0),(595,127,1,2,0),(596,127,2,2,0),(597,127,3,2,0),(598,127,4,2,0),(599,127,5,2,0),(600,127,6,2,0),(601,127,7,2,0),(602,127,8,2,0),(603,127,9,2,0),(604,127,1,3,0),(605,127,2,3,0),(606,127,3,3,0),(607,127,4,3,0),(608,127,5,3,0),(609,127,6,3,0),(610,127,7,3,0),(611,127,8,3,0),(612,127,9,3,0),(613,127,1,4,0),(614,127,2,4,0),(615,127,3,4,0),(616,127,4,4,0),(617,127,5,4,0),(618,127,6,4,0),(619,127,7,4,0),(620,127,8,4,0),(621,127,9,4,0),(622,127,1,5,0),(623,127,2,5,0),(624,127,3,5,0),(625,127,4,5,0),(626,127,5,5,0),(627,127,6,5,0),(628,127,7,5,0),(629,127,8,5,0),(630,127,9,5,0),(631,128,1,1,1),(632,128,2,1,0),(633,128,3,1,1),(634,128,4,1,0),(635,128,5,1,0),(636,128,6,1,1),(637,128,7,1,0),(638,128,8,1,0),(639,128,9,1,0),(640,128,1,2,1),(641,128,2,2,0),(642,128,3,2,5),(643,128,4,2,0),(644,128,5,2,1),(645,128,6,2,0),(646,128,7,2,0),(647,128,8,2,0),(648,128,9,2,0),(649,128,1,3,0),(650,128,2,3,2),(651,128,3,3,0),(652,128,4,3,0),(653,128,5,3,0),(654,128,6,3,0),(655,128,7,3,0),(656,128,8,3,0),(657,128,9,3,0),(658,128,1,4,0),(659,128,2,4,0),(660,128,3,4,1),(661,128,4,4,0),(662,128,5,4,1),(663,128,6,4,0),(664,128,7,4,0),(665,128,8,4,0),(666,128,9,4,0),(667,128,1,5,0),(668,128,2,5,0),(669,128,3,5,0),(670,128,4,5,0),(671,128,5,5,0),(672,128,6,5,0),(673,128,7,5,0),(674,128,8,5,0),(675,128,9,5,0),(676,129,1,1,1),(677,129,2,1,0),(678,129,3,1,2),(679,129,4,1,0),(680,129,5,1,1),(681,129,6,1,0),(682,129,7,1,2),(683,129,8,1,0),(684,129,9,1,2),(685,129,1,2,1),(686,129,2,2,2),(687,129,3,2,0),(688,129,4,2,0),(689,129,5,2,0),(690,129,6,2,4),(691,129,7,2,0),(692,129,8,2,0),(693,129,9,2,0),(694,129,1,3,0),(695,129,2,3,0),(696,129,3,3,0),(697,129,4,3,3),(698,129,5,3,0),(699,129,6,3,0),(700,129,7,3,0),(701,129,8,3,0),(702,129,9,3,0),(703,129,1,4,1),(704,129,2,4,0),(705,129,3,4,0),(706,129,4,4,0),(707,129,5,4,0),(708,129,6,4,0),(709,129,7,4,0),(710,129,8,4,0),(711,129,9,4,0),(712,129,1,5,0),(713,129,2,5,0),(714,129,3,5,0),(715,129,4,5,0),(716,129,5,5,0),(717,129,6,5,0),(718,129,7,5,0),(719,129,8,5,0),(720,129,9,5,0),(721,130,1,1,1),(722,130,2,1,0),(723,130,3,1,0),(724,130,4,1,0),(725,130,5,1,1),(726,130,6,1,1),(727,130,7,1,0),(728,130,8,1,0),(729,130,9,1,0),(730,130,1,2,1),(731,130,2,2,0),(732,130,3,2,0),(733,130,4,2,0),(734,130,5,2,1),(735,130,6,2,1),(736,130,7,2,0),(737,130,8,2,0),(738,130,9,2,0),(739,130,1,3,1),(740,130,2,3,0),(741,130,3,3,0),(742,130,4,3,0),(743,130,5,3,0),(744,130,6,3,0),(745,130,7,3,0),(746,130,8,3,0),(747,130,9,3,0),(748,130,1,4,0),(749,130,2,4,0),(750,130,3,4,0),(751,130,4,4,0),(752,130,5,4,0),(753,130,6,4,0),(754,130,7,4,0),(755,130,8,4,0),(756,130,9,4,0),(757,130,1,5,0),(758,130,2,5,0),(759,130,3,5,0),(760,130,4,5,0),(761,130,5,5,0),(762,130,6,5,0),(763,130,7,5,0),(764,130,8,5,0),(765,130,9,5,0),(766,131,1,1,1),(767,131,2,1,0),(768,131,3,1,0),(769,131,4,1,0),(770,131,5,1,0),(771,131,6,1,1),(772,131,7,1,0),(773,131,8,1,0),(774,131,9,1,0),(775,131,1,2,0),(776,131,2,2,0),(777,131,3,2,0),(778,131,4,2,0),(779,131,5,2,0),(780,131,6,2,0),(781,131,7,2,0),(782,131,8,2,0),(783,131,9,2,0),(784,131,1,3,2),(785,131,2,3,0),(786,131,3,3,0),(787,131,4,3,0),(788,131,5,3,0),(789,131,6,3,0),(790,131,7,3,0),(791,131,8,3,0),(792,131,9,3,0),(793,131,1,4,0),(794,131,2,4,0),(795,131,3,4,0),(796,131,4,4,0),(797,131,5,4,0),(798,131,6,4,0),(799,131,7,4,0),(800,131,8,4,0),(801,131,9,4,0),(802,131,1,5,0),(803,131,2,5,1),(804,131,3,5,0),(805,131,4,5,0),(806,131,5,5,0),(807,131,6,5,0),(808,131,7,5,0),(809,131,8,5,0),(810,131,9,5,0),(811,132,1,1,0),(812,132,2,1,1),(813,132,3,1,0),(814,132,4,1,2),(815,132,5,1,0),(816,132,6,1,1),(817,132,7,1,0),(818,132,8,1,0),(819,132,9,1,0),(820,132,1,2,0),(821,132,2,2,0),(822,132,3,2,0),(823,132,4,2,0),(824,132,5,2,0),(825,132,6,2,0),(826,132,7,2,0),(827,132,8,2,0),(828,132,9,2,0),(829,132,1,3,0),(830,132,2,3,0),(831,132,3,3,0),(832,132,4,3,0),(833,132,5,3,0),(834,132,6,3,0),(835,132,7,3,0),(836,132,8,3,0),(837,132,9,3,0),(838,132,1,4,0),(839,132,2,4,0),(840,132,3,4,0),(841,132,4,4,0),(842,132,5,4,0),(843,132,6,4,0),(844,132,7,4,0),(845,132,8,4,0),(846,132,9,4,0),(847,132,1,5,0),(848,132,2,5,0),(849,132,3,5,0),(850,132,4,5,0),(851,132,5,5,0),(852,132,6,5,0),(853,132,7,5,0),(854,132,8,5,0),(855,132,9,5,0),(856,133,1,1,3),(857,133,2,1,0),(858,133,3,1,2),(859,133,4,1,0),(860,133,5,1,1),(861,133,6,1,0),(862,133,7,1,0),(863,133,8,1,0),(864,133,9,1,0),(865,133,1,2,1),(866,133,2,2,0),(867,133,3,2,1),(868,133,4,2,0),(869,133,5,2,0),(870,133,6,2,0),(871,133,7,2,0),(872,133,8,2,0),(873,133,9,2,0),(874,133,1,3,4),(875,133,2,3,3),(876,133,3,3,1),(877,133,4,3,0),(878,133,5,3,1),(879,133,6,3,1),(880,133,7,3,0),(881,133,8,3,0),(882,133,9,3,0),(883,133,1,4,0),(884,133,2,4,0),(885,133,3,4,2),(886,133,4,4,2),(887,133,5,4,2),(888,133,6,4,0),(889,133,7,4,0),(890,133,8,4,0),(891,133,9,4,0),(892,133,1,5,3),(893,133,2,5,1),(894,133,3,5,2),(895,133,4,5,0),(896,133,5,5,0),(897,133,6,5,0),(898,133,7,5,0),(899,133,8,5,0),(900,133,9,5,0),(901,134,1,1,0),(902,134,2,1,1),(903,134,3,1,0),(904,134,4,1,2),(905,134,5,1,0),(906,134,6,1,2),(907,134,7,1,0),(908,134,8,1,0),(909,134,1,2,1),(910,134,2,2,0),(911,134,3,2,0),(912,134,4,2,1),(913,134,5,2,0),(914,134,6,2,0),(915,134,7,2,0),(916,134,8,2,0),(917,134,1,3,0),(918,134,2,3,0),(919,134,3,3,2),(920,134,4,3,0),(921,134,5,3,0),(922,134,6,3,0),(923,134,7,3,0),(924,134,8,3,0),(925,134,1,4,0),(926,134,2,4,0),(927,134,3,4,0),(928,134,4,4,0),(929,134,5,4,0),(930,134,6,4,0),(931,134,7,4,0),(932,134,8,4,0),(933,134,1,5,0),(934,134,2,5,0),(935,134,3,5,0),(936,134,4,5,0),(937,134,5,5,0),(938,134,6,5,0),(939,134,7,5,0),(940,134,8,5,0),(941,135,1,1,1),(942,135,2,1,0),(943,135,3,1,0),(944,135,4,1,0),(945,135,5,1,0),(946,135,6,1,0),(947,135,7,1,0),(948,135,8,1,0),(949,135,1,2,0),(950,135,2,2,0),(951,135,3,2,0),(952,135,4,2,0),(953,135,5,2,0),(954,135,6,2,0),(955,135,7,2,0),(956,135,8,2,0),(957,135,1,3,0),(958,135,2,3,0),(959,135,3,3,0),(960,135,4,3,0),(961,135,5,3,0),(962,135,6,3,0),(963,135,7,3,0),(964,135,8,3,0),(965,135,1,4,0),(966,135,2,4,0),(967,135,3,4,0),(968,135,4,4,0),(969,135,5,4,0),(970,135,6,4,0),(971,135,7,4,0),(972,135,8,4,0),(973,135,1,5,0),(974,135,2,5,0),(975,135,3,5,0),(976,135,4,5,0),(977,135,5,5,0),(978,135,6,5,0),(979,135,7,5,0),(980,135,8,5,0),(981,136,1,1,1),(982,136,2,1,2),(983,136,3,1,0),(984,136,4,1,1),(985,136,5,1,0),(986,136,6,1,0),(987,136,7,1,0),(988,136,8,1,0),(989,136,1,2,1),(990,136,2,2,0),(991,136,3,2,0),(992,136,4,2,0),(993,136,5,2,0),(994,136,6,2,0),(995,136,7,2,0),(996,136,8,2,0),(997,136,1,3,1),(998,136,2,3,0),(999,136,3,3,0),(1000,136,4,3,0),(1001,136,5,3,0),(1002,136,6,3,0),(1003,136,7,3,0),(1004,136,8,3,0),(1005,136,1,4,2),(1006,136,2,4,1),(1007,136,3,4,0),(1008,136,4,4,0),(1009,136,5,4,0),(1010,136,6,4,0),(1011,136,7,4,1),(1012,136,8,4,0),(1013,136,1,5,0),(1014,136,2,5,0),(1015,136,3,5,0),(1016,136,4,5,0),(1017,136,5,5,0),(1018,136,6,5,0),(1019,136,7,5,0),(1020,136,8,5,0),(1021,137,1,1,1),(1022,137,2,1,2),(1023,137,3,1,1),(1024,137,4,1,1),(1025,137,5,1,0),(1026,137,6,1,0),(1027,137,7,1,0),(1028,137,8,1,1),(1029,137,1,2,2),(1030,137,2,2,2),(1031,137,3,2,0),(1032,137,4,2,1),(1033,137,5,2,3),(1034,137,6,2,0),(1035,137,7,2,0),(1036,137,8,2,0),(1037,137,1,3,1),(1038,137,2,3,1),(1039,137,3,3,0),(1040,137,4,3,0),(1041,137,5,3,0),(1042,137,6,3,0),(1043,137,7,3,0),(1044,137,8,3,0),(1045,137,1,4,0),(1046,137,2,4,0),(1047,137,3,4,0),(1048,137,4,4,0),(1049,137,5,4,0),(1050,137,6,4,0),(1051,137,7,4,0),(1052,137,8,4,0),(1053,137,1,5,0),(1054,137,2,5,0),(1055,137,3,5,0),(1056,137,4,5,0),(1057,137,5,5,0),(1058,137,6,5,0),(1059,137,7,5,0),(1060,137,8,5,0),(1061,138,1,1,2),(1062,138,2,1,0),(1063,138,3,1,0),(1064,138,4,1,1),(1065,138,5,1,0),(1066,138,6,1,0),(1067,138,7,1,0),(1068,138,8,1,0),(1069,138,1,2,0),(1070,138,2,2,0),(1071,138,3,2,0),(1072,138,4,2,0),(1073,138,5,2,0),(1074,138,6,2,0),(1075,138,7,2,0),(1076,138,8,2,0),(1077,138,1,3,0),(1078,138,2,3,0),(1079,138,3,3,0),(1080,138,4,3,0),(1081,138,5,3,0),(1082,138,6,3,0),(1083,138,7,3,0),(1084,138,8,3,0),(1085,138,1,4,0),(1086,138,2,4,0),(1087,138,3,4,0),(1088,138,4,4,0),(1089,138,5,4,0),(1090,138,6,4,0),(1091,138,7,4,0),(1092,138,8,4,0),(1093,138,1,5,0),(1094,138,2,5,0),(1095,138,3,5,0),(1096,138,4,5,0),(1097,138,5,5,0),(1098,138,6,5,0),(1099,138,7,5,0),(1100,138,8,5,0),(1101,139,1,1,1),(1102,139,2,1,0),(1103,139,3,1,0),(1104,139,4,1,0),(1105,139,5,1,1),(1106,139,6,1,2),(1107,139,7,1,0),(1108,139,8,1,0),(1109,139,1,2,0),(1110,139,2,2,0),(1111,139,3,2,0),(1112,139,4,2,0),(1113,139,5,2,0),(1114,139,6,2,0),(1115,139,7,2,0),(1116,139,8,2,0),(1117,139,1,3,0),(1118,139,2,3,0),(1119,139,3,3,0),(1120,139,4,3,0),(1121,139,5,3,0),(1122,139,6,3,0),(1123,139,7,3,0),(1124,139,8,3,0),(1125,139,1,4,0),(1126,139,2,4,0),(1127,139,3,4,0),(1128,139,4,4,0),(1129,139,5,4,0),(1130,139,6,4,0),(1131,139,7,4,0),(1132,139,8,4,0),(1133,139,1,5,0),(1134,139,2,5,0),(1135,139,3,5,0),(1136,139,4,5,0),(1137,139,5,5,0),(1138,139,6,5,0),(1139,139,7,5,0),(1140,139,8,5,0),(1181,141,1,1,0),(1182,141,2,1,0),(1183,141,3,1,0),(1184,141,4,1,0),(1185,141,5,1,0),(1186,141,6,1,0),(1187,141,7,1,0),(1188,141,8,1,0),(1189,141,9,1,0),(1190,141,1,2,0),(1191,141,2,2,0),(1192,141,3,2,0),(1193,141,4,2,0),(1194,141,5,2,0),(1195,141,6,2,0),(1196,141,7,2,0),(1197,141,8,2,0),(1198,141,9,2,0),(1199,141,1,3,0),(1200,141,2,3,0),(1201,141,3,3,0),(1202,141,4,3,0),(1203,141,5,3,0),(1204,141,6,3,0),(1205,141,7,3,0),(1206,141,8,3,0),(1207,141,9,3,0),(1208,141,1,4,0),(1209,141,2,4,0),(1210,141,3,4,0),(1211,141,4,4,0),(1212,141,5,4,0),(1213,141,6,4,0),(1214,141,7,4,0),(1215,141,8,4,0),(1216,141,9,4,0),(1217,141,1,5,0),(1218,141,2,5,0),(1219,141,3,5,0),(1220,141,4,5,0),(1221,141,5,5,0),(1222,141,6,5,0),(1223,141,7,5,0),(1224,141,8,5,0),(1225,141,9,5,0),(1226,142,1,1,0),(1227,142,2,1,0),(1228,142,3,1,0),(1229,142,4,1,0),(1230,142,5,1,0),(1231,142,6,1,0),(1232,142,7,1,0),(1233,142,8,1,0),(1234,142,9,1,0),(1235,142,1,2,0),(1236,142,2,2,0),(1237,142,3,2,0),(1238,142,4,2,0),(1239,142,5,2,0),(1240,142,6,2,0),(1241,142,7,2,0),(1242,142,8,2,0),(1243,142,9,2,0),(1244,142,1,3,0),(1245,142,2,3,0),(1246,142,3,3,0),(1247,142,4,3,0),(1248,142,5,3,0),(1249,142,6,3,0),(1250,142,7,3,0),(1251,142,8,3,0),(1252,142,9,3,0),(1253,142,1,4,0),(1254,142,2,4,0),(1255,142,3,4,0),(1256,142,4,4,0),(1257,142,5,4,0),(1258,142,6,4,0),(1259,142,7,4,0),(1260,142,8,4,0),(1261,142,9,4,0),(1262,142,1,5,0),(1263,142,2,5,0),(1264,142,3,5,0),(1265,142,4,5,0),(1266,142,5,5,0),(1267,142,6,5,0),(1268,142,7,5,0),(1269,142,8,5,0),(1270,142,9,5,0),(1271,143,1,1,0),(1272,143,2,1,0),(1273,143,3,1,0),(1274,143,4,1,0),(1275,143,5,1,0),(1276,143,6,1,0),(1277,143,7,1,0),(1278,143,8,1,0),(1279,143,9,1,0),(1280,143,1,2,0),(1281,143,2,2,0),(1282,143,3,2,0),(1283,143,4,2,0),(1284,143,5,2,0),(1285,143,6,2,0),(1286,143,7,2,0),(1287,143,8,2,0),(1288,143,9,2,0),(1289,143,1,3,0),(1290,143,2,3,0),(1291,143,3,3,0),(1292,143,4,3,0),(1293,143,5,3,0),(1294,143,6,3,0),(1295,143,7,3,0),(1296,143,8,3,0),(1297,143,9,3,0),(1298,143,1,4,0),(1299,143,2,4,0),(1300,143,3,4,0),(1301,143,4,4,0),(1302,143,5,4,0),(1303,143,6,4,0),(1304,143,7,4,0),(1305,143,8,4,0),(1306,143,9,4,0),(1307,143,1,5,0),(1308,143,2,5,0),(1309,143,3,5,0),(1310,143,4,5,0),(1311,143,5,5,0),(1312,143,6,5,0),(1313,143,7,5,0),(1314,143,8,5,0),(1315,143,9,5,0),(1316,144,1,1,0),(1317,144,2,1,0),(1318,144,3,1,0),(1319,144,4,1,0),(1320,144,5,1,0),(1321,144,6,1,0),(1322,144,7,1,0),(1323,144,8,1,0),(1324,144,9,1,0),(1325,144,1,2,0),(1326,144,2,2,0),(1327,144,3,2,0),(1328,144,4,2,0),(1329,144,5,2,0),(1330,144,6,2,0),(1331,144,7,2,0),(1332,144,8,2,0),(1333,144,9,2,0),(1334,144,1,3,0),(1335,144,2,3,0),(1336,144,3,3,0),(1337,144,4,3,0),(1338,144,5,3,0),(1339,144,6,3,0),(1340,144,7,3,0),(1341,144,8,3,0),(1342,144,9,3,0),(1343,144,1,4,0),(1344,144,2,4,0),(1345,144,3,4,0),(1346,144,4,4,0),(1347,144,5,4,0),(1348,144,6,4,0),(1349,144,7,4,0),(1350,144,8,4,0),(1351,144,9,4,0),(1352,144,1,5,0),(1353,144,2,5,0),(1354,144,3,5,0),(1355,144,4,5,0),(1356,144,5,5,0),(1357,144,6,5,0),(1358,144,7,5,0),(1359,144,8,5,0),(1360,144,9,5,0),(1361,145,1,1,0),(1362,145,2,1,0),(1363,145,3,1,0),(1364,145,4,1,0),(1365,145,5,1,0),(1366,145,6,1,0),(1367,145,7,1,0),(1368,145,8,1,0),(1369,145,9,1,0),(1370,145,1,2,0),(1371,145,2,2,0),(1372,145,3,2,0),(1373,145,4,2,0),(1374,145,5,2,0),(1375,145,6,2,0),(1376,145,7,2,0),(1377,145,8,2,0),(1378,145,9,2,0),(1379,145,1,3,0),(1380,145,2,3,0),(1381,145,3,3,0),(1382,145,4,3,0),(1383,145,5,3,0),(1384,145,6,3,0),(1385,145,7,3,0),(1386,145,8,3,0),(1387,145,9,3,0),(1388,145,1,4,0),(1389,145,2,4,0),(1390,145,3,4,0),(1391,145,4,4,0),(1392,145,5,4,0),(1393,145,6,4,0),(1394,145,7,4,0),(1395,145,8,4,0),(1396,145,9,4,0),(1397,145,1,5,0),(1398,145,2,5,0),(1399,145,3,5,0),(1400,145,4,5,0),(1401,145,5,5,0),(1402,145,6,5,0),(1403,145,7,5,0),(1404,145,8,5,0),(1405,145,9,5,0),(1406,146,1,1,0),(1407,146,2,1,0),(1408,146,3,1,0),(1409,146,4,1,0),(1410,146,5,1,0),(1411,146,6,1,0),(1412,146,7,1,0),(1413,146,8,1,0),(1414,146,9,1,0),(1415,146,1,2,0),(1416,146,2,2,0),(1417,146,3,2,0),(1418,146,4,2,0),(1419,146,5,2,0),(1420,146,6,2,0),(1421,146,7,2,0),(1422,146,8,2,0),(1423,146,9,2,0),(1424,146,1,3,0),(1425,146,2,3,0),(1426,146,3,3,0),(1427,146,4,3,0),(1428,146,5,3,0),(1429,146,6,3,0),(1430,146,7,3,0),(1431,146,8,3,0),(1432,146,9,3,0),(1433,146,1,4,0),(1434,146,2,4,0),(1435,146,3,4,0),(1436,146,4,4,0),(1437,146,5,4,0),(1438,146,6,4,0),(1439,146,7,4,0),(1440,146,8,4,0),(1441,146,9,4,0),(1442,146,1,5,0),(1443,146,2,5,0),(1444,146,3,5,0),(1445,146,4,5,0),(1446,146,5,5,0),(1447,146,6,5,0),(1448,146,7,5,0),(1449,146,8,5,0),(1450,146,9,5,0),(1451,147,1,1,0),(1452,147,2,1,0),(1453,147,3,1,0),(1454,147,4,1,0),(1455,147,5,1,1),(1456,147,6,1,2),(1457,147,7,1,3),(1458,147,8,1,0),(1459,147,9,1,0),(1460,147,1,2,0),(1461,147,2,2,2),(1462,147,3,2,0),(1463,147,4,2,0),(1464,147,5,2,0),(1465,147,6,2,2),(1466,147,7,2,0),(1467,147,8,2,1),(1468,147,9,2,0),(1469,147,1,3,0),(1470,147,2,3,1),(1471,147,3,3,0),(1472,147,4,3,0),(1473,147,5,3,2),(1474,147,6,3,0),(1475,147,7,3,0),(1476,147,8,3,0),(1477,147,9,3,0),(1478,147,1,4,1),(1479,147,2,4,0),(1480,147,3,4,0),(1481,147,4,4,0),(1482,147,5,4,1),(1483,147,6,4,0),(1484,147,7,4,0),(1485,147,8,4,0),(1486,147,9,4,0),(1487,147,1,5,0),(1488,147,2,5,0),(1489,147,3,5,2),(1490,147,4,5,0),(1491,147,5,5,0),(1492,147,6,5,0),(1493,147,7,5,2),(1494,147,8,5,0),(1495,147,9,5,0),(1496,148,1,1,1),(1497,148,2,1,0),(1498,148,3,1,0),(1499,148,4,1,2),(1500,148,5,1,0),(1501,148,6,1,0),(1502,148,7,1,1),(1503,148,8,1,0),(1504,148,9,1,0),(1505,148,1,2,1),(1506,148,2,2,0),(1507,148,3,2,1),(1508,148,4,2,0),(1509,148,5,2,0),(1510,148,6,2,2),(1511,148,7,2,0),(1512,148,8,2,2),(1513,148,9,2,0),(1514,148,1,3,1),(1515,148,2,3,0),(1516,148,3,3,2),(1517,148,4,3,0),(1518,148,5,3,0),(1519,148,6,3,1),(1520,148,7,3,0),(1521,148,8,3,0),(1522,148,9,3,0),(1523,148,1,4,1),(1524,148,2,4,0),(1525,148,3,4,1),(1526,148,4,4,0),(1527,148,5,4,0),(1528,148,6,4,0),(1529,148,7,4,2),(1530,148,8,4,0),(1531,148,9,4,0),(1532,148,1,5,0),(1533,148,2,5,0),(1534,148,3,5,0),(1535,148,4,5,0),(1536,148,5,5,1),(1537,148,6,5,0),(1538,148,7,5,1),(1539,148,8,5,0),(1540,148,9,5,0),(1541,149,1,1,1),(1542,149,2,1,0),(1543,149,3,1,0),(1544,149,4,1,2),(1545,149,5,1,0),(1546,149,6,1,0),(1547,149,7,1,1),(1548,149,8,1,0),(1549,149,9,1,0),(1550,149,1,2,0),(1551,149,2,2,0),(1552,149,3,2,1),(1553,149,4,2,0),(1554,149,5,2,0),(1555,149,6,2,1),(1556,149,7,2,0),(1557,149,8,2,0),(1558,149,9,2,2),(1559,149,1,3,2),(1560,149,2,3,0),(1561,149,3,3,0),(1562,149,4,3,1),(1563,149,5,3,0),(1564,149,6,3,1),(1565,149,7,3,0),(1566,149,8,3,0),(1567,149,9,3,1),(1568,149,1,4,1),(1569,149,2,4,0),(1570,149,3,4,3),(1571,149,4,4,0),(1572,149,5,4,0),(1573,149,6,4,2),(1574,149,7,4,0),(1575,149,8,4,0),(1576,149,9,4,3),(1577,149,1,5,1),(1578,149,2,5,0),(1579,149,3,5,0),(1580,149,4,5,1),(1581,149,5,5,0),(1582,149,6,5,0),(1583,149,7,5,0),(1584,149,8,5,1),(1585,149,9,5,0),(1586,150,1,1,1),(1587,150,2,1,0),(1588,150,3,1,1),(1589,150,4,1,0),(1590,150,5,1,0),(1591,150,6,1,1),(1592,150,7,1,0),(1593,150,8,1,1),(1594,150,9,1,0),(1595,150,1,2,0),(1596,150,2,2,2),(1597,150,3,2,0),(1598,150,4,2,0),(1599,150,5,2,1),(1600,150,6,2,0),(1601,150,7,2,0),(1602,150,8,2,2),(1603,150,9,2,0),(1604,150,1,3,1),(1605,150,2,3,0),(1606,150,3,3,2),(1607,150,4,3,0),(1608,150,5,3,0),(1609,150,6,3,1),(1610,150,7,3,0),(1611,150,8,3,2),(1612,150,9,3,0),(1613,150,1,4,1),(1614,150,2,4,0),(1615,150,3,4,0),(1616,150,4,4,0),(1617,150,5,4,0),(1618,150,6,4,1),(1619,150,7,4,0),(1620,150,8,4,0),(1621,150,9,4,0),(1622,150,1,5,0),(1623,150,2,5,0),(1624,150,3,5,0),(1625,150,4,5,0),(1626,150,5,5,0),(1627,150,6,5,0),(1628,150,7,5,0),(1629,150,8,5,1),(1630,150,9,5,0);
/*!40000 ALTER TABLE `dieta_detalle` ENABLE KEYS */;
UNLOCK TABLES;

--
-- Table structure for table `enfermedad`
--

DROP TABLE IF EXISTS `enfermedad`;
/*!40101 SET @saved_cs_client     = @@character_set_client */;
/*!40101 SET character_set_client = utf8 */;
CREATE TABLE `enfermedad` (
  `id_enfermedad` int(11) NOT NULL,
  `id_tipo_enfermedad` int(11) DEFAULT NULL,
  `nombre` varchar(45) DEFAULT NULL,
  PRIMARY KEY (`id_enfermedad`),
  KEY `hgjhg_idx` (`id_tipo_enfermedad`)
) ENGINE=InnoDB DEFAULT CHARSET=latin1;
/*!40101 SET character_set_client = @saved_cs_client */;

--
-- Dumping data for table `enfermedad`
--

LOCK TABLES `enfermedad` WRITE;
/*!40000 ALTER TABLE `enfermedad` DISABLE KEYS */;
INSERT INTO `enfermedad` VALUES (1,1,'Carbunco'),(2,1,'Colera'),(3,1,'Fiebre Tifoidea y Paratifoidea'),(4,1,'Meningitis Meningoencefalitis Listeriana'),(5,1,'Triquinosis'),(6,2,'Enf.Invasora por Haemphilus Influenzae b'),(7,2,'Enf.Meningoccicas (Bacteriana)'),(9,2,'Tuberculosis'),(10,3,'Gonorrea'),(11,3,'Sfilis'),(12,4,'Difteria'),(13,4,'Parotiditis'),(14,4,'Rubola'),(15,4,'Sarampin'),(16,4,'Ttanos'),(17,4,'Ttanos Neonatal'),(18,4,'Tos ferina (Coqueluche)'),(19,5,'Hepatitis A'),(20,5,'Hepatitis B'),(21,5,'Hepatitis C'),(22,5,'Las dems Hepatitis'),(23,6,'Brucelosis'),(24,6,'Dengue'),(25,6,'Enfermedad de Chagas'),(26,6,'Feto y recin nacido afectados'),(27,6,'Hidatidosis (equinococosis)'),(28,6,'Infeccin por Hanta Virus'),(29,6,'Leptospirosis'),(30,7,'Fiebre amarilla'),(31,7,'Malaria'),(32,8,'Enfermedad de Creutzfeld-Jacob');
/*!40000 ALTER TABLE `enfermedad` ENABLE KEYS */;
UNLOCK TABLES;

--
-- Table structure for table `enfermedad_estado_fisico`
--

DROP TABLE IF EXISTS `enfermedad_estado_fisico`;
/*!40101 SET @saved_cs_client     = @@character_set_client */;
/*!40101 SET character_set_client = utf8 */;
CREATE TABLE `enfermedad_estado_fisico` (
  `id_estado_fisico` int(11) NOT NULL,
  `id_enfermedad` int(11) NOT NULL,
  KEY `fk_id_cliente_en_cli_idx` (`id_estado_fisico`),
  KEY `fk_id_enfermedad_en_cli_idx` (`id_enfermedad`),
  CONSTRAINT `id_enfermeda_fk` FOREIGN KEY (`id_enfermedad`) REFERENCES `enfermedad` (`id_enfermedad`) ON DELETE NO ACTION ON UPDATE NO ACTION,
  CONSTRAINT `id_estado_fisico_fk` FOREIGN KEY (`id_estado_fisico`) REFERENCES `estado_fisico` (`id`) ON DELETE NO ACTION ON UPDATE NO ACTION
) ENGINE=InnoDB DEFAULT CHARSET=latin1;
/*!40101 SET character_set_client = @saved_cs_client */;

--
-- Dumping data for table `enfermedad_estado_fisico`
--

LOCK TABLES `enfermedad_estado_fisico` WRITE;
/*!40000 ALTER TABLE `enfermedad_estado_fisico` DISABLE KEYS */;
/*!40000 ALTER TABLE `enfermedad_estado_fisico` ENABLE KEYS */;
UNLOCK TABLES;

--
-- Table structure for table `estado_fisico`
--

DROP TABLE IF EXISTS `estado_fisico`;
/*!40101 SET @saved_cs_client     = @@character_set_client */;
/*!40101 SET character_set_client = utf8 */;
CREATE TABLE `estado_fisico` (
  `id` int(100) NOT NULL AUTO_INCREMENT,
  `edad` int(11) NOT NULL,
  `altura` decimal(10,0) NOT NULL,
  `peso` decimal(10,0) NOT NULL,
  `cintura` decimal(10,0) NOT NULL,
  `masa_magra` decimal(10,0) NOT NULL,
  `id_cliente` int(100) NOT NULL,
  `imc` double NOT NULL,
  `porcentaje_grasa` double NOT NULL,
  `cuello` double NOT NULL,
  `tmb` double NOT NULL,
  `nivel_actividad` double NOT NULL,
  `ccd` double NOT NULL,
  `fecha_registro` datetime DEFAULT NULL,
  `cadera` decimal(10,0) NOT NULL,
  PRIMARY KEY (`id`),
  KEY `id_cliente` (`id_cliente`),
  CONSTRAINT `estado_fisico_ibfk_1` FOREIGN KEY (`id_cliente`) REFERENCES `cliente` (`cliente_id`)
) ENGINE=InnoDB AUTO_INCREMENT=308 DEFAULT CHARSET=latin1;
/*!40101 SET character_set_client = @saved_cs_client */;

--
-- Dumping data for table `estado_fisico`
--

LOCK TABLES `estado_fisico` WRITE;
/*!40000 ALTER TABLE `estado_fisico` DISABLE KEYS */;
INSERT INTO `estado_fisico` VALUES (1,38,132,76,56,53,1,28.79,0.69,74,2777,1.55,2443.76,'2017-10-20 00:00:00',115),(2,38,186,45,98,32,2,12.1,0.13,85,1711,1.725,1505.68,'2017-10-20 00:00:00',106),(3,35,161,126,62,88,3,39.13,0.52,97,2907,1.375,2558.16,'2017-10-20 00:00:00',94),(4,24,145,140,93,98,4,48.28,0.63,35,1893,1.55,1665.84,'2017-10-20 00:00:00',82),(5,29,164,82,84,57,5,25,0.74,64,2279,1.725,2005.52,'2017-10-20 00:00:00',104),(6,28,147,55,80,39,6,18.71,0.66,88,1676,1.375,1474.88,'2017-10-20 00:00:00',112),(7,29,132,130,64,91,7,49.24,0.85,69,1949,1.55,1715.12,'2017-10-20 00:00:00',90),(8,28,165,76,97,53,8,23.03,0.69,71,2006,1.725,1765.28,'2017-10-20 00:00:00',107),(9,26,163,113,51,79,9,34.66,0.57,51,3079,1.375,2709.52,'2017-10-20 00:00:00',83),(10,26,158,137,54,96,10,43.35,0.47,93,1914,1.55,1684.32,'2017-10-20 00:00:00',102),(11,35,140,59,52,41,11,21.07,0.91,29,1509,1.725,1327.92,'2017-10-20 00:00:00',80),(12,26,154,84,93,59,12,27.27,0.63,65,1738,1.375,1529.44,'2017-10-20 00:00:00',70),(13,32,175,126,54,88,13,36,0.31,36,1928,1.55,1696.64,'2017-10-20 00:00:00',118),(14,33,176,107,70,75,14,30.4,0.2,71,2803,1.725,2466.64,'2017-10-20 00:00:00',112),(15,25,137,106,54,74,15,38.69,0.61,70,2595,1.375,2283.6,'2017-10-20 00:00:00',110),(16,33,141,46,86,32,16,16.31,0.25,52,2193,1.55,1929.84,'2017-10-20 00:00:00',98),(17,36,175,87,83,61,17,24.86,0.07,90,1738,1.725,1529.44,'2017-10-20 00:00:00',74),(18,28,164,71,61,50,18,21.65,0.46,63,2349,1.375,2067.12,'2017-10-20 00:00:00',119),(19,21,177,75,52,53,19,21.19,0.25,100,2888,1.55,2541.44,'2017-10-20 00:00:00',107),(20,35,130,122,88,85,20,46.92,0.06,28,2672,1.725,2351.36,'2017-10-20 00:00:00',86),(21,28,190,54,79,38,21,14.21,0.35,47,3124,1.375,2749.12,'2017-10-20 00:00:00',113),(22,35,151,136,51,95,22,45.03,0.32,93,2959,1.55,2603.92,'2017-10-20 00:00:00',95),(23,25,162,129,57,90,23,39.81,0.37,40,2140,1.725,1883.2,'2017-10-20 00:00:00',99),(24,29,178,123,83,86,24,34.55,0.52,69,3453,1.375,3038.64,'2017-10-20 00:00:00',81),(25,30,134,111,79,78,25,41.42,0.56,82,2450,1.375,2156,'2017-10-20 00:00:00',79),(26,22,161,69,60,48,26,21.43,0.92,93,2508,1.55,2207.04,'2017-10-20 00:00:00',88),(27,38,168,73,53,51,27,21.73,0.53,87,1518,1.725,1335.84,'2017-10-20 00:00:00',83),(28,27,138,124,96,87,28,44.93,0.81,40,1860,1.375,1636.8,'2017-10-20 00:00:00',93),(29,26,139,134,62,94,29,48.2,0.35,36,3111,1.55,2737.68,'2017-10-20 00:00:00',70),(30,33,169,134,60,94,30,39.64,0.08,73,2688,1.725,2365.44,'2017-10-20 00:00:00',116),(31,35,174,116,91,81,31,33.33,0.06,38,1532,1.375,1348.16,'2017-10-20 00:00:00',92),(32,28,189,96,75,67,32,25.4,0.16,74,2405,1.55,2116.4,'2017-10-20 00:00:00',86),(33,29,159,107,57,75,33,33.65,0.2,49,3262,1.725,2870.56,'2017-10-20 00:00:00',83),(34,24,175,87,90,61,34,24.86,0.51,20,3077,1.375,2707.76,'2017-10-20 00:00:00',115),(35,34,137,88,70,62,35,32.12,0.85,50,3151,1.55,2772.88,'2017-10-20 00:00:00',108),(36,34,187,96,60,67,36,25.67,0.81,92,3322,1.725,2923.36,'2017-10-20 00:00:00',90),(37,23,164,57,100,40,37,17.38,0.24,54,2191,1.375,1928.08,'2017-10-20 00:00:00',114),(38,28,153,121,100,85,38,39.54,0.37,70,2618,1.55,2303.84,'2017-10-20 00:00:00',100),(39,29,182,104,63,73,39,28.57,0.3,75,1965,1.725,1729.2,'2017-10-20 00:00:00',81),(40,21,155,108,82,76,40,34.84,0.9,80,3212,1.375,2826.56,'2017-10-20 00:00:00',113),(41,28,178,122,73,85,41,34.27,0.27,87,3097,1.55,2725.36,'2017-10-20 00:00:00',114),(42,33,155,46,91,32,42,14.84,0.26,86,1722,1.725,1515.36,'2017-10-20 00:00:00',113),(43,38,131,47,80,33,43,17.94,0.16,88,1833,1.375,1613.04,'2017-10-20 00:00:00',120),(44,28,179,101,90,71,44,28.21,0.22,39,2590,1.55,2279.2,'2017-10-20 00:00:00',87),(45,31,182,122,81,85,45,33.52,0.9,84,1768,1.725,1555.84,'2017-10-20 00:00:00',115),(46,27,150,109,81,76,46,36.33,0.33,96,2421,1.375,2130.48,'2017-10-20 00:00:00',115),(47,33,171,66,78,46,47,19.3,0.88,73,2423,1.55,2132.24,'2017-10-20 00:00:00',107),(48,32,134,98,87,69,48,36.57,0.51,80,2613,1.725,2299.44,'2017-10-20 00:00:00',97),(49,32,147,66,60,46,49,22.45,0.99,92,1688,1.375,1485.44,'2017-10-20 00:00:00',113),(50,22,130,115,81,81,50,44.23,0.53,70,2218,1.55,1951.84,'2017-10-20 00:00:00',103),(51,23,137,67,96,47,51,24.45,0.22,32,2929,1.725,2577.52,'2017-10-20 00:00:00',108),(52,23,139,95,53,67,52,34.17,0.12,61,1782,1.375,1568.16,'2017-10-20 00:00:00',98),(53,34,164,69,80,48,53,21.04,0.42,66,3156,1.55,2777.28,'2017-10-20 00:00:00',90),(54,38,169,120,60,84,54,35.5,0.04,38,2861,1.725,2517.68,'2017-10-20 00:00:00',107),(55,31,132,131,96,92,55,49.62,0.49,73,2419,1.375,2128.72,'2017-10-20 00:00:00',111),(56,34,151,60,74,42,56,19.87,0.65,42,3420,1.55,3009.6,'2017-10-20 00:00:00',111),(57,29,135,65,85,46,57,24.07,0.74,64,3428,1.725,3016.64,'2017-10-20 00:00:00',73),(58,30,187,101,94,71,58,27.01,0.66,58,2780,1.375,2446.4,'2017-10-20 00:00:00',97),(59,32,161,105,93,74,59,32.61,0.68,24,3413,1.55,3003.44,'2017-10-20 00:00:00',119),(60,38,187,64,72,45,60,17.11,0.83,79,2616,1.725,2302.08,'2017-10-20 00:00:00',94),(61,22,156,72,89,50,61,23.08,0.03,54,2224,1.375,1957.12,'2017-10-20 00:00:00',82),(62,34,171,52,58,36,62,15.2,0.33,48,1873,1.55,1648.24,'2017-10-20 00:00:00',102),(63,35,135,58,73,41,63,21.48,0.98,23,3031,1.725,2667.28,'2017-10-20 00:00:00',70),(64,35,187,125,51,88,64,33.42,0.18,93,1646,1.375,1448.48,'2017-10-20 00:00:00',70),(65,37,136,130,83,91,65,47.79,0.58,41,3069,1.55,2700.72,'2017-10-20 00:00:00',84),(66,34,163,93,100,65,66,28.53,0.26,51,2132,1.725,1876.16,'2017-10-20 00:00:00',89),(67,35,155,65,93,46,67,20.97,0.88,48,2311,1.375,2033.68,'2017-10-20 00:00:00',113),(68,35,147,122,97,85,68,41.5,0.63,24,1704,1.55,1499.52,'2017-10-20 00:00:00',90),(69,25,139,97,60,68,69,34.89,0.75,36,3496,1.725,3076.48,'2017-10-20 00:00:00',119),(70,35,131,128,77,90,70,48.85,0.52,79,2890,1.375,2543.2,'2017-10-20 00:00:00',77),(71,25,150,63,93,44,71,21,0.97,40,2025,1.55,1782,'2017-10-20 00:00:00',91),(72,28,178,53,67,37,72,14.89,0.64,56,1915,1.725,1685.2,'2017-10-20 00:00:00',120),(73,23,190,72,59,50,73,18.95,0.94,63,2924,1.375,2573.12,'2017-10-20 00:00:00',117),(74,33,179,99,59,69,74,27.65,0.93,45,2048,1.375,1802.24,'2017-10-20 00:00:00',85),(75,33,171,58,76,41,75,16.96,0.46,99,3206,1.55,2821.28,'2017-10-20 00:00:00',91),(76,31,156,77,85,54,76,24.68,0.21,96,2152,1.725,1893.76,'2017-10-20 00:00:00',112),(77,37,190,130,51,91,77,34.21,0.46,51,2583,1.375,2273.04,'2017-10-20 00:00:00',96),(78,29,132,100,84,70,78,37.88,0.01,39,2614,1.55,2300.32,'2017-10-20 00:00:00',119),(79,28,137,104,71,73,79,37.96,0.83,37,2345,1.725,2063.6,'2017-10-20 00:00:00',105),(80,29,151,138,59,97,80,45.7,0.52,87,3468,1.375,3051.84,'2017-10-20 00:00:00',83),(81,26,177,127,93,89,81,35.88,0.51,65,2349,1.55,2067.12,'2017-10-20 00:00:00',111),(82,21,153,118,61,83,82,38.56,0.06,47,3159,1.725,2779.92,'2017-10-20 00:00:00',85),(83,21,169,132,96,92,83,39.05,0.57,98,2078,1.375,1828.64,'2017-10-20 00:00:00',86),(84,31,137,73,68,51,84,26.64,0.05,25,1686,1.55,1483.68,'2017-10-20 00:00:00',112),(85,38,183,113,85,79,85,30.87,0.28,69,1982,1.725,1744.16,'2017-10-20 00:00:00',100),(86,31,156,105,83,74,86,33.65,0.37,56,3366,1.375,2962.08,'2017-10-20 00:00:00',95),(87,32,173,106,62,74,87,30.64,0.29,39,2402,1.55,2113.76,'2017-10-20 00:00:00',106),(88,22,170,66,68,46,88,19.41,0.13,87,1819,1.725,1600.72,'2017-10-20 00:00:00',104),(89,29,132,84,50,59,89,31.82,0.28,100,1927,1.375,1695.76,'2017-10-20 00:00:00',99),(90,26,132,104,67,73,90,39.39,0.62,35,3421,1.55,3010.48,'2017-10-20 00:00:00',104),(91,27,143,104,88,73,91,36.36,0.44,42,3441,1.725,3028.08,'2017-10-20 00:00:00',103),(92,21,168,78,60,55,92,23.21,0.71,55,2999,1.375,2639.12,'2017-10-20 00:00:00',103),(93,21,145,82,82,57,93,28.28,0.08,98,2078,1.55,1828.64,'2017-10-20 00:00:00',96),(94,31,147,123,74,86,94,41.84,0.23,71,3398,1.725,2990.24,'2017-10-20 00:00:00',112),(95,33,151,115,77,81,95,38.08,0.12,42,1867,1.375,1642.96,'2017-10-20 00:00:00',115),(96,30,139,88,75,62,96,31.65,0.25,53,2972,1.55,2615.36,'2017-10-20 00:00:00',110),(97,25,173,126,86,88,97,36.42,0.51,54,2112,1.725,1858.56,'2017-10-20 00:00:00',103),(98,24,144,132,67,92,98,45.83,0.93,95,3191,1.375,2808.08,'2017-10-20 00:00:00',116),(99,27,142,56,76,39,99,19.72,0.62,57,1871,1.55,1646.48,'2017-10-20 00:00:00',78),(100,38,130,85,97,60,100,32.69,0.85,74,2340,1.725,2059.2,'2017-10-20 00:00:00',77),(101,15,141,102,77,71,101,36.17,0.24,30,2680,1.375,2358.4,'2017-10-20 00:00:00',118),(102,14,155,120,67,84,102,38.71,0.34,98,2621,1.55,2306.48,'2017-10-20 00:00:00',85),(103,9,131,136,66,95,103,51.91,0.53,52,3367,1.725,2962.96,'2017-10-20 00:00:00',89),(104,12,184,96,82,67,104,26.09,0.65,82,2934,1.375,2581.92,'2017-10-20 00:00:00',112),(105,4,153,101,72,71,105,33.01,0.56,88,2870,1.55,2525.6,'2017-10-20 00:00:00',94),(106,18,189,99,86,69,106,26.19,0.08,56,3444,1.725,3030.72,'2017-10-20 00:00:00',102),(107,8,144,90,90,63,107,31.25,0.73,98,3129,1.375,2753.52,'2017-10-20 00:00:00',102),(108,7,130,137,73,96,108,52.69,0.18,80,1963,1.55,1727.44,'2017-10-20 00:00:00',112),(109,2,176,67,65,47,109,19.03,0.35,70,2343,1.725,2061.84,'2017-10-20 00:00:00',72),(110,23,154,51,89,36,110,16.56,0.14,20,2651,1.375,2332.88,'2017-10-20 00:00:00',114),(111,23,186,107,98,75,111,28.76,0.95,92,1652,1.55,1453.76,'2017-10-20 00:00:00',94),(112,5,159,127,61,89,112,39.94,0.76,74,3104,1.725,2731.52,'2017-10-20 00:00:00',102),(113,9,188,46,57,32,113,12.23,0.39,77,2503,1.375,2202.64,'2017-10-20 00:00:00',119),(114,9,160,60,85,42,114,18.75,0.49,67,2498,1.55,2198.24,'2017-10-20 00:00:00',87),(115,26,136,47,95,33,115,17.28,0.32,100,3371,1.725,2966.48,'2017-10-20 00:00:00',88),(116,21,145,88,64,62,116,30.34,0.32,58,1891,1.375,1664.08,'2017-10-20 00:00:00',116),(117,7,173,59,93,41,117,17.05,0.68,62,3467,1.55,3050.96,'2017-10-20 00:00:00',119),(118,11,175,56,79,39,118,16,0.8,93,2844,1.725,2502.72,'2017-10-20 00:00:00',112),(119,26,160,82,70,57,119,25.63,0.99,34,2220,1.375,1953.6,'2017-10-20 00:00:00',93),(120,20,135,118,52,83,120,43.7,0.81,71,3434,1.55,3021.92,'2017-10-20 00:00:00',74),(121,16,156,67,71,47,121,21.47,0.31,61,1892,1.725,1664.96,'2017-10-20 00:00:00',99),(122,6,170,102,66,71,122,30,0.54,75,2767,1.375,2434.96,'2017-10-20 00:00:00',119),(123,17,175,48,93,34,123,13.71,0.29,48,3080,1.725,2710.4,'2017-10-20 00:00:00',105),(124,26,189,66,82,46,124,17.46,0.31,92,2677,1.55,2355.76,'2017-10-20 00:00:00',113),(125,9,188,112,71,78,125,29.79,0.86,26,2417,1.725,2126.96,'2017-10-20 00:00:00',72),(126,2,160,49,81,34,126,15.31,0.99,95,3463,1.375,3047.44,'2017-10-20 00:00:00',85),(127,15,180,140,97,98,127,38.89,0.81,71,2582,1.55,2272.16,'2017-10-20 00:00:00',72),(128,16,163,135,78,95,128,41.41,0.33,62,1650,1.725,1452,'2017-10-20 00:00:00',117),(129,25,142,44,77,31,129,15.49,0.86,100,1566,1.375,1378.08,'2017-10-20 00:00:00',117),(130,2,174,127,73,89,130,36.49,0.04,86,2936,1.55,2583.68,'2017-10-20 00:00:00',82),(131,6,183,114,85,80,131,31.15,0.83,49,2931,1.725,2579.28,'2017-10-20 00:00:00',80),(132,17,182,47,87,33,132,12.91,0.28,21,1988,1.375,1749.44,'2017-10-20 00:00:00',87),(133,26,131,105,97,74,133,40.08,0.2,67,1812,1.55,1594.56,'2017-10-20 00:00:00',99),(134,23,134,75,65,53,134,27.99,0.64,41,2679,1.725,2357.52,'2017-10-20 00:00:00',97),(135,8,150,107,53,75,135,35.67,0.01,48,3301,1.375,2904.88,'2017-10-20 00:00:00',109),(136,15,150,57,78,40,136,19,0.52,31,2848,1.55,2506.24,'2017-10-20 00:00:00',106),(137,22,182,134,79,94,137,36.81,0.72,30,2380,1.725,2094.4,'2017-10-20 00:00:00',90),(138,14,190,74,99,52,138,19.47,0.1,45,2155,1.375,1896.4,'2017-10-20 00:00:00',75),(139,5,190,56,74,39,139,14.74,0.95,24,1923,1.55,1692.24,'2017-10-20 00:00:00',83),(140,12,154,105,83,74,140,34.09,0.62,68,2369,1.725,2084.72,'2017-10-20 00:00:00',116),(141,17,170,122,96,85,141,35.88,0.78,22,2186,1.375,1923.68,'2017-10-20 00:00:00',74),(142,3,135,110,79,77,142,40.74,0.94,80,1562,1.55,1374.56,'2017-10-20 00:00:00',86),(143,21,161,86,70,60,143,26.71,0.04,62,2242,1.725,1972.96,'2017-10-20 00:00:00',95),(144,8,149,45,75,32,144,15.1,0.29,31,3099,1.375,2727.12,'2017-10-20 00:00:00',86),(145,26,165,131,93,92,145,39.7,0.53,72,3326,1.55,2926.88,'2017-10-20 00:00:00',78),(146,13,131,46,67,32,146,17.56,0.7,23,2251,1.725,1980.88,'2017-10-20 00:00:00',76),(147,6,159,62,89,43,147,19.5,0.56,36,3494,1.375,3074.72,'2017-10-20 00:00:00',116),(148,15,185,42,85,29,148,11.35,0.41,52,2306,1.55,2029.28,'2017-10-20 00:00:00',115),(149,17,134,138,80,97,149,51.49,1,46,1884,1.725,1657.92,'2017-10-20 00:00:00',84),(150,13,179,71,94,50,150,19.83,0.21,86,2640,1.375,2323.2,'2017-10-20 00:00:00',71),(151,9,159,58,95,41,151,18.24,0.09,74,2644,1.55,2326.72,'2017-10-20 00:00:00',105),(152,18,162,134,92,94,152,41.36,0.6,60,3432,1.725,3020.16,'2017-10-20 00:00:00',78),(153,15,162,50,57,35,153,15.43,0.63,37,2730,1.375,2402.4,'2017-10-20 00:00:00',113),(154,6,165,60,55,42,154,18.18,0.83,93,2206,1.55,1941.28,'2017-10-20 00:00:00',90),(155,5,169,48,54,34,155,14.2,0.7,97,2650,1.725,2332,'2017-10-20 00:00:00',72),(156,0,145,119,50,83,156,41.03,0.98,61,3416,1.375,3006.08,'2017-10-20 00:00:00',99),(157,0,142,106,81,74,157,37.32,0.86,58,3394,1.55,2986.72,'2017-10-20 00:00:00',96),(158,20,137,100,54,70,158,36.5,0.68,83,2931,1.725,2579.28,'2017-10-20 00:00:00',82),(159,19,166,117,91,82,159,35.24,0.35,98,2658,1.375,2339.04,'2017-10-20 00:00:00',84),(160,26,160,112,67,78,160,35,0.42,83,1686,1.55,1483.68,'2017-10-20 00:00:00',79),(161,9,171,84,58,59,161,24.56,0.81,56,2970,1.725,2613.6,'2017-10-20 00:00:00',95),(162,23,183,83,58,58,162,22.68,0.18,42,2358,1.375,2075.04,'2017-10-20 00:00:00',82),(163,23,178,58,80,41,163,16.29,0.06,33,2786,1.55,2451.68,'2017-10-20 00:00:00',79),(164,9,163,93,65,65,164,28.53,0.12,74,1697,1.725,1493.36,'2017-10-20 00:00:00',117),(165,26,171,99,93,69,165,28.95,0.2,53,1537,1.375,1352.56,'2017-10-20 00:00:00',75),(166,25,137,134,80,94,166,48.91,0.69,61,1987,1.55,1748.56,'2017-10-20 00:00:00',104),(167,6,165,97,98,68,167,29.39,0.94,22,2621,1.725,2306.48,'2017-10-20 00:00:00',77),(168,14,160,115,74,81,168,35.94,0.83,52,2027,1.375,1783.76,'2017-10-20 00:00:00',90),(169,8,151,85,92,60,169,28.15,0.34,54,2994,1.55,2634.72,'2017-10-20 00:00:00',71),(170,23,143,97,92,68,170,33.92,0.23,28,1526,1.725,1342.88,'2017-10-20 00:00:00',89),(171,1,147,96,83,67,171,32.65,0.57,29,1529,1.375,1345.52,'2017-10-20 00:00:00',112),(172,10,142,136,66,95,172,47.89,0.39,62,2101,1.375,1848.88,'2017-10-20 00:00:00',71),(173,10,168,52,94,36,173,15.48,0.97,94,3442,1.55,3028.96,'2017-10-20 00:00:00',119),(174,0,156,127,65,89,174,40.71,0.33,52,2201,1.725,1936.88,'2017-10-20 00:00:00',115),(175,0,142,48,72,34,175,16.9,0.43,26,2784,1.375,2449.92,'2017-10-20 00:00:00',71),(176,21,177,100,99,70,176,28.25,0.6,67,2916,1.55,2566.08,'2017-10-20 00:00:00',84),(177,22,154,122,95,85,177,39.61,1,30,2714,1.725,2388.32,'2017-10-20 00:00:00',106),(178,0,147,81,97,57,178,27.55,0.36,34,3050,1.375,2684,'2017-10-20 00:00:00',109),(179,4,178,55,76,39,179,15.45,0.48,80,1712,1.55,1506.56,'2017-10-20 00:00:00',99),(180,18,188,54,74,38,180,14.36,0.42,73,1622,1.725,1427.36,'2017-10-20 00:00:00',110),(181,22,189,66,81,46,181,17.46,0.91,78,2730,1.375,2402.4,'2017-10-20 00:00:00',117),(182,12,155,109,67,76,182,35.16,0.11,59,2994,1.55,2634.72,'2017-10-20 00:00:00',84),(183,10,174,111,72,78,183,31.9,0.23,37,3104,1.725,2731.52,'2017-10-20 00:00:00',104),(184,4,173,96,64,67,184,27.75,0.19,90,2854,1.375,2511.52,'2017-10-20 00:00:00',108),(185,8,130,92,62,64,185,35.38,0.7,52,2174,1.55,1913.12,'2017-10-20 00:00:00',119),(186,1,137,97,95,68,186,35.4,0.62,87,3242,1.725,2852.96,'2017-10-20 00:00:00',91),(187,11,168,135,98,95,187,40.18,0.23,49,1792,1.375,1576.96,'2017-10-20 00:00:00',112),(188,23,165,94,64,66,188,28.48,0.93,26,1947,1.55,1713.36,'2017-10-20 00:00:00',83),(189,3,189,75,77,53,189,19.84,0.07,81,2598,1.725,2286.24,'2017-10-20 00:00:00',89),(190,17,184,90,97,63,190,24.46,0.03,75,2765,1.375,2433.2,'2017-10-20 00:00:00',79),(191,25,170,51,51,36,191,15,0.66,70,2831,1.55,2491.28,'2017-10-20 00:00:00',105),(192,16,145,120,51,84,192,41.38,0.41,59,2209,1.725,1943.92,'2017-10-20 00:00:00',114),(193,22,156,116,85,81,193,37.18,0.4,54,2847,1.375,2505.36,'2017-10-20 00:00:00',94),(194,16,144,59,66,41,194,20.49,0.91,23,2914,1.55,2564.32,'2017-10-20 00:00:00',105),(195,16,145,112,72,78,195,38.62,0.67,91,2947,1.725,2593.36,'2017-10-20 00:00:00',77),(196,24,142,72,99,50,196,25.35,0.14,86,2475,1.375,2178,'2017-10-20 00:00:00',70),(197,17,166,95,58,67,197,28.61,0.02,32,3376,1.55,2970.88,'2017-10-20 00:00:00',109),(198,23,167,106,97,74,198,31.74,0.32,49,3414,1.725,3004.32,'2017-10-20 00:00:00',79),(199,6,180,108,73,76,199,30,0.85,91,2252,1.375,1981.76,'2017-10-20 00:00:00',81),(200,45,140,97,64,68,200,34.64,0.95,39,1755,1.55,1544.4,'2017-10-20 00:00:00',72),(201,47,172,62,94,43,201,18.02,0.47,27,2870,1.725,2525.6,'2017-10-20 00:00:00',110),(202,55,145,62,68,43,202,21.38,0.85,30,2239,1.375,1970.32,'2017-10-20 00:00:00',96),(203,34,157,113,86,79,203,35.99,0.48,81,3464,1.55,3048.32,'2017-10-20 00:00:00',108),(204,54,135,128,81,90,204,47.41,0.39,20,3328,1.725,2928.64,'2017-10-20 00:00:00',77),(205,45,176,118,61,83,205,33.52,0.98,75,2839,1.375,2498.32,'2017-10-20 00:00:00',92),(206,35,183,68,100,48,206,18.58,0.54,48,1796,1.55,1580.48,'2017-10-20 00:00:00',81),(207,33,176,125,51,88,207,35.51,0.06,33,3061,1.725,2693.68,'2017-10-20 00:00:00',98),(208,32,130,113,83,79,208,43.46,0.56,81,2801,1.375,2464.88,'2017-10-20 00:00:00',93),(209,52,167,43,67,30,209,12.87,0.77,34,3003,1.55,2642.64,'2017-10-20 00:00:00',104),(210,46,137,101,97,71,210,36.86,0.49,32,1566,1.725,1378.08,'2017-10-20 00:00:00',119),(211,37,154,64,100,45,211,20.78,0.03,80,3442,1.375,3028.96,'2017-10-20 00:00:00',109),(212,42,185,70,54,49,212,18.92,0.12,36,1530,1.55,1346.4,'2017-10-20 00:00:00',92),(213,44,155,77,82,54,213,24.84,0.51,97,3043,1.725,2677.84,'2017-10-20 00:00:00',77),(214,33,138,97,65,68,214,35.14,0.56,26,2188,1.375,1925.44,'2017-10-20 00:00:00',111),(215,49,151,89,62,62,215,29.47,0.09,100,2861,1.55,2517.68,'2017-10-20 00:00:00',108),(216,34,182,87,83,61,216,23.9,0.5,35,2210,1.725,1944.8,'2017-10-20 00:00:00',112),(217,33,162,64,91,45,217,19.75,0.82,76,2575,1.375,2266,'2017-10-20 00:00:00',95),(218,54,159,84,69,59,218,26.42,0.26,98,2937,1.55,2584.56,'2017-10-20 00:00:00',72),(219,41,131,105,51,74,219,40.08,0.04,83,2323,1.725,2044.24,'2017-10-20 00:00:00',75),(220,54,156,111,68,78,220,35.58,0.33,78,2237,1.375,1968.56,'2017-10-20 00:00:00',80),(221,51,188,88,55,62,221,23.4,0.83,54,3379,1.375,2973.52,'2017-10-20 00:00:00',112),(222,43,136,83,93,58,222,30.51,0.31,82,2895,1.55,2547.6,'2017-10-20 00:00:00',91),(223,38,150,132,88,92,223,44,0.06,76,3237,1.725,2848.56,'2017-10-20 00:00:00',72),(224,53,130,123,92,86,224,47.31,0.76,49,2595,1.375,2283.6,'2017-10-20 00:00:00',87),(225,44,161,81,80,57,225,25.16,0.48,20,3122,1.55,2747.36,'2017-10-20 00:00:00',83),(226,44,156,84,73,59,226,26.92,0.49,99,2267,1.725,1994.96,'2017-10-20 00:00:00',72),(227,49,138,90,76,63,227,32.61,0.17,35,2535,1.375,2230.8,'2017-10-20 00:00:00',120),(228,49,159,101,55,71,228,31.76,0.39,26,1927,1.55,1695.76,'2017-10-20 00:00:00',96),(229,41,185,133,58,93,229,35.95,0.94,44,2155,1.725,1896.4,'2017-10-20 00:00:00',94),(230,53,141,67,93,47,230,23.76,0.42,33,2395,1.375,2107.6,'2017-10-20 00:00:00',103),(231,46,135,132,85,92,231,48.89,0.27,72,3259,1.55,2867.92,'2017-10-20 00:00:00',80),(232,54,171,71,89,50,232,20.76,0.57,41,1726,1.725,1518.88,'2017-10-20 00:00:00',80),(233,53,130,100,82,70,233,38.46,0.06,88,2976,1.375,2618.88,'2017-10-20 00:00:00',111),(234,48,183,69,72,48,234,18.85,0.92,96,2587,1.55,2276.56,'2017-10-20 00:00:00',119),(235,45,171,54,55,38,235,15.79,0.17,84,1525,1.725,1342,'2017-10-20 00:00:00',114),(236,45,179,73,86,51,236,20.39,0.85,74,2036,1.375,1791.68,'2017-10-20 00:00:00',84),(237,37,175,70,63,49,237,20,0.84,25,3124,1.55,2749.12,'2017-10-20 00:00:00',90),(238,34,165,55,77,39,238,16.67,0.87,53,2440,1.725,2147.2,'2017-10-20 00:00:00',86),(239,41,160,88,72,62,239,27.5,0.36,43,2277,1.375,2003.76,'2017-10-20 00:00:00',108),(240,55,154,79,95,55,240,25.65,0.91,77,3335,1.55,2934.8,'2017-10-20 00:00:00',90),(241,39,151,102,95,71,241,33.77,0.42,30,2193,1.725,1929.84,'2017-10-20 00:00:00',91),(242,38,165,92,88,64,242,27.88,0.95,45,2189,1.375,1926.32,'2017-10-20 00:00:00',100),(243,41,170,101,86,71,243,29.71,0.61,64,1832,1.55,1612.16,'2017-10-20 00:00:00',101),(244,35,156,105,60,74,244,33.65,0.06,51,1933,1.725,1701.04,'2017-10-20 00:00:00',117),(245,47,151,83,93,58,245,27.48,0.87,77,1795,1.375,1579.6,'2017-10-20 00:00:00',73),(246,35,147,86,65,60,246,29.25,0.4,95,3395,1.55,2987.6,'2017-10-20 00:00:00',79),(247,51,148,76,88,53,247,25.68,0.38,30,1754,1.725,1543.52,'2017-10-20 00:00:00',76),(248,51,136,51,67,36,248,18.75,0.12,30,2034,1.375,1789.92,'2017-10-20 00:00:00',73),(249,37,190,44,79,31,249,11.58,0.06,57,3459,1.55,3043.92,'2017-10-20 00:00:00',108),(250,56,156,51,98,36,250,16.35,0.09,52,2390,1.725,2103.2,'2017-10-20 00:00:00',119),(251,48,178,89,51,62,251,25,0.63,53,2155,1.375,1896.4,'2017-10-20 00:00:00',103),(252,54,169,128,63,90,252,37.87,0.4,50,2025,1.55,1782,'2017-10-20 00:00:00',72),(253,48,144,42,53,29,253,14.58,0.46,77,1863,1.725,1639.44,'2017-10-20 00:00:00',117),(254,43,189,40,56,28,254,10.58,0.59,25,1617,1.375,1422.96,'2017-10-20 00:00:00',88),(255,56,131,93,64,65,255,35.5,0.78,86,2575,1.55,2266,'2017-10-20 00:00:00',92),(256,47,146,94,73,66,256,32.19,0.48,53,1827,1.725,1607.76,'2017-10-20 00:00:00',82),(257,48,157,83,70,58,257,26.43,0.42,60,2330,1.375,2050.4,'2017-10-20 00:00:00',82),(258,35,153,111,70,78,258,36.27,0.64,65,1835,1.55,1614.8,'2017-10-20 00:00:00',79),(259,56,137,106,78,74,259,38.69,0.28,93,2540,1.725,2235.2,'2017-10-20 00:00:00',74),(260,40,145,68,51,48,260,23.45,0.31,54,1519,1.375,1336.72,'2017-10-20 00:00:00',93),(261,34,152,53,92,37,261,17.43,0.62,49,2087,1.55,1836.56,'2017-10-20 00:00:00',96),(262,46,139,71,90,50,262,25.54,0.77,31,2584,1.725,2273.92,'2017-10-20 00:00:00',90),(263,46,159,78,84,55,263,24.53,0.81,44,1956,1.375,1721.28,'2017-10-20 00:00:00',84),(264,41,154,120,73,84,264,38.96,0.55,74,2857,1.55,2514.16,'2017-10-20 00:00:00',109),(265,39,160,129,73,90,265,40.31,0.59,65,2745,1.725,2415.6,'2017-10-20 00:00:00',79),(266,55,161,137,66,96,266,42.55,0.38,38,2490,1.375,2191.2,'2017-10-20 00:00:00',75),(267,36,160,117,89,82,267,36.56,0.93,30,3262,1.55,2870.56,'2017-10-20 00:00:00',108),(268,56,141,103,74,72,268,36.52,0.59,49,3445,1.725,3031.6,'2017-10-20 00:00:00',93),(269,43,166,54,93,38,269,16.27,0.73,83,2515,1.375,2213.2,'2017-10-20 00:00:00',97),(270,47,136,78,67,55,270,28.68,0.94,20,2515,1.375,2213.2,'2017-10-20 00:00:00',104),(271,38,172,70,77,49,271,20.35,0.57,38,2385,1.55,2098.8,'2017-10-20 00:00:00',102),(272,42,153,109,58,76,272,35.62,0.56,21,1655,1.725,1456.4,'2017-10-20 00:00:00',114),(273,45,138,79,93,55,273,28.62,0.63,76,2624,1.375,2309.12,'2017-10-20 00:00:00',104),(274,45,173,41,92,29,274,11.85,0.67,75,2368,1.55,2083.84,'2017-10-20 00:00:00',95),(275,48,175,124,60,87,275,35.43,0.86,57,2214,1.725,1948.32,'2017-10-20 00:00:00',113),(276,36,169,123,77,86,276,36.39,0.53,95,3086,1.375,2715.68,'2017-10-20 00:00:00',114),(277,39,167,129,91,90,277,38.62,0.44,96,1865,1.55,1641.2,'2017-10-20 00:00:00',99),(278,52,189,68,64,48,278,17.99,0.92,32,2162,1.725,1902.56,'2017-10-20 00:00:00',71),(279,57,138,119,87,83,279,43.12,0.53,30,1859,1.375,1635.92,'2017-10-20 00:00:00',89),(280,33,186,101,65,71,280,27.15,0.31,59,2140,1.55,1883.2,'2017-10-20 00:00:00',102),(281,47,146,83,74,58,281,28.42,0.28,44,2980,1.725,2622.4,'2017-10-20 00:00:00',96),(282,53,165,86,57,60,282,26.06,0.57,59,1984,1.375,1745.92,'2017-10-20 00:00:00',87),(283,43,169,113,74,79,283,33.43,0.76,42,2589,1.55,2278.32,'2017-10-20 00:00:00',83),(284,38,164,45,86,32,284,13.72,0.42,76,1891,1.725,1664.08,'2017-10-20 00:00:00',119),(285,35,139,81,74,57,285,29.14,0.62,28,1510,1.375,1328.8,'2017-10-20 00:00:00',112),(286,54,133,109,92,76,286,40.98,0.5,78,2367,1.55,2082.96,'2017-10-20 00:00:00',77),(287,39,161,61,62,43,287,18.94,0.4,56,2017,1.725,1774.96,'2017-10-20 00:00:00',91),(288,54,146,49,93,34,288,16.78,0.98,100,2011,1.375,1769.68,'2017-10-20 00:00:00',92),(289,52,169,84,65,59,289,24.85,0.88,97,2570,1.55,2261.6,'2017-10-20 00:00:00',96),(290,46,172,44,91,31,290,12.79,0.89,57,2357,1.725,2074.16,'2017-10-20 00:00:00',117),(291,38,140,98,58,69,291,35,0.26,56,1846,1.375,1624.48,'2017-10-20 00:00:00',84),(292,38,167,44,85,31,292,13.17,0.39,67,3269,1.55,2876.72,'2017-10-20 00:00:00',115),(293,37,134,69,73,48,293,25.75,0.12,31,2931,1.725,2579.28,'2017-10-20 00:00:00',111),(294,53,162,85,77,60,294,26.23,0.37,59,1946,1.375,1712.48,'2017-10-20 00:00:00',92),(295,54,177,92,88,64,295,25.99,0.91,47,3189,1.375,2806.32,'2017-10-20 00:00:00',93),(296,52,153,50,52,35,296,16.34,0.76,83,2789,1.725,2454.32,'2017-10-20 00:00:00',73),(297,49,162,134,67,94,297,41.36,0.28,32,2383,1.375,2097.04,'2017-10-20 00:00:00',118),(298,56,187,76,50,53,298,20.32,0.54,46,2860,1.55,2516.8,'2017-10-20 00:00:00',102),(299,54,153,113,85,79,299,36.93,0.3,78,1674,1.725,1473.12,'2017-10-20 00:00:00',111),(300,52,189,66,88,46,300,17.46,0.53,75,1592,1.375,1400.96,'2017-10-20 00:00:00',109),(301,0,145,61,60,57,304,29.013079667063,6.4,30,1603.2736,1.55,2485.07408,'2017-11-30 02:32:41',90),(302,0,165,65,100,43,307,23.875114784206,33.8,30,1299.448,1.725,2241.5478,'2017-12-01 10:21:31',100),(303,0,175,75,98,52,308,24.489795918367,30.8,30,1491.04,1.55,2311.112,'2017-12-01 10:46:26',105),(304,0,165,65,100,43,313,23.875114784206,33.8,30,1299.448,1.725,2241.5478,'2017-12-01 18:42:00',109),(305,0,170,75,92,54,314,25.951557093426,27.5,31,1544.5,1.2,1853.4,'2017-12-01 20:20:08',98),(306,0,170,72,90,52,314,24.913494809689,27.5,29,1497.52,1.725,2583.222,'2017-12-08 20:44:32',90),(307,0,157,60,90,42,315,24.34175828634,29.4,30,1284.976,1.2,1541.9712,'2017-12-01 20:54:16',90);
/*!40000 ALTER TABLE `estado_fisico` ENABLE KEYS */;
UNLOCK TABLES;

--
-- Table structure for table `estado_fisico_alergia`
--

DROP TABLE IF EXISTS `estado_fisico_alergia`;
/*!40101 SET @saved_cs_client     = @@character_set_client */;
/*!40101 SET character_set_client = utf8 */;
CREATE TABLE `estado_fisico_alergia` (
  `id_estado_fisico` int(11) NOT NULL,
  `id_alergia` int(11) NOT NULL,
  KEY `id_cli_ale_fk_idx` (`id_estado_fisico`),
  KEY `id_ale_cli_ale_fk_idx` (`id_alergia`),
  CONSTRAINT `id_ale_cli_ale_fk` FOREIGN KEY (`id_alergia`) REFERENCES `alergias` (`id_alergia`) ON DELETE NO ACTION ON UPDATE NO ACTION,
  CONSTRAINT `id_cli_ale_fk` FOREIGN KEY (`id_estado_fisico`) REFERENCES `estado_fisico` (`id`) ON DELETE NO ACTION ON UPDATE NO ACTION
) ENGINE=InnoDB DEFAULT CHARSET=latin1;
/*!40101 SET character_set_client = @saved_cs_client */;

--
-- Dumping data for table `estado_fisico_alergia`
--

LOCK TABLES `estado_fisico_alergia` WRITE;
/*!40000 ALTER TABLE `estado_fisico_alergia` DISABLE KEYS */;
/*!40000 ALTER TABLE `estado_fisico_alergia` ENABLE KEYS */;
UNLOCK TABLES;

--
-- Table structure for table `objetivo`
--

DROP TABLE IF EXISTS `objetivo`;
/*!40101 SET @saved_cs_client     = @@character_set_client */;
/*!40101 SET character_set_client = utf8 */;
CREATE TABLE `objetivo` (
  `id_objetivo` int(11) NOT NULL,
  `descr_objetivo` varchar(50) DEFAULT NULL,
  PRIMARY KEY (`id_objetivo`)
) ENGINE=InnoDB DEFAULT CHARSET=utf8;
/*!40101 SET character_set_client = @saved_cs_client */;

--
-- Dumping data for table `objetivo`
--

LOCK TABLES `objetivo` WRITE;
/*!40000 ALTER TABLE `objetivo` DISABLE KEYS */;
INSERT INTO `objetivo` VALUES (1,'Bajar de Peso'),(2,'Mantener Peso'),(3,'Subir de Peso');
/*!40000 ALTER TABLE `objetivo` ENABLE KEYS */;
UNLOCK TABLES;

--
-- Table structure for table `objetivo_estado_fisico`
--

DROP TABLE IF EXISTS `objetivo_estado_fisico`;
/*!40101 SET @saved_cs_client     = @@character_set_client */;
/*!40101 SET character_set_client = utf8 */;
CREATE TABLE `objetivo_estado_fisico` (
  `id_objetivo` int(11) DEFAULT NULL,
  `id_estado_fisico` int(11) DEFAULT NULL,
  `fecha` date DEFAULT NULL,
  `estado_objetivo` int(1) DEFAULT NULL,
  KEY `id_objetivo` (`id_objetivo`),
  KEY `objetivo_estado_fisico_ibfk_1_idx` (`id_estado_fisico`),
  CONSTRAINT `objetivo_estado_fisico_ibfk_1` FOREIGN KEY (`id_estado_fisico`) REFERENCES `estado_fisico` (`id`),
  CONSTRAINT `objetivo_estado_fisico_ibfk_2` FOREIGN KEY (`id_objetivo`) REFERENCES `objetivo` (`id_objetivo`)
) ENGINE=InnoDB DEFAULT CHARSET=utf8;
/*!40101 SET character_set_client = @saved_cs_client */;

--
-- Dumping data for table `objetivo_estado_fisico`
--

LOCK TABLES `objetivo_estado_fisico` WRITE;
/*!40000 ALTER TABLE `objetivo_estado_fisico` DISABLE KEYS */;
INSERT INTO `objetivo_estado_fisico` VALUES (2,43,'2017-11-28',NULL),(1,44,'2017-11-28',NULL),(1,45,'2017-11-28',NULL),(1,46,'2017-11-29',NULL),(1,301,'2017-11-30',NULL),(3,302,'2017-12-01',NULL),(2,303,'2017-12-01',NULL),(2,304,'2017-12-01',NULL),(1,305,'2017-12-01',NULL),(1,306,'2017-12-08',NULL),(2,307,'2017-12-01',NULL);
/*!40000 ALTER TABLE `objetivo_estado_fisico` ENABLE KEYS */;
UNLOCK TABLES;

--
-- Table structure for table `preguntas`
--

DROP TABLE IF EXISTS `preguntas`;
/*!40101 SET @saved_cs_client     = @@character_set_client */;
/*!40101 SET character_set_client = utf8 */;
CREATE TABLE `preguntas` (
  `id_pregunta` int(11) NOT NULL AUTO_INCREMENT,
  `id_sub_tema` int(11) DEFAULT NULL,
  `id_cliente` int(11) DEFAULT NULL,
  `fecha` date DEFAULT NULL,
  `pregunta` varchar(100) DEFAULT NULL,
  PRIMARY KEY (`id_pregunta`),
  KEY `id_sub_tema` (`id_sub_tema`),
  CONSTRAINT `preguntas_ibfk_1` FOREIGN KEY (`id_sub_tema`) REFERENCES `sub_tema` (`id_sub_tema`)
) ENGINE=InnoDB AUTO_INCREMENT=6 DEFAULT CHARSET=latin1;
/*!40101 SET character_set_client = @saved_cs_client */;

--
-- Dumping data for table `preguntas`
--

LOCK TABLES `preguntas` WRITE;
/*!40000 ALTER TABLE `preguntas` DISABLE KEYS */;
INSERT INTO `preguntas` VALUES (1,1,11,'2013-11-19','Porque la dieta es tan buena?'),(2,1,3,'2015-11-04','Porque la pagina esta tan mala ?'),(3,1,3,'2015-11-04','Porque son tan wones?'),(4,1,3,'2015-11-04','Porque son tan wones?'),(5,1,3,'2015-11-04','porque son tan wones?');
/*!40000 ALTER TABLE `preguntas` ENABLE KEYS */;
UNLOCK TABLES;

--
-- Table structure for table `provincia`
--

DROP TABLE IF EXISTS `provincia`;
/*!40101 SET @saved_cs_client     = @@character_set_client */;
/*!40101 SET character_set_client = utf8 */;
CREATE TABLE `provincia` (
  `PROVINCIA_ID` int(3) NOT NULL DEFAULT '0',
  `PROVINCIA_NOMBRE` varchar(23) DEFAULT NULL,
  `PROVINCIA_REGION_ID` int(2) DEFAULT NULL,
  PRIMARY KEY (`PROVINCIA_ID`),
  KEY `PROVINCIA_REGION_ID` (`PROVINCIA_REGION_ID`),
  CONSTRAINT `provincia_ibfk_1` FOREIGN KEY (`PROVINCIA_REGION_ID`) REFERENCES `region` (`REGION_ID`)
) ENGINE=InnoDB DEFAULT CHARSET=utf8;
/*!40101 SET character_set_client = @saved_cs_client */;

--
-- Dumping data for table `provincia`
--

LOCK TABLES `provincia` WRITE;
/*!40000 ALTER TABLE `provincia` DISABLE KEYS */;
INSERT INTO `provincia` VALUES (11,'Iquique',1),(14,'Tamarugal',1),(21,'Antofagasta',2),(22,'El Loa',2),(23,'Tocopilla',2),(31,'Copiap',3),(32,'Chaaral',3),(33,'Huasco',3),(41,'Elqui',4),(42,'Choapa',4),(43,'Limar',4),(51,'Valparaso',5),(52,'Isla de Pascua',5),(53,'Los Andes',5),(54,'Petorca',5),(55,'Quillota',5),(56,'San Antonio',5),(57,'San Felipe de Aconcagua',5),(58,'Marga Marga',5),(61,'Cachapoal',6),(62,'Cardenal Caro',6),(63,'Colchagua',6),(71,'Talca',7),(72,'Cauquenes',7),(73,'Curic',7),(74,'Linares',7),(81,'Concepcin',8),(82,'Arauco',8),(83,'Biobo',8),(84,'uble',8),(91,'Cautn',9),(92,'Malleco',9),(101,'Llanquihue',10),(102,'Chilo',10),(103,'Osorno',10),(104,'Palena',10),(111,'Coihaique',11),(112,'Aisn',11),(113,'Capitn Prat',11),(114,'General Carrera',11),(121,'Magallanes',12),(122,'Antrtica Chilena',12),(123,'Tierra del Fuego',12),(124,'ltima Esperanza',12),(131,'Santiago',13),(132,'Cordillera',13),(133,'Chacabuco',13),(134,'Maipo',13),(135,'Melipilla',13),(136,'Talagante',13),(141,'Valdivia',14),(142,'Ranco',14),(151,'Arica',15),(152,'Parinacota',15);
/*!40000 ALTER TABLE `provincia` ENABLE KEYS */;
UNLOCK TABLES;

--
-- Table structure for table `region`
--

DROP TABLE IF EXISTS `region`;
/*!40101 SET @saved_cs_client     = @@character_set_client */;
/*!40101 SET character_set_client = utf8 */;
CREATE TABLE `region` (
  `REGION_ID` int(2) NOT NULL DEFAULT '0',
  `REGION_NOMBRE` varchar(50) DEFAULT NULL,
  PRIMARY KEY (`REGION_ID`)
) ENGINE=InnoDB DEFAULT CHARSET=utf8;
/*!40101 SET character_set_client = @saved_cs_client */;

--
-- Dumping data for table `region`
--

LOCK TABLES `region` WRITE;
/*!40000 ALTER TABLE `region` DISABLE KEYS */;
INSERT INTO `region` VALUES (1,'Tarapac'),(2,'Antofagasta'),(3,'Atacama'),(4,'Coquimbo'),(5,'Valparaso'),(6,'Regin del Libertador Gral. Bernardo OHiggins'),(7,'Regin del Maule'),(8,'Regin del Biobo'),(9,'Regin de la Araucana'),(10,'Regin de Los Lagos'),(11,'Regin Aisn del Gral. Carlos Ibez del Campo'),(12,'Regin de Magallanes y de la Antrtica Chilena'),(13,'Regin Metropolitana de Santiago'),(14,'Regin de Los Ros'),(15,'Arica y Parinacota');
/*!40000 ALTER TABLE `region` ENABLE KEYS */;
UNLOCK TABLES;

--
-- Table structure for table `respuesta`
--

DROP TABLE IF EXISTS `respuesta`;
/*!40101 SET @saved_cs_client     = @@character_set_client */;
/*!40101 SET character_set_client = utf8 */;
CREATE TABLE `respuesta` (
  `id_respuesta` int(11) NOT NULL AUTO_INCREMENT,
  `id_pregunta` int(11) DEFAULT NULL,
  `id_cliente` int(11) DEFAULT NULL,
  `fecha` date DEFAULT NULL,
  `respuesta` varchar(100) DEFAULT NULL,
  PRIMARY KEY (`id_respuesta`),
  KEY `id_pregunta` (`id_pregunta`),
  CONSTRAINT `respuesta_ibfk_1` FOREIGN KEY (`id_pregunta`) REFERENCES `preguntas` (`id_pregunta`)
) ENGINE=InnoDB AUTO_INCREMENT=10 DEFAULT CHARSET=latin1;
/*!40101 SET character_set_client = @saved_cs_client */;

--
-- Dumping data for table `respuesta`
--

LOCK TABLES `respuesta` WRITE;
/*!40000 ALTER TABLE `respuesta` DISABLE KEYS */;
INSERT INTO `respuesta` VALUES (1,1,14,'2013-11-19','Porque asi tiene que ser, saludos.'),(2,1,10,'2013-11-19','Porque yo lo digo!!!'),(3,1,11,'2013-11-22','porque me gusta la dieta'),(4,1,11,'2013-11-22','porque es entera fomeee'),(5,1,11,'2013-11-22','Porque fue hecha con delicadesa'),(6,1,17,'2013-11-27','holaaaaaaaaaaaaaaaaaaasakjs'),(7,1,17,'2013-11-27','<spam>echo\"concha\";\r\n<spam>'),(8,1,17,'2013-11-27','pagina culia engorde con esta mierda'),(9,1,17,'2013-11-27','Porque dios lo quiso');
/*!40000 ALTER TABLE `respuesta` ENABLE KEYS */;
UNLOCK TABLES;

--
-- Table structure for table `sesion`
--

DROP TABLE IF EXISTS `sesion`;
/*!40101 SET @saved_cs_client     = @@character_set_client */;
/*!40101 SET character_set_client = utf8 */;
CREATE TABLE `sesion` (
  `id_cliente` int(11) NOT NULL,
  `ip` varchar(45) DEFAULT NULL,
  `fecha_hora` datetime DEFAULT NULL,
  `nom_maquina` varchar(60) DEFAULT NULL,
  `num_conect` int(11) DEFAULT NULL,
  `estado` int(11) DEFAULT NULL,
  KEY `fk_id_cli_se_idx` (`id_cliente`),
  CONSTRAINT `fk_id_cli_se` FOREIGN KEY (`id_cliente`) REFERENCES `cliente` (`cliente_id`) ON DELETE NO ACTION ON UPDATE NO ACTION
) ENGINE=InnoDB DEFAULT CHARSET=latin1;
/*!40101 SET character_set_client = @saved_cs_client */;

--
-- Dumping data for table `sesion`
--

LOCK TABLES `sesion` WRITE;
/*!40000 ALTER TABLE `sesion` DISABLE KEYS */;
INSERT INTO `sesion` VALUES (1,'::1','2017-12-01 01:25:17','local',8,0),(2,'1.1.1.1','2017-11-30 02:06:34','local',0,0),(3,'::1','2017-12-01 20:50:24','local',1,0),(4,'::1','2017-11-30 13:19:28','local',4,0),(5,'1.1.1.1','2017-11-30 02:06:34','local',0,0),(6,'1.1.1.1','2017-11-30 02:06:34','local',0,0),(7,'1.1.1.1','2017-11-30 02:06:34','local',0,0),(8,'1.1.1.1','2017-11-30 02:06:34','local',0,0),(9,'1.1.1.1','2017-11-30 02:06:34','local',0,0),(10,'1.1.1.1','2017-11-30 02:06:34','local',0,0),(11,'1.1.1.1','2017-11-30 02:06:34','local',0,0),(12,'1.1.1.1','2017-11-30 02:06:34','local',0,0),(13,'1.1.1.1','2017-11-30 02:06:34','local',0,0),(14,'1.1.1.1','2017-11-30 02:06:34','local',0,0),(15,'1.1.1.1','2017-11-30 02:06:34','local',0,0),(16,'1.1.1.1','2017-11-30 02:06:34','local',0,0),(17,'1.1.1.1','2017-11-30 02:06:34','local',0,0),(18,'1.1.1.1','2017-11-30 02:06:34','local',0,0),(19,'1.1.1.1','2017-11-30 02:06:34','local',0,0),(20,'1.1.1.1','2017-11-30 02:06:34','local',0,0),(21,'1.1.1.1','2017-11-30 02:06:34','local',0,0),(22,'1.1.1.1','2017-11-30 02:06:34','local',0,0),(23,'1.1.1.1','2017-11-30 02:06:34','local',0,0),(24,'1.1.1.1','2017-11-30 02:06:34','local',0,0),(25,'1.1.1.1','2017-11-30 02:06:34','local',0,0),(26,'1.1.1.1','2017-11-30 02:06:34','local',0,0),(27,'1.1.1.1','2017-11-30 02:06:34','local',0,0),(28,'1.1.1.1','2017-11-30 02:06:34','local',0,0),(29,'1.1.1.1','2017-11-30 02:06:34','local',0,0),(30,'1.1.1.1','2017-11-30 02:06:34','local',0,0),(31,'1.1.1.1','2017-11-30 02:06:34','local',0,0),(32,'1.1.1.1','2017-11-30 02:06:34','local',0,0),(33,'1.1.1.1','2017-11-30 02:06:34','local',0,0),(34,'1.1.1.1','2017-11-30 02:06:34','local',0,0),(35,'1.1.1.1','2017-11-30 02:06:34','local',0,0),(36,'1.1.1.1','2017-11-30 02:06:34','local',0,0),(37,'1.1.1.1','2017-11-30 02:06:34','local',0,0),(38,'1.1.1.1','2017-11-30 02:06:34','local',0,0),(39,'1.1.1.1','2017-11-30 02:06:34','local',0,0),(40,'1.1.1.1','2017-11-30 02:06:34','local',0,0),(41,'1.1.1.1','2017-11-30 02:06:34','local',0,0),(42,'1.1.1.1','2017-11-30 02:06:34','local',0,0),(43,'1.1.1.1','2017-11-30 02:06:34','local',0,0),(44,'1.1.1.1','2017-11-30 02:06:34','local',0,0),(45,'1.1.1.1','2017-11-30 02:06:34','local',0,0),(46,'1.1.1.1','2017-11-30 02:06:34','local',0,0),(47,'1.1.1.1','2017-11-30 02:06:34','local',0,0),(48,'1.1.1.1','2017-11-30 02:06:34','local',0,0),(49,'1.1.1.1','2017-11-30 02:06:34','local',0,0),(50,'1.1.1.1','2017-11-30 02:06:34','local',0,0),(51,'1.1.1.1','2017-11-30 02:06:34','local',0,0),(52,'1.1.1.1','2017-11-30 02:06:34','local',0,0),(53,'1.1.1.1','2017-11-30 02:06:34','local',0,0),(54,'1.1.1.1','2017-11-30 02:06:34','local',0,0),(55,'1.1.1.1','2017-11-30 02:06:34','local',0,0),(56,'1.1.1.1','2017-11-30 02:06:34','local',0,0),(57,'1.1.1.1','2017-11-30 02:06:34','local',0,0),(58,'1.1.1.1','2017-11-30 02:06:34','local',0,0),(59,'1.1.1.1','2017-11-30 02:06:34','local',0,0),(60,'1.1.1.1','2017-11-30 02:06:34','local',0,0),(61,'1.1.1.1','2017-11-30 02:06:34','local',0,0),(62,'1.1.1.1','2017-11-30 02:06:34','local',0,0),(63,'1.1.1.1','2017-11-30 02:06:34','local',0,0),(64,'1.1.1.1','2017-11-30 02:06:34','local',0,0),(65,'1.1.1.1','2017-11-30 02:06:34','local',0,0),(66,'1.1.1.1','2017-11-30 02:06:34','local',0,0),(67,'1.1.1.1','2017-11-30 02:06:34','local',0,0),(68,'1.1.1.1','2017-11-30 02:06:34','local',0,0),(69,'1.1.1.1','2017-11-30 02:06:34','local',0,0),(70,'1.1.1.1','2017-11-30 02:06:34','local',0,0),(71,'1.1.1.1','2017-11-30 02:06:34','local',0,0),(72,'1.1.1.1','2017-11-30 02:06:34','local',0,0),(73,'1.1.1.1','2017-11-30 02:06:34','local',0,0),(74,'1.1.1.1','2017-11-30 02:06:34','local',0,0),(75,'1.1.1.1','2017-11-30 02:06:34','local',0,0),(76,'1.1.1.1','2017-11-30 02:06:34','local',0,0),(77,'1.1.1.1','2017-11-30 02:06:34','local',0,0),(78,'1.1.1.1','2017-11-30 02:06:34','local',0,0),(79,'1.1.1.1','2017-11-30 02:06:34','local',0,0),(80,'1.1.1.1','2017-11-30 02:06:34','local',0,0),(81,'1.1.1.1','2017-11-30 02:06:34','local',0,0),(82,'1.1.1.1','2017-11-30 02:06:34','local',0,0),(83,'1.1.1.1','2017-11-30 02:06:34','local',0,0),(84,'1.1.1.1','2017-11-30 02:06:34','local',0,0),(85,'::1','2017-11-30 12:36:35','local',0,0),(86,'1.1.1.1','2017-11-30 02:06:34','local',0,0),(87,'1.1.1.1','2017-11-30 02:06:34','local',0,0),(88,'1.1.1.1','2017-11-30 02:06:34','local',0,0),(89,'1.1.1.1','2017-11-30 02:06:34','local',0,0),(90,'1.1.1.1','2017-11-30 02:06:34','local',0,0),(91,'1.1.1.1','2017-11-30 02:06:34','local',0,0),(92,'1.1.1.1','2017-11-30 02:06:34','local',0,0),(93,'1.1.1.1','2017-11-30 02:06:34','local',0,0),(94,'1.1.1.1','2017-11-30 02:06:34','local',0,0),(95,'1.1.1.1','2017-11-30 02:06:34','local',0,0),(96,'1.1.1.1','2017-11-30 02:06:34','local',0,0),(97,'1.1.1.1','2017-11-30 02:06:34','local',0,0),(98,'1.1.1.1','2017-11-30 02:06:34','local',0,0),(99,'1.1.1.1','2017-11-30 02:06:34','local',0,0),(100,'1.1.1.1','2017-11-30 02:06:34','local',0,0),(101,'1.1.1.1','2017-11-30 02:06:34','local',0,0),(102,'1.1.1.1','2017-11-30 02:06:34','local',0,0),(103,'1.1.1.1','2017-11-30 02:06:34','local',0,0),(104,'1.1.1.1','2017-11-30 02:06:34','local',0,0),(105,'1.1.1.1','2017-11-30 02:06:34','local',0,0),(106,'1.1.1.1','2017-11-30 02:06:34','local',0,0),(107,'1.1.1.1','2017-11-30 02:06:34','local',0,0),(108,'1.1.1.1','2017-11-30 02:06:34','local',0,0),(109,'1.1.1.1','2017-11-30 02:06:34','local',0,0),(110,'1.1.1.1','2017-11-30 02:06:34','local',0,0),(111,'1.1.1.1','2017-11-30 02:06:34','local',0,0),(112,'1.1.1.1','2017-11-30 02:06:34','local',0,0),(113,'1.1.1.1','2017-11-30 02:06:34','local',0,0),(114,'1.1.1.1','2017-11-30 02:06:34','local',0,0),(115,'1.1.1.1','2017-11-30 02:06:34','local',0,0),(116,'1.1.1.1','2017-11-30 02:06:34','local',0,0),(117,'1.1.1.1','2017-11-30 02:06:34','local',0,0),(118,'1.1.1.1','2017-11-30 02:06:34','local',0,0),(119,'1.1.1.1','2017-11-30 02:06:34','local',0,0),(120,'1.1.1.1','2017-11-30 02:06:34','local',0,0),(121,'1.1.1.1','2017-11-30 02:06:34','local',0,0),(122,'1.1.1.1','2017-11-30 02:06:34','local',0,0),(123,'1.1.1.1','2017-11-30 02:06:34','local',0,0),(124,'1.1.1.1','2017-11-30 02:06:34','local',0,0),(125,'1.1.1.1','2017-11-30 02:06:34','local',0,0),(126,'1.1.1.1','2017-11-30 02:06:34','local',0,0),(127,'1.1.1.1','2017-11-30 02:06:34','local',0,0),(128,'1.1.1.1','2017-11-30 02:06:34','local',0,0),(129,'1.1.1.1','2017-11-30 02:06:34','local',0,0),(130,'1.1.1.1','2017-11-30 02:06:34','local',0,0),(131,'1.1.1.1','2017-11-30 02:06:34','local',0,0),(132,'1.1.1.1','2017-11-30 02:06:34','local',0,0),(133,'1.1.1.1','2017-11-30 02:06:34','local',0,0),(134,'1.1.1.1','2017-11-30 02:06:34','local',0,0),(135,'1.1.1.1','2017-11-30 02:06:34','local',0,0),(136,'1.1.1.1','2017-11-30 02:06:34','local',0,0),(137,'1.1.1.1','2017-11-30 02:06:34','local',0,0),(138,'1.1.1.1','2017-11-30 02:06:34','local',0,0),(139,'1.1.1.1','2017-11-30 02:06:34','local',0,0),(140,'1.1.1.1','2017-11-30 02:06:34','local',0,0),(141,'1.1.1.1','2017-11-30 02:06:34','local',0,0),(142,'1.1.1.1','2017-11-30 02:06:34','local',0,0),(143,'1.1.1.1','2017-11-30 02:06:34','local',0,0),(144,'1.1.1.1','2017-11-30 02:06:34','local',0,0),(145,'1.1.1.1','2017-11-30 02:06:34','local',0,0),(146,'1.1.1.1','2017-11-30 02:06:34','local',0,0),(147,'1.1.1.1','2017-11-30 02:06:34','local',0,0),(148,'1.1.1.1','2017-11-30 02:06:34','local',0,0),(149,'1.1.1.1','2017-11-30 02:06:34','local',0,0),(150,'1.1.1.1','2017-11-30 02:06:34','local',0,0),(151,'1.1.1.1','2017-11-30 02:06:34','local',0,0),(152,'1.1.1.1','2017-11-30 02:06:34','local',0,0),(153,'1.1.1.1','2017-11-30 02:06:34','local',0,0),(154,'1.1.1.1','2017-11-30 02:06:34','local',0,0),(155,'1.1.1.1','2017-11-30 02:06:34','local',0,0),(156,'1.1.1.1','2017-11-30 02:06:34','local',0,0),(157,'1.1.1.1','2017-11-30 02:06:34','local',0,0),(158,'1.1.1.1','2017-11-30 02:06:34','local',0,0),(159,'1.1.1.1','2017-11-30 02:06:34','local',0,0),(160,'1.1.1.1','2017-11-30 02:06:34','local',0,0),(161,'1.1.1.1','2017-11-30 02:06:34','local',0,0),(162,'1.1.1.1','2017-11-30 02:06:34','local',0,0),(163,'1.1.1.1','2017-11-30 02:06:34','local',0,0),(164,'1.1.1.1','2017-11-30 02:06:34','local',0,0),(165,'1.1.1.1','2017-11-30 02:06:34','local',0,0),(166,'1.1.1.1','2017-11-30 02:06:34','local',0,0),(167,'1.1.1.1','2017-11-30 02:06:34','local',0,0),(168,'1.1.1.1','2017-11-30 02:06:34','local',0,0),(169,'1.1.1.1','2017-11-30 02:06:34','local',0,0),(170,'1.1.1.1','2017-11-30 02:06:34','local',0,0),(171,'1.1.1.1','2017-11-30 02:06:34','local',0,0),(172,'1.1.1.1','2017-11-30 02:06:34','local',0,0),(173,'1.1.1.1','2017-11-30 02:06:34','local',0,0),(174,'1.1.1.1','2017-11-30 02:06:34','local',0,0),(175,'1.1.1.1','2017-11-30 02:06:34','local',0,0),(176,'1.1.1.1','2017-11-30 02:06:34','local',0,0),(177,'1.1.1.1','2017-11-30 02:06:34','local',0,0),(178,'1.1.1.1','2017-11-30 02:06:34','local',0,0),(179,'1.1.1.1','2017-11-30 02:06:34','local',0,0),(180,'1.1.1.1','2017-11-30 02:06:34','local',0,0),(181,'1.1.1.1','2017-11-30 02:06:34','local',0,0),(182,'1.1.1.1','2017-11-30 02:06:34','local',0,0),(183,'1.1.1.1','2017-11-30 02:06:34','local',0,0),(184,'1.1.1.1','2017-11-30 02:06:34','local',0,0),(185,'1.1.1.1','2017-11-30 02:06:34','local',0,0),(186,'1.1.1.1','2017-11-30 02:06:34','local',0,0),(187,'1.1.1.1','2017-11-30 02:06:34','local',0,0),(188,'1.1.1.1','2017-11-30 02:06:34','local',0,0),(189,'1.1.1.1','2017-11-30 02:06:34','local',0,0),(190,'1.1.1.1','2017-11-30 02:06:34','local',0,0),(191,'1.1.1.1','2017-11-30 02:06:34','local',0,0),(192,'1.1.1.1','2017-11-30 02:06:34','local',0,0),(193,'1.1.1.1','2017-11-30 02:06:34','local',0,0),(194,'1.1.1.1','2017-11-30 02:06:34','local',0,0),(195,'1.1.1.1','2017-11-30 02:06:34','local',0,0),(196,'1.1.1.1','2017-11-30 02:06:34','local',0,0),(197,'1.1.1.1','2017-11-30 02:06:34','local',0,0),(198,'1.1.1.1','2017-11-30 02:06:34','local',0,0),(199,'1.1.1.1','2017-11-30 02:06:34','local',0,0),(200,'1.1.1.1','2017-11-30 02:06:34','local',0,0),(201,'1.1.1.1','2017-11-30 02:06:34','local',0,0),(202,'1.1.1.1','2017-11-30 02:06:34','local',0,0),(203,'1.1.1.1','2017-11-30 02:06:34','local',0,0),(204,'1.1.1.1','2017-11-30 02:06:34','local',0,0),(205,'1.1.1.1','2017-11-30 02:06:34','local',0,0),(206,'1.1.1.1','2017-11-30 02:06:34','local',0,0),(207,'1.1.1.1','2017-11-30 02:06:34','local',0,0),(208,'1.1.1.1','2017-11-30 02:06:34','local',0,0),(209,'1.1.1.1','2017-11-30 02:06:34','local',0,0),(210,'1.1.1.1','2017-11-30 02:06:34','local',0,0),(211,'1.1.1.1','2017-11-30 02:06:34','local',0,0),(212,'1.1.1.1','2017-11-30 02:06:34','local',0,0),(213,'1.1.1.1','2017-11-30 02:06:34','local',0,0),(214,'1.1.1.1','2017-11-30 02:06:34','local',0,0),(215,'1.1.1.1','2017-11-30 02:06:34','local',0,0),(216,'1.1.1.1','2017-11-30 02:06:34','local',0,0),(217,'1.1.1.1','2017-11-30 02:06:34','local',0,0),(218,'1.1.1.1','2017-11-30 02:06:34','local',0,0),(219,'1.1.1.1','2017-11-30 02:06:34','local',0,0),(220,'1.1.1.1','2017-11-30 02:06:34','local',0,0),(221,'1.1.1.1','2017-11-30 02:06:34','local',0,0),(222,'1.1.1.1','2017-11-30 02:06:34','local',0,0),(223,'1.1.1.1','2017-11-30 02:06:34','local',0,0),(224,'1.1.1.1','2017-11-30 02:06:34','local',0,0),(225,'1.1.1.1','2017-11-30 02:06:34','local',0,0),(226,'1.1.1.1','2017-11-30 02:06:34','local',0,0),(227,'1.1.1.1','2017-11-30 02:06:34','local',0,0),(228,'1.1.1.1','2017-11-30 02:06:34','local',0,0),(229,'1.1.1.1','2017-11-30 02:06:34','local',0,0),(230,'1.1.1.1','2017-11-30 02:06:34','local',0,0),(231,'1.1.1.1','2017-11-30 02:06:34','local',0,0),(232,'1.1.1.1','2017-11-30 02:06:34','local',0,0),(233,'1.1.1.1','2017-11-30 02:06:34','local',0,0),(234,'1.1.1.1','2017-11-30 02:06:34','local',0,0),(235,'::1','2017-11-30 12:44:06','local',1,0),(236,'1.1.1.1','2017-11-30 02:06:34','local',0,0),(237,'1.1.1.1','2017-11-30 02:06:34','local',0,0),(238,'1.1.1.1','2017-11-30 02:06:34','local',0,0),(239,'1.1.1.1','2017-11-30 02:06:34','local',0,0),(240,'1.1.1.1','2017-11-30 02:06:34','local',0,0),(241,'1.1.1.1','2017-11-30 02:06:34','local',0,0),(242,'1.1.1.1','2017-11-30 02:06:34','local',0,0),(243,'1.1.1.1','2017-11-30 02:06:34','local',0,0),(244,'1.1.1.1','2017-11-30 02:06:34','local',0,0),(245,'1.1.1.1','2017-11-30 02:06:34','local',0,0),(246,'1.1.1.1','2017-11-30 02:06:34','local',0,0),(247,'1.1.1.1','2017-11-30 02:06:34','local',0,0),(248,'1.1.1.1','2017-11-30 02:06:34','local',0,0),(249,'1.1.1.1','2017-11-30 02:06:34','local',0,0),(250,'1.1.1.1','2017-11-30 02:06:34','local',0,0),(251,'1.1.1.1','2017-11-30 02:06:34','local',0,0),(252,'1.1.1.1','2017-11-30 02:06:34','local',0,0),(253,'1.1.1.1','2017-11-30 02:06:34','local',0,0),(254,'1.1.1.1','2017-11-30 02:06:34','local',0,0),(255,'1.1.1.1','2017-11-30 02:06:34','local',0,0),(256,'1.1.1.1','2017-11-30 02:06:34','local',0,0),(257,'1.1.1.1','2017-11-30 02:06:34','local',0,0),(258,'1.1.1.1','2017-11-30 02:06:34','local',0,0),(259,'1.1.1.1','2017-11-30 02:06:34','local',0,0),(260,'1.1.1.1','2017-11-30 02:06:34','local',0,0),(261,'1.1.1.1','2017-11-30 02:06:34','local',0,0),(262,'1.1.1.1','2017-11-30 02:06:34','local',0,0),(263,'1.1.1.1','2017-11-30 02:06:34','local',0,0),(264,'1.1.1.1','2017-11-30 02:06:34','local',0,0),(265,'1.1.1.1','2017-11-30 02:06:34','local',0,0),(266,'1.1.1.1','2017-11-30 02:06:34','local',0,0),(267,'1.1.1.1','2017-11-30 02:06:34','local',0,0),(268,'1.1.1.1','2017-11-30 02:06:34','local',0,0),(269,'1.1.1.1','2017-11-30 02:06:34','local',0,0),(270,'1.1.1.1','2017-11-30 02:06:34','local',0,0),(271,'1.1.1.1','2017-11-30 02:06:34','local',0,0),(272,'1.1.1.1','2017-11-30 02:06:34','local',0,0),(273,'1.1.1.1','2017-11-30 02:06:34','local',0,0),(274,'1.1.1.1','2017-11-30 02:06:34','local',0,0),(275,'1.1.1.1','2017-11-30 02:06:34','local',0,0),(276,'1.1.1.1','2017-11-30 02:06:34','local',0,0),(277,'1.1.1.1','2017-11-30 02:06:34','local',0,0),(278,'1.1.1.1','2017-11-30 02:06:34','local',0,0),(279,'1.1.1.1','2017-11-30 02:06:34','local',0,0),(280,'1.1.1.1','2017-11-30 02:06:34','local',0,0),(281,'1.1.1.1','2017-11-30 02:06:34','local',0,0),(282,'1.1.1.1','2017-11-30 02:06:34','local',0,0),(283,'1.1.1.1','2017-11-30 02:06:34','local',0,0),(284,'1.1.1.1','2017-11-30 02:06:34','local',0,0),(285,'1.1.1.1','2017-11-30 02:06:34','local',0,0),(286,'1.1.1.1','2017-11-30 02:06:34','local',0,0),(287,'1.1.1.1','2017-11-30 02:06:34','local',0,0),(288,'1.1.1.1','2017-11-30 02:06:34','local',0,0),(289,'1.1.1.1','2017-11-30 02:06:34','local',0,0),(290,'1.1.1.1','2017-11-30 02:06:34','local',0,0),(291,'1.1.1.1','2017-11-30 02:06:34','local',0,0),(292,'1.1.1.1','2017-11-30 02:06:34','local',0,0),(293,'1.1.1.1','2017-11-30 02:06:34','local',0,0),(294,'1.1.1.1','2017-11-30 02:06:34','local',0,0),(295,'1.1.1.1','2017-11-30 02:06:34','local',0,0),(296,'1.1.1.1','2017-11-30 02:06:34','local',0,0),(297,'1.1.1.1','2017-11-30 02:06:34','local',0,0),(298,'1.1.1.1','2017-11-30 02:06:34','local',0,0),(299,'1.1.1.1','2017-11-30 02:06:34','local',0,0),(300,'1.1.1.1','2017-11-30 02:06:34','local',0,0),(1,'::1','2017-12-01 01:25:17','local',8,0),(2,'1.1.1.1','2017-11-29 21:47:32','local',0,0),(3,'::1','2017-12-01 20:50:24','local',1,0),(4,'::1','2017-11-30 13:19:28','local',4,0),(5,'1.1.1.1','2017-11-29 21:47:32','local',0,0),(6,'1.1.1.1','2017-11-29 21:47:32','local',0,0),(7,'1.1.1.1','2017-11-29 21:47:32','local',0,0),(8,'1.1.1.1','2017-11-29 21:47:32','local',0,0),(9,'1.1.1.1','2017-11-29 21:47:32','local',0,0),(10,'1.1.1.1','2017-11-29 21:47:32','local',0,0),(11,'1.1.1.1','2017-11-29 21:47:32','local',0,0),(12,'1.1.1.1','2017-11-29 21:47:32','local',0,0),(13,'1.1.1.1','2017-11-29 21:47:32','local',0,0),(14,'1.1.1.1','2017-11-29 21:47:32','local',0,0),(15,'1.1.1.1','2017-11-29 21:47:32','local',0,0),(16,'1.1.1.1','2017-11-29 21:47:32','local',0,0),(17,'1.1.1.1','2017-11-29 21:47:32','local',0,0),(18,'1.1.1.1','2017-11-29 21:47:32','local',0,0),(19,'1.1.1.1','2017-11-29 21:47:32','local',0,0),(20,'1.1.1.1','2017-11-29 21:47:32','local',0,0),(21,'1.1.1.1','2017-11-29 21:47:32','local',0,0),(22,'1.1.1.1','2017-11-29 21:47:32','local',0,0),(23,'1.1.1.1','2017-11-29 21:47:32','local',0,0),(24,'1.1.1.1','2017-11-29 21:47:32','local',0,0),(25,'1.1.1.1','2017-11-29 21:47:32','local',0,0),(26,'1.1.1.1','2017-11-29 21:47:32','local',0,0),(27,'1.1.1.1','2017-11-29 21:47:32','local',0,0),(28,'1.1.1.1','2017-11-29 21:47:32','local',0,0),(29,'1.1.1.1','2017-11-29 21:47:32','local',0,0),(30,'1.1.1.1','2017-11-29 21:47:32','local',0,0),(31,'1.1.1.1','2017-11-29 21:47:32','local',0,0),(32,'1.1.1.1','2017-11-29 21:47:32','local',0,0),(33,'1.1.1.1','2017-11-29 21:47:32','local',0,0),(34,'1.1.1.1','2017-11-29 21:47:32','local',0,0),(35,'1.1.1.1','2017-11-29 21:47:32','local',0,0),(36,'1.1.1.1','2017-11-29 21:47:32','local',0,0),(37,'1.1.1.1','2017-11-29 21:47:32','local',0,0),(38,'1.1.1.1','2017-11-29 21:47:32','local',0,0),(39,'1.1.1.1','2017-11-29 21:47:32','local',0,0),(40,'1.1.1.1','2017-11-29 21:47:32','local',0,0),(41,'1.1.1.1','2017-11-29 21:47:32','local',0,0),(42,'1.1.1.1','2017-11-29 21:47:32','local',0,0),(43,'1.1.1.1','2017-11-29 21:47:32','local',0,0),(44,'1.1.1.1','2017-11-29 21:47:32','local',0,0),(45,'1.1.1.1','2017-11-29 21:47:32','local',0,0),(46,'1.1.1.1','2017-11-29 21:47:32','local',0,0),(47,'1.1.1.1','2017-11-29 21:47:32','local',0,0),(48,'1.1.1.1','2017-11-29 21:47:32','local',0,0),(49,'1.1.1.1','2017-11-29 21:47:32','local',0,0),(50,'1.1.1.1','2017-11-29 21:47:32','local',0,0),(51,'1.1.1.1','2017-11-29 21:47:32','local',0,0),(52,'1.1.1.1','2017-11-29 21:47:32','local',0,0),(53,'1.1.1.1','2017-11-29 21:47:32','local',0,0),(54,'1.1.1.1','2017-11-29 21:47:32','local',0,0),(55,'1.1.1.1','2017-11-29 21:47:32','local',0,0),(56,'1.1.1.1','2017-11-29 21:47:32','local',0,0),(57,'1.1.1.1','2017-11-29 21:47:32','local',0,0),(58,'1.1.1.1','2017-11-29 21:47:32','local',0,0),(59,'1.1.1.1','2017-11-29 21:47:32','local',0,0),(60,'1.1.1.1','2017-11-29 21:47:32','local',0,0),(61,'1.1.1.1','2017-11-29 21:47:32','local',0,0),(62,'1.1.1.1','2017-11-29 21:47:32','local',0,0),(63,'1.1.1.1','2017-11-29 21:47:32','local',0,0),(64,'1.1.1.1','2017-11-29 21:47:32','local',0,0),(65,'1.1.1.1','2017-11-29 21:47:32','local',0,0),(66,'1.1.1.1','2017-11-29 21:47:32','local',0,0),(67,'1.1.1.1','2017-11-29 21:47:32','local',0,0),(68,'1.1.1.1','2017-11-29 21:47:32','local',0,0),(69,'1.1.1.1','2017-11-29 21:47:32','local',0,0),(70,'1.1.1.1','2017-11-29 21:47:32','local',0,0),(71,'1.1.1.1','2017-11-29 21:47:32','local',0,0),(72,'1.1.1.1','2017-11-29 21:47:32','local',0,0),(73,'1.1.1.1','2017-11-29 21:47:32','local',0,0),(74,'1.1.1.1','2017-11-29 21:47:32','local',0,0),(75,'1.1.1.1','2017-11-29 21:47:32','local',0,0),(76,'1.1.1.1','2017-11-29 21:47:32','local',0,0),(77,'1.1.1.1','2017-11-29 21:47:32','local',0,0),(78,'1.1.1.1','2017-11-29 21:47:32','local',0,0),(79,'1.1.1.1','2017-11-29 21:47:32','local',0,0),(80,'1.1.1.1','2017-11-29 21:47:32','local',0,0),(81,'1.1.1.1','2017-11-29 21:47:32','local',0,0),(82,'1.1.1.1','2017-11-29 21:47:32','local',0,0),(83,'1.1.1.1','2017-11-29 21:47:32','local',0,0),(84,'1.1.1.1','2017-11-29 21:47:32','local',0,0),(85,'::1','2017-11-30 12:36:35','local',0,0),(86,'1.1.1.1','2017-11-29 21:47:32','local',0,0),(87,'1.1.1.1','2017-11-29 21:47:32','local',0,0),(88,'1.1.1.1','2017-11-29 21:47:32','local',0,0),(89,'1.1.1.1','2017-11-29 21:47:32','local',0,0),(90,'1.1.1.1','2017-11-29 21:47:32','local',0,0),(91,'1.1.1.1','2017-11-29 21:47:32','local',0,0),(92,'1.1.1.1','2017-11-29 21:47:32','local',0,0),(93,'1.1.1.1','2017-11-29 21:47:32','local',0,0),(94,'1.1.1.1','2017-11-29 21:47:32','local',0,0),(95,'1.1.1.1','2017-11-29 21:47:32','local',0,0),(96,'1.1.1.1','2017-11-29 21:47:32','local',0,0),(97,'1.1.1.1','2017-11-29 21:47:32','local',0,0),(98,'1.1.1.1','2017-11-29 21:47:32','local',0,0),(99,'1.1.1.1','2017-11-29 21:47:32','local',0,0),(100,'1.1.1.1','2017-11-29 21:47:32','local',0,0),(101,'1.1.1.1','2017-11-29 21:47:32','local',0,0),(102,'1.1.1.1','2017-11-29 21:47:32','local',0,0),(103,'1.1.1.1','2017-11-29 21:47:32','local',0,0),(104,'1.1.1.1','2017-11-29 21:47:32','local',0,0),(105,'1.1.1.1','2017-11-29 21:47:32','local',0,0),(106,'1.1.1.1','2017-11-29 21:47:32','local',0,0),(107,'1.1.1.1','2017-11-29 21:47:32','local',0,0),(108,'1.1.1.1','2017-11-29 21:47:32','local',0,0),(109,'1.1.1.1','2017-11-29 21:47:32','local',0,0),(110,'1.1.1.1','2017-11-29 21:47:32','local',0,0),(111,'1.1.1.1','2017-11-29 21:47:32','local',0,0),(112,'1.1.1.1','2017-11-29 21:47:32','local',0,0),(113,'1.1.1.1','2017-11-29 21:47:32','local',0,0),(114,'1.1.1.1','2017-11-29 21:47:32','local',0,0),(115,'1.1.1.1','2017-11-29 21:47:32','local',0,0),(116,'1.1.1.1','2017-11-29 21:47:32','local',0,0),(117,'1.1.1.1','2017-11-29 21:47:32','local',0,0),(118,'1.1.1.1','2017-11-29 21:47:32','local',0,0),(119,'1.1.1.1','2017-11-29 21:47:32','local',0,0),(120,'1.1.1.1','2017-11-29 21:47:32','local',0,0),(121,'1.1.1.1','2017-11-29 21:47:32','local',0,0),(122,'1.1.1.1','2017-11-29 21:47:32','local',0,0),(123,'1.1.1.1','2017-11-29 21:47:32','local',0,0),(124,'1.1.1.1','2017-11-29 21:47:32','local',0,0),(125,'1.1.1.1','2017-11-29 21:47:32','local',0,0),(126,'1.1.1.1','2017-11-29 21:47:32','local',0,0),(127,'1.1.1.1','2017-11-29 21:47:32','local',0,0),(128,'1.1.1.1','2017-11-29 21:47:32','local',0,0),(129,'1.1.1.1','2017-11-29 21:47:32','local',0,0),(130,'1.1.1.1','2017-11-29 21:47:32','local',0,0),(131,'1.1.1.1','2017-11-29 21:47:32','local',0,0),(132,'1.1.1.1','2017-11-29 21:47:32','local',0,0),(133,'1.1.1.1','2017-11-29 21:47:32','local',0,0),(134,'1.1.1.1','2017-11-29 21:47:32','local',0,0),(135,'1.1.1.1','2017-11-29 21:47:32','local',0,0),(136,'1.1.1.1','2017-11-29 21:47:32','local',0,0),(137,'1.1.1.1','2017-11-29 21:47:32','local',0,0),(138,'1.1.1.1','2017-11-29 21:47:32','local',0,0),(139,'1.1.1.1','2017-11-29 21:47:32','local',0,0),(140,'1.1.1.1','2017-11-29 21:47:32','local',0,0),(141,'1.1.1.1','2017-11-29 21:47:32','local',0,0),(142,'1.1.1.1','2017-11-29 21:47:32','local',0,0),(143,'1.1.1.1','2017-11-29 21:47:32','local',0,0),(144,'1.1.1.1','2017-11-29 21:47:32','local',0,0),(145,'1.1.1.1','2017-11-29 21:47:32','local',0,0),(146,'1.1.1.1','2017-11-29 21:47:32','local',0,0),(147,'1.1.1.1','2017-11-29 21:47:32','local',0,0),(148,'1.1.1.1','2017-11-29 21:47:32','local',0,0),(149,'1.1.1.1','2017-11-29 21:47:32','local',0,0),(150,'1.1.1.1','2017-11-29 21:47:32','local',0,0),(151,'1.1.1.1','2017-11-29 21:47:32','local',0,0),(152,'1.1.1.1','2017-11-29 21:47:32','local',0,0),(153,'1.1.1.1','2017-11-29 21:47:32','local',0,0),(154,'1.1.1.1','2017-11-29 21:47:32','local',0,0),(155,'1.1.1.1','2017-11-29 21:47:32','local',0,0),(156,'1.1.1.1','2017-11-29 21:47:32','local',0,0),(157,'1.1.1.1','2017-11-29 21:47:32','local',0,0),(158,'1.1.1.1','2017-11-29 21:47:32','local',0,0),(159,'1.1.1.1','2017-11-29 21:47:32','local',0,0),(160,'1.1.1.1','2017-11-29 21:47:32','local',0,0),(161,'1.1.1.1','2017-11-29 21:47:32','local',0,0),(162,'1.1.1.1','2017-11-29 21:47:32','local',0,0),(163,'1.1.1.1','2017-11-29 21:47:32','local',0,0),(164,'1.1.1.1','2017-11-29 21:47:32','local',0,0),(165,'1.1.1.1','2017-11-29 21:47:32','local',0,0),(166,'1.1.1.1','2017-11-29 21:47:32','local',0,0),(167,'1.1.1.1','2017-11-29 21:47:32','local',0,0),(168,'1.1.1.1','2017-11-29 21:47:32','local',0,0),(169,'1.1.1.1','2017-11-29 21:47:32','local',0,0),(170,'1.1.1.1','2017-11-29 21:47:32','local',0,0),(171,'1.1.1.1','2017-11-29 21:47:32','local',0,0),(172,'1.1.1.1','2017-11-29 21:47:32','local',0,0),(173,'1.1.1.1','2017-11-29 21:47:32','local',0,0),(174,'1.1.1.1','2017-11-29 21:47:32','local',0,0),(175,'1.1.1.1','2017-11-29 21:47:32','local',0,0),(176,'1.1.1.1','2017-11-29 21:47:32','local',0,0),(177,'1.1.1.1','2017-11-29 21:47:32','local',0,0),(178,'1.1.1.1','2017-11-29 21:47:32','local',0,0),(179,'1.1.1.1','2017-11-29 21:47:32','local',0,0),(180,'1.1.1.1','2017-11-29 21:47:32','local',0,0),(181,'1.1.1.1','2017-11-29 21:47:32','local',0,0),(182,'1.1.1.1','2017-11-29 21:47:32','local',0,0),(183,'1.1.1.1','2017-11-29 21:47:32','local',0,0),(184,'1.1.1.1','2017-11-29 21:47:32','local',0,0),(185,'1.1.1.1','2017-11-29 21:47:32','local',0,0),(186,'1.1.1.1','2017-11-29 21:47:32','local',0,0),(187,'1.1.1.1','2017-11-29 21:47:32','local',0,0),(188,'1.1.1.1','2017-11-29 21:47:32','local',0,0),(189,'1.1.1.1','2017-11-29 21:47:32','local',0,0),(190,'1.1.1.1','2017-11-29 21:47:32','local',0,0),(191,'1.1.1.1','2017-11-29 21:47:32','local',0,0),(192,'1.1.1.1','2017-11-29 21:47:32','local',0,0),(193,'1.1.1.1','2017-11-29 21:47:32','local',0,0),(194,'1.1.1.1','2017-11-29 21:47:32','local',0,0),(195,'1.1.1.1','2017-11-29 21:47:32','local',0,0),(196,'1.1.1.1','2017-11-29 21:47:32','local',0,0),(197,'1.1.1.1','2017-11-29 21:47:32','local',0,0),(198,'1.1.1.1','2017-11-29 21:47:32','local',0,0),(199,'1.1.1.1','2017-11-29 21:47:32','local',0,0),(200,'1.1.1.1','2017-11-29 21:47:32','local',0,0),(201,'1.1.1.1','2017-11-29 21:47:32','local',0,0),(202,'1.1.1.1','2017-11-29 21:47:32','local',0,0),(203,'1.1.1.1','2017-11-29 21:47:32','local',0,0),(204,'1.1.1.1','2017-11-29 21:47:32','local',0,0),(205,'1.1.1.1','2017-11-29 21:47:32','local',0,0),(206,'1.1.1.1','2017-11-29 21:47:32','local',0,0),(207,'1.1.1.1','2017-11-29 21:47:32','local',0,0),(208,'1.1.1.1','2017-11-29 21:47:32','local',0,0),(209,'1.1.1.1','2017-11-29 21:47:32','local',0,0),(210,'1.1.1.1','2017-11-29 21:47:32','local',0,0),(211,'1.1.1.1','2017-11-29 21:47:32','local',0,0),(212,'1.1.1.1','2017-11-29 21:47:32','local',0,0),(213,'1.1.1.1','2017-11-29 21:47:32','local',0,0),(214,'1.1.1.1','2017-11-29 21:47:32','local',0,0),(215,'1.1.1.1','2017-11-29 21:47:32','local',0,0),(216,'1.1.1.1','2017-11-29 21:47:32','local',0,0),(217,'1.1.1.1','2017-11-29 21:47:32','local',0,0),(218,'1.1.1.1','2017-11-29 21:47:32','local',0,0),(219,'1.1.1.1','2017-11-29 21:47:32','local',0,0),(220,'1.1.1.1','2017-11-29 21:47:32','local',0,0),(221,'1.1.1.1','2017-11-29 21:47:32','local',0,0),(222,'1.1.1.1','2017-11-29 21:47:32','local',0,0),(223,'1.1.1.1','2017-11-29 21:47:32','local',0,0),(224,'1.1.1.1','2017-11-29 21:47:32','local',0,0),(225,'1.1.1.1','2017-11-29 21:47:32','local',0,0),(226,'1.1.1.1','2017-11-29 21:47:32','local',0,0),(227,'1.1.1.1','2017-11-29 21:47:32','local',0,0),(228,'1.1.1.1','2017-11-29 21:47:32','local',0,0),(229,'1.1.1.1','2017-11-29 21:47:32','local',0,0),(230,'1.1.1.1','2017-11-29 21:47:32','local',0,0),(231,'1.1.1.1','2017-11-29 21:47:32','local',0,0),(232,'1.1.1.1','2017-11-29 21:47:32','local',0,0),(233,'1.1.1.1','2017-11-29 21:47:32','local',0,0),(234,'1.1.1.1','2017-11-29 21:47:32','local',0,0),(235,'::1','2017-11-30 12:44:06','local',1,0),(236,'1.1.1.1','2017-11-29 21:47:32','local',0,0),(237,'1.1.1.1','2017-11-29 21:47:32','local',0,0),(238,'1.1.1.1','2017-11-29 21:47:32','local',0,0),(239,'1.1.1.1','2017-11-29 21:47:32','local',0,0),(240,'1.1.1.1','2017-11-29 21:47:32','local',0,0),(241,'1.1.1.1','2017-11-29 21:47:32','local',0,0),(242,'1.1.1.1','2017-11-29 21:47:32','local',0,0),(243,'1.1.1.1','2017-11-29 21:47:32','local',0,0),(244,'1.1.1.1','2017-11-29 21:47:32','local',0,0),(245,'1.1.1.1','2017-11-29 21:47:32','local',0,0),(246,'1.1.1.1','2017-11-29 21:47:32','local',0,0),(247,'1.1.1.1','2017-11-29 21:47:32','local',0,0),(248,'1.1.1.1','2017-11-29 21:47:32','local',0,0),(249,'1.1.1.1','2017-11-29 21:47:32','local',0,0),(250,'1.1.1.1','2017-11-29 21:47:32','local',0,0),(251,'1.1.1.1','2017-11-29 21:47:32','local',0,0),(252,'1.1.1.1','2017-11-29 21:47:32','local',0,0),(253,'1.1.1.1','2017-11-29 21:47:32','local',0,0),(254,'1.1.1.1','2017-11-29 21:47:32','local',0,0),(255,'1.1.1.1','2017-11-29 21:47:32','local',0,0),(256,'1.1.1.1','2017-11-29 21:47:32','local',0,0),(257,'1.1.1.1','2017-11-29 21:47:32','local',0,0),(258,'1.1.1.1','2017-11-29 21:47:32','local',0,0),(259,'1.1.1.1','2017-11-29 21:47:32','local',0,0),(260,'1.1.1.1','2017-11-29 21:47:32','local',0,0),(261,'1.1.1.1','2017-11-29 21:47:32','local',0,0),(262,'1.1.1.1','2017-11-29 21:47:32','local',0,0),(263,'1.1.1.1','2017-11-29 21:47:32','local',0,0),(264,'1.1.1.1','2017-11-29 21:47:32','local',0,0),(265,'1.1.1.1','2017-11-29 21:47:32','local',0,0),(266,'1.1.1.1','2017-11-29 21:47:32','local',0,0),(267,'1.1.1.1','2017-11-29 21:47:32','local',0,0),(268,'1.1.1.1','2017-11-29 21:47:32','local',0,0),(269,'1.1.1.1','2017-11-29 21:47:32','local',0,0),(270,'1.1.1.1','2017-11-29 21:47:32','local',0,0),(271,'1.1.1.1','2017-11-29 21:47:32','local',0,0),(272,'1.1.1.1','2017-11-29 21:47:32','local',0,0),(273,'1.1.1.1','2017-11-29 21:47:32','local',0,0),(274,'1.1.1.1','2017-11-29 21:47:32','local',0,0),(275,'1.1.1.1','2017-11-29 21:47:32','local',0,0),(276,'1.1.1.1','2017-11-29 21:47:32','local',0,0),(277,'1.1.1.1','2017-11-29 21:47:32','local',0,0),(278,'1.1.1.1','2017-11-29 21:47:32','local',0,0),(279,'1.1.1.1','2017-11-29 21:47:32','local',0,0),(280,'1.1.1.1','2017-11-29 21:47:32','local',0,0),(281,'1.1.1.1','2017-11-29 21:47:32','local',0,0),(282,'1.1.1.1','2017-11-29 21:47:32','local',0,0),(283,'1.1.1.1','2017-11-29 21:47:32','local',0,0),(284,'1.1.1.1','2017-11-29 21:47:32','local',0,0),(285,'1.1.1.1','2017-11-29 21:47:32','local',0,0),(286,'1.1.1.1','2017-11-29 21:47:32','local',0,0),(287,'1.1.1.1','2017-11-29 21:47:32','local',0,0),(288,'1.1.1.1','2017-11-29 21:47:32','local',0,0),(289,'1.1.1.1','2017-11-29 21:47:32','local',0,0),(290,'1.1.1.1','2017-11-29 21:47:32','local',0,0),(291,'1.1.1.1','2017-11-29 21:47:32','local',0,0),(292,'1.1.1.1','2017-11-29 21:47:32','local',0,0),(293,'1.1.1.1','2017-11-29 21:47:32','local',0,0),(294,'1.1.1.1','2017-11-29 21:47:32','local',0,0),(295,'1.1.1.1','2017-11-29 21:47:32','local',0,0),(296,'1.1.1.1','2017-11-29 21:47:32','local',0,0),(297,'1.1.1.1','2017-11-29 21:47:32','local',0,0),(298,'1.1.1.1','2017-11-29 21:47:32','local',0,0),(299,'1.1.1.1','2017-11-29 21:47:32','local',0,0),(300,'1.1.1.1','2017-11-29 21:47:32','local',0,0),(301,'::1','2017-12-01 20:57:17','local',7,1),(302,'::1','2017-12-01 20:54:20','local',26,0),(303,'::1','2017-11-30 02:35:03','local',1,0),(304,'1.1.1.1','2017-11-30 02:29:43','local',0,0),(305,'1.1.1.1','2017-11-30 16:48:56','local',0,0),(306,'::1','2017-11-30 20:39:07','local',4,0),(307,'::1','2017-12-01 10:33:29','local',2,0),(308,'::1','2017-12-01 19:31:12','local',6,0),(309,'1.1.1.1','2017-12-01 18:16:29','local',0,0),(310,'1.1.1.1','2017-12-01 18:22:22','local',0,0),(311,'1.1.1.1','2017-12-01 18:27:25','local',0,0),(312,'::1','2017-12-01 18:43:31','local',2,0),(313,'::1','2017-12-01 20:12:13','local',2,0),(314,'::1','2017-12-08 20:48:18','local',5,0),(315,'::1','2017-12-01 20:56:51','local',2,0);
/*!40000 ALTER TABLE `sesion` ENABLE KEYS */;
UNLOCK TABLES;

--
-- Table structure for table `sub_categoria`
--

DROP TABLE IF EXISTS `sub_categoria`;
/*!40101 SET @saved_cs_client     = @@character_set_client */;
/*!40101 SET character_set_client = utf8 */;
CREATE TABLE `sub_categoria` (
  `sub_cate_id` int(11) NOT NULL,
  `sub_cate_descr` varchar(34) COLLATE utf8_unicode_ci DEFAULT NULL,
  `categoria_id` int(11) DEFAULT NULL,
  PRIMARY KEY (`sub_cate_id`),
  KEY `categoria_id` (`categoria_id`),
  CONSTRAINT `sub_categoria_ibfk_1` FOREIGN KEY (`categoria_id`) REFERENCES `categoria` (`categoria_id`)
) ENGINE=InnoDB DEFAULT CHARSET=utf8 COLLATE=utf8_unicode_ci;
/*!40101 SET character_set_client = @saved_cs_client */;

--
-- Dumping data for table `sub_categoria`
--

LOCK TABLES `sub_categoria` WRITE;
/*!40000 ALTER TABLE `sub_categoria` DISABLE KEYS */;
INSERT INTO `sub_categoria` VALUES (1,'CEREALES Y PASTAS CRUDAS',1),(2,'CEREALES Y PASTAS COCIDAS',1),(3,'PAN',1),(4,'GALLETAS',1),(5,'CEREALES DE DESAYUNO',1),(6,'LEGUMINOSAS FRESCAS, PAPAS Y OTROS',1),(7,'VERDURAS COCIDAS ',2),(8,'VERDURAS CRUDAS',2),(9,'FRUTAS',3),(10,'FRUTAS DESHIDRATADAS',3),(11,'JUGOS DE FRUTAS',3),(12,'LECHES',4),(13,'YOGURT',4),(14,'QUESOS ',4),(15,'POSTRES Y OTROS',4),(16,'CARNE VACUNO ',5),(17,'CARNE CORDERO',5),(18,'CARNE CERDO',5),(19,'AVES',5),(20,'OTRAS CARNES',5),(21,'VISCERAS ',5),(22,'CARNES PROCESADAS',5),(23,'PESCADOS Y MARISCOS',5),(24,'LEGUMINOSAS',5),(25,'HUEVOS',5),(26,'ACEITES',6),(27,'GRASAS',6),(28,'ALIMENTOS RICOS EN ACEITE ',6),(29,'AZUCARES',7),(30,'MASAS DULCES',7),(31,'BEBIDAS',7),(32,'BEBIDAS ALCOHOLICAS',7),(33,'CHOCOLATES Y OTROS',7),(34,'HELADOS',7),(35,'CONDIMENTOS',8);
/*!40000 ALTER TABLE `sub_categoria` ENABLE KEYS */;
UNLOCK TABLES;

--
-- Table structure for table `sub_tema`
--

DROP TABLE IF EXISTS `sub_tema`;
/*!40101 SET @saved_cs_client     = @@character_set_client */;
/*!40101 SET character_set_client = utf8 */;
CREATE TABLE `sub_tema` (
  `id_sub_tema` int(11) NOT NULL AUTO_INCREMENT,
  `id_tema` int(11) DEFAULT NULL,
  `nombre_sub_tema` varchar(100) DEFAULT NULL,
  PRIMARY KEY (`id_sub_tema`),
  KEY `id_tema` (`id_tema`),
  CONSTRAINT `sub_tema_ibfk_1` FOREIGN KEY (`id_tema`) REFERENCES `tema` (`id_tema`)
) ENGINE=InnoDB AUTO_INCREMENT=2 DEFAULT CHARSET=latin1;
/*!40101 SET character_set_client = @saved_cs_client */;

--
-- Dumping data for table `sub_tema`
--

LOCK TABLES `sub_tema` WRITE;
/*!40000 ALTER TABLE `sub_tema` DISABLE KEYS */;
INSERT INTO `sub_tema` VALUES (1,1,'la mejor dieta');
/*!40000 ALTER TABLE `sub_tema` ENABLE KEYS */;
UNLOCK TABLES;

--
-- Table structure for table `sucursal`
--

DROP TABLE IF EXISTS `sucursal`;
/*!40101 SET @saved_cs_client     = @@character_set_client */;
/*!40101 SET character_set_client = utf8 */;
CREATE TABLE `sucursal` (
  `idSucursal` int(11) NOT NULL,
  `NombreSucursal` varchar(100) NOT NULL,
  `telefono` int(11) DEFAULT NULL,
  `direccion` varchar(100) DEFAULT NULL,
  `id_comuna` int(11) DEFAULT NULL,
  PRIMARY KEY (`idSucursal`)
) ENGINE=InnoDB DEFAULT CHARSET=latin1;
/*!40101 SET character_set_client = @saved_cs_client */;

--
-- Dumping data for table `sucursal`
--

LOCK TABLES `sucursal` WRITE;
/*!40000 ALTER TABLE `sucursal` DISABLE KEYS */;
INSERT INTO `sucursal` VALUES (1,'LA FLORIDA',1234567,'VK.MAKENA',13110);
/*!40000 ALTER TABLE `sucursal` ENABLE KEYS */;
UNLOCK TABLES;

--
-- Table structure for table `tema`
--

DROP TABLE IF EXISTS `tema`;
/*!40101 SET @saved_cs_client     = @@character_set_client */;
/*!40101 SET character_set_client = utf8 */;
CREATE TABLE `tema` (
  `id_tema` int(11) NOT NULL AUTO_INCREMENT,
  `tema` varchar(100) DEFAULT NULL,
  PRIMARY KEY (`id_tema`)
) ENGINE=InnoDB AUTO_INCREMENT=5 DEFAULT CHARSET=latin1;
/*!40101 SET character_set_client = @saved_cs_client */;

--
-- Dumping data for table `tema`
--

LOCK TABLES `tema` WRITE;
/*!40000 ALTER TABLE `tema` DISABLE KEYS */;
INSERT INTO `tema` VALUES (1,'Dietas y regimen'),(2,'Obesidad y sobrepeso'),(3,'Recetas'),(4,'Tema libre nutricion');
/*!40000 ALTER TABLE `tema` ENABLE KEYS */;
UNLOCK TABLES;

--
-- Table structure for table `tipo_alergia`
--

DROP TABLE IF EXISTS `tipo_alergia`;
/*!40101 SET @saved_cs_client     = @@character_set_client */;
/*!40101 SET character_set_client = utf8 */;
CREATE TABLE `tipo_alergia` (
  `id_alergia` int(11) NOT NULL,
  `descripcion` varchar(50) DEFAULT NULL,
  PRIMARY KEY (`id_alergia`)
) ENGINE=InnoDB DEFAULT CHARSET=latin1;
/*!40101 SET character_set_client = @saved_cs_client */;

--
-- Dumping data for table `tipo_alergia`
--

LOCK TABLES `tipo_alergia` WRITE;
/*!40000 ALTER TABLE `tipo_alergia` DISABLE KEYS */;
INSERT INTO `tipo_alergia` VALUES (1,'medicamentos'),(2,'calidad del aire'),(3,'alimentos');
/*!40000 ALTER TABLE `tipo_alergia` ENABLE KEYS */;
UNLOCK TABLES;

--
-- Table structure for table `tipo_cliente`
--

DROP TABLE IF EXISTS `tipo_cliente`;
/*!40101 SET @saved_cs_client     = @@character_set_client */;
/*!40101 SET character_set_client = utf8 */;
CREATE TABLE `tipo_cliente` (
  `id_tipo_cliente` int(11) NOT NULL,
  `tipo_cliente_descl` varchar(45) NOT NULL,
  PRIMARY KEY (`id_tipo_cliente`)
) ENGINE=InnoDB DEFAULT CHARSET=latin1;
/*!40101 SET character_set_client = @saved_cs_client */;

--
-- Dumping data for table `tipo_cliente`
--

LOCK TABLES `tipo_cliente` WRITE;
/*!40000 ALTER TABLE `tipo_cliente` DISABLE KEYS */;
INSERT INTO `tipo_cliente` VALUES (1,'Paciente'),(2,'Profesional'),(3,'Administrador'),(4,'Eliminado');
/*!40000 ALTER TABLE `tipo_cliente` ENABLE KEYS */;
UNLOCK TABLES;

--
-- Table structure for table `tipo_enfermedad`
--

DROP TABLE IF EXISTS `tipo_enfermedad`;
/*!40101 SET @saved_cs_client     = @@character_set_client */;
/*!40101 SET character_set_client = utf8 */;
CREATE TABLE `tipo_enfermedad` (
  `id_tipo_enfermedad` int(11) NOT NULL,
  `Nombre` varchar(50) DEFAULT NULL,
  PRIMARY KEY (`id_tipo_enfermedad`)
) ENGINE=MyISAM DEFAULT CHARSET=latin1;
/*!40101 SET character_set_client = @saved_cs_client */;

--
-- Dumping data for table `tipo_enfermedad`
--

LOCK TABLES `tipo_enfermedad` WRITE;
/*!40000 ALTER TABLE `tipo_enfermedad` DISABLE KEYS */;
INSERT INTO `tipo_enfermedad` VALUES (1,'De transmisin alimentaria'),(2,'De transmisin respiratoria'),(3,'De transmisin sexual'),(4,'Prevenibles por inmunizacin'),(5,'Hepatitis viricas'),(6,'Zoonosis y Vectoriales'),(7,'Importadas'),(8,'Otras');
/*!40000 ALTER TABLE `tipo_enfermedad` ENABLE KEYS */;
UNLOCK TABLES;

--
-- Dumping events for database 'nutriversion'
--

--
-- Dumping routines for database 'nutriversion'
--
/*!50003 DROP FUNCTION IF EXISTS `actualiza_pass` */;
/*!50003 SET @saved_cs_client      = @@character_set_client */ ;
/*!50003 SET @saved_cs_results     = @@character_set_results */ ;
/*!50003 SET @saved_col_connection = @@collation_connection */ ;
/*!50003 SET character_set_client  = utf8 */ ;
/*!50003 SET character_set_results = utf8 */ ;
/*!50003 SET collation_connection  = utf8_general_ci */ ;
/*!50003 SET @saved_sql_mode       = @@sql_mode */ ;
/*!50003 SET sql_mode              = 'STRICT_ALL_TABLES,NO_ZERO_IN_DATE,NO_ZERO_DATE,ERROR_FOR_DIVISION_BY_ZERO,NO_AUTO_CREATE_USER' */ ;
DELIMITER ;;
CREATE DEFINER=`root`@`localhost` FUNCTION `actualiza_pass`(`id_cliente` int, `new_contrasena` VARCHAR(1000)) RETURNS int(1)
    NO SQL
begin

declare valida int;

declare resultado int;

update  cliente set  cliente_contrasena = new_contrasena WHERE cliente_id =  id_cliente;

select 1 into resultado from dual;

return resultado;

end ;;
DELIMITER ;
/*!50003 SET sql_mode              = @saved_sql_mode */ ;
/*!50003 SET character_set_client  = @saved_cs_client */ ;
/*!50003 SET character_set_results = @saved_cs_results */ ;
/*!50003 SET collation_connection  = @saved_col_connection */ ;
/*!50003 DROP FUNCTION IF EXISTS `compare` */;
/*!50003 SET @saved_cs_client      = @@character_set_client */ ;
/*!50003 SET @saved_cs_results     = @@character_set_results */ ;
/*!50003 SET @saved_col_connection = @@collation_connection */ ;
/*!50003 SET character_set_client  = utf8mb4 */ ;
/*!50003 SET character_set_results = utf8mb4 */ ;
/*!50003 SET collation_connection  = utf8mb4_general_ci */ ;
/*!50003 SET @saved_sql_mode       = @@sql_mode */ ;
/*!50003 SET sql_mode              = 'NO_AUTO_VALUE_ON_ZERO' */ ;
DELIMITER ;;
CREATE DEFINER=`root`@`localhost` FUNCTION `compare`(`n` INT, `m` INT) RETURNS varchar(20) CHARSET latin1
BEGIN

    DECLARE s VARCHAR(20);



    IF n > m THEN SET s = '>';

    ELSEIF n = m THEN SET s = '=';

    ELSE SET s = '<';

    END IF;



    SET s = CONCAT(n, ' ', s, ' ', m);



    RETURN s;

  END ;;
DELIMITER ;
/*!50003 SET sql_mode              = @saved_sql_mode */ ;
/*!50003 SET character_set_client  = @saved_cs_client */ ;
/*!50003 SET character_set_results = @saved_cs_results */ ;
/*!50003 SET collation_connection  = @saved_col_connection */ ;
/*!50003 DROP FUNCTION IF EXISTS `fnc_elimina_dieta` */;
/*!50003 SET @saved_cs_client      = @@character_set_client */ ;
/*!50003 SET @saved_cs_results     = @@character_set_results */ ;
/*!50003 SET @saved_col_connection = @@collation_connection */ ;
/*!50003 SET character_set_client  = utf8mb4 */ ;
/*!50003 SET character_set_results = utf8mb4 */ ;
/*!50003 SET collation_connection  = utf8mb4_general_ci */ ;
/*!50003 SET @saved_sql_mode       = @@sql_mode */ ;
/*!50003 SET sql_mode              = 'NO_AUTO_VALUE_ON_ZERO' */ ;
DELIMITER ;;
CREATE DEFINER=`root`@`localhost` FUNCTION `fnc_elimina_dieta`(`id_dieta2` INT(100)) RETURNS int(1)
    NO SQL
    COMMENT 'esta wea hace esta wea 8======D'
begin

declare estado int;

DELETE FROM dieta_detalle WHERE id_dieta = id_dieta2;

set estado = 1;

DELETE FROM dieta_cabecera WHERE id_dieta = id_dieta2;

set estado = estado +1;

return estado;

end ;;
DELIMITER ;
/*!50003 SET sql_mode              = @saved_sql_mode */ ;
/*!50003 SET character_set_client  = @saved_cs_client */ ;
/*!50003 SET character_set_results = @saved_cs_results */ ;
/*!50003 SET collation_connection  = @saved_col_connection */ ;
/*!50003 DROP FUNCTION IF EXISTS `fnc_insert_dieta_cab` */;
/*!50003 SET @saved_cs_client      = @@character_set_client */ ;
/*!50003 SET @saved_cs_results     = @@character_set_results */ ;
/*!50003 SET @saved_col_connection = @@collation_connection */ ;
/*!50003 SET character_set_client  = utf8mb4 */ ;
/*!50003 SET character_set_results = utf8mb4 */ ;
/*!50003 SET collation_connection  = utf8mb4_general_ci */ ;
/*!50003 SET @saved_sql_mode       = @@sql_mode */ ;
/*!50003 SET sql_mode              = 'NO_AUTO_VALUE_ON_ZERO' */ ;
DELIMITER ;;
CREATE DEFINER=`root`@`localhost` FUNCTION `fnc_insert_dieta_cab`(`nombre_dieta` VARCHAR(100), `id_cliente_dieta` INT(100)) RETURNS int(1)
    NO SQL
begin

declare estado int;

declare resultado int;

SELECT count(1) into resultado  FROM dieta_cabecera WHERE nombre= nombre_dieta limit 1;

if resultado =0 

then 

INSERT INTO dieta_cabecera (nombre,total_calorias,fecha_creacion,fecha_modificacion,id_cliente) 

VALUES (nombre_dieta,0,DATE(SYSDATE()),DATE(SYSDATE()),id_cliente_dieta);

select 1 into estado from dual;

else 

select 0 into estado from dual;

end if;

return estado;

end ;;
DELIMITER ;
/*!50003 SET sql_mode              = @saved_sql_mode */ ;
/*!50003 SET character_set_client  = @saved_cs_client */ ;
/*!50003 SET character_set_results = @saved_cs_results */ ;
/*!50003 SET collation_connection  = @saved_col_connection */ ;
/*!50003 DROP FUNCTION IF EXISTS `fn_insertar_dieta_cabecera` */;
/*!50003 SET @saved_cs_client      = @@character_set_client */ ;
/*!50003 SET @saved_cs_results     = @@character_set_results */ ;
/*!50003 SET @saved_col_connection = @@collation_connection */ ;
/*!50003 SET character_set_client  = utf8mb4 */ ;
/*!50003 SET character_set_results = utf8mb4 */ ;
/*!50003 SET collation_connection  = utf8mb4_general_ci */ ;
/*!50003 SET @saved_sql_mode       = @@sql_mode */ ;
/*!50003 SET sql_mode              = 'NO_AUTO_VALUE_ON_ZERO' */ ;
DELIMITER ;;
CREATE DEFINER=`root`@`localhost` FUNCTION `fn_insertar_dieta_cabecera`(`nombre_dieta` VARCHAR(100), `total_calorias` INT, `id_comida` INT, `id_cliente` INT) RETURNS int(11)
begin

declare s int;

if nombre_dieta = "" then

set s = 0;

else

insert into dieta_cabecera (nombre,total_calorias,fecha_creacion,fecha_modificacion,id_cliente) values (nombre_dieta,total_calorias,sysdate(),sysdate(),13);

select id_dieta into s from dieta_cabecera order by id_dieta desc limit 0,1;

end if;

return s;

end ;;
DELIMITER ;
/*!50003 SET sql_mode              = @saved_sql_mode */ ;
/*!50003 SET character_set_client  = @saved_cs_client */ ;
/*!50003 SET character_set_results = @saved_cs_results */ ;
/*!50003 SET collation_connection  = @saved_col_connection */ ;
/*!50003 DROP FUNCTION IF EXISTS `fn_retorna_cumplimiento` */;
/*!50003 SET @saved_cs_client      = @@character_set_client */ ;
/*!50003 SET @saved_cs_results     = @@character_set_results */ ;
/*!50003 SET @saved_col_connection = @@collation_connection */ ;
/*!50003 SET character_set_client  = utf8 */ ;
/*!50003 SET character_set_results = utf8 */ ;
/*!50003 SET collation_connection  = utf8_general_ci */ ;
/*!50003 SET @saved_sql_mode       = @@sql_mode */ ;
/*!50003 SET sql_mode              = 'STRICT_ALL_TABLES,NO_ZERO_IN_DATE,NO_ZERO_DATE,ERROR_FOR_DIVISION_BY_ZERO,NO_AUTO_CREATE_USER' */ ;
DELIMITER ;;
CREATE DEFINER=`root`@`localhost` FUNCTION `fn_retorna_cumplimiento`(id_cliente int, fecha_s date) RETURNS double
BEGIN
declare id_dieta_asig int;
declare fecha_max datetime;
declare cumplimiento double;

select max(fecha) into fecha_max from cliente_dieta where id_cliente = id_cliente;

select id_dieta  into id_dieta_asig from  cliente_dieta x  
where id_cliente = id_cliente
and  fecha  = fecha_max;

/*query de cumplimiento*/

select
ifnull(avg( x.cumplimiento),0) into cumplimiento
from
(
select 
s.id_comida
,s.id_categoria
,s.porciones
,s.cantidad 
,case when s.porciones = 0 and s.cantidad = 0
then  null
else
		case 
		when s.porciones = s.cantidad  then 1 
		else 0 
		end 

end  cumplimiento
from
(
select 
a.id_comida
,a.id_categoria
,a.porciones
,case when b.cantidad is null then 0 else b.cantidad end cantidad
from 
(
select b.id_comida,b.id_categoria,sum(b.porciones) porciones
from cliente_dieta x 
inner join dieta_cabecera a on  x.id_dieta = a.id_dieta
inner join  dieta_detalle b  on a.id_dieta = b.id_dieta
where a.id_dieta = id_dieta_asig
and x.id_cliente = id_cliente
and x.fecha = fecha_max
group by b.id_comida,b.id_categoria
order by b.id_comida,b.id_categoria
) a
left join 
(select b.id_comida,c.categoria_id,sum(b.cantidad)  cantidad
from contador_calorias_cabecera a 
inner join contador_calorias_detalle b on a.id_cabecera = b.id_cabecera
inner join alimentos l on b.ID_ALIMENTO = l.ID_ALIMENTO 
inner join sub_categoria s on l.ID_SUBCATE = s.sub_cate_id
inner join categoria c on s.categoria_id = c.categoria_id 
where a.fecha =  fecha_s
and a.id_cliente  = id_cliente
group by b.id_comida,c.categoria_id
order by b.id_comida,c.categoria_id
) b on a.id_comida = b.id_comida and a.id_categoria =  b.categoria_id
order by a.id_comida
,a.id_categoria
) s
) x;


RETURN cumplimiento;

END ;;
DELIMITER ;
/*!50003 SET sql_mode              = @saved_sql_mode */ ;
/*!50003 SET character_set_client  = @saved_cs_client */ ;
/*!50003 SET character_set_results = @saved_cs_results */ ;
/*!50003 SET collation_connection  = @saved_col_connection */ ;
/*!50003 DROP FUNCTION IF EXISTS `fn_retorna_max_estado` */;
/*!50003 SET @saved_cs_client      = @@character_set_client */ ;
/*!50003 SET @saved_cs_results     = @@character_set_results */ ;
/*!50003 SET @saved_col_connection = @@collation_connection */ ;
/*!50003 SET character_set_client  = utf8mb4 */ ;
/*!50003 SET character_set_results = utf8mb4 */ ;
/*!50003 SET collation_connection  = utf8mb4_general_ci */ ;
/*!50003 SET @saved_sql_mode       = @@sql_mode */ ;
/*!50003 SET sql_mode              = 'NO_AUTO_VALUE_ON_ZERO' */ ;
DELIMITER ;;
CREATE DEFINER=`root`@`localhost` FUNCTION `fn_retorna_max_estado`(`id_cliente` INT) RETURNS datetime
    NO SQL
BEGIN 

declare fecha_max datetime;

SELECT MAX(fecha_registro)  into fecha_max

FROM estado_fisico

WHERE id_cliente = id_cliente;

return fecha_max;

end ;;
DELIMITER ;
/*!50003 SET sql_mode              = @saved_sql_mode */ ;
/*!50003 SET character_set_client  = @saved_cs_client */ ;
/*!50003 SET character_set_results = @saved_cs_results */ ;
/*!50003 SET collation_connection  = @saved_col_connection */ ;
/*!50003 DROP FUNCTION IF EXISTS `fn_retorna_promedio_calorias` */;
/*!50003 SET @saved_cs_client      = @@character_set_client */ ;
/*!50003 SET @saved_cs_results     = @@character_set_results */ ;
/*!50003 SET @saved_col_connection = @@collation_connection */ ;
/*!50003 SET character_set_client  = utf8 */ ;
/*!50003 SET character_set_results = utf8 */ ;
/*!50003 SET collation_connection  = utf8_general_ci */ ;
/*!50003 SET @saved_sql_mode       = @@sql_mode */ ;
/*!50003 SET sql_mode              = 'STRICT_ALL_TABLES,NO_ZERO_IN_DATE,NO_ZERO_DATE,ERROR_FOR_DIVISION_BY_ZERO,NO_AUTO_CREATE_USER' */ ;
DELIMITER ;;
CREATE DEFINER=`root`@`localhost` FUNCTION `fn_retorna_promedio_calorias`(id_dieta int) RETURNS double
BEGIN

declare  result double;


select 
sum(j.total_calorias) into result
from (
select 
  xy.id_comida
, xy.id_categoria 
, xy.porsiones
, xy.Calorias
, (xy.porsiones * xy.Calorias) total_calorias
from(
select  
c.id_comida
,c.id_categoria 
,sum(c.porciones) porsiones
,avg(p.Calorias) Calorias
from 
 dieta_cabecera  x 
inner join dieta_detalle  c on x.id_dieta = c.id_dieta 
inner join 
(
select a.categoria_id,avg(c.Calorias)  Calorias
from  categoria a 
inner join sub_categoria b on a.categoria_id = b.categoria_id
inner join alimentos c on b.sub_cate_id = c.ID_SUBCATE
group by a.categoria_id
) p on p.categoria_id = c.id_categoria 
where x.id_dieta =id_dieta  
group by c.id_comida
,c.id_categoria 
order by c.id_comida
,c.id_categoria 
) xy
) j;



RETURN result;
END ;;
DELIMITER ;
/*!50003 SET sql_mode              = @saved_sql_mode */ ;
/*!50003 SET character_set_client  = @saved_cs_client */ ;
/*!50003 SET character_set_results = @saved_cs_results */ ;
/*!50003 SET collation_connection  = @saved_col_connection */ ;
/*!50003 DROP FUNCTION IF EXISTS `fn_retorna_sum_conta` */;
/*!50003 SET @saved_cs_client      = @@character_set_client */ ;
/*!50003 SET @saved_cs_results     = @@character_set_results */ ;
/*!50003 SET @saved_col_connection = @@collation_connection */ ;
/*!50003 SET character_set_client  = utf8 */ ;
/*!50003 SET character_set_results = utf8 */ ;
/*!50003 SET collation_connection  = utf8_general_ci */ ;
/*!50003 SET @saved_sql_mode       = @@sql_mode */ ;
/*!50003 SET sql_mode              = 'STRICT_ALL_TABLES,NO_ZERO_IN_DATE,NO_ZERO_DATE,ERROR_FOR_DIVISION_BY_ZERO,NO_AUTO_CREATE_USER' */ ;
DELIMITER ;;
CREATE DEFINER=`root`@`localhost` FUNCTION `fn_retorna_sum_conta`(fecha date, id_cliente int) RETURNS double
BEGIN
declare result double;
select
sum(calorias)  into result
from contador_calorias_cabecera a
inner join contador_calorias_detalle b on a.id_cabecera = b.id_cabecera
where a.fecha = fecha
and a.id_cliente  = id_cliente;

RETURN result;
END ;;
DELIMITER ;
/*!50003 SET sql_mode              = @saved_sql_mode */ ;
/*!50003 SET character_set_client  = @saved_cs_client */ ;
/*!50003 SET character_set_results = @saved_cs_results */ ;
/*!50003 SET collation_connection  = @saved_col_connection */ ;
/*!50003 DROP FUNCTION IF EXISTS `fn_update_sesion` */;
/*!50003 SET @saved_cs_client      = @@character_set_client */ ;
/*!50003 SET @saved_cs_results     = @@character_set_results */ ;
/*!50003 SET @saved_col_connection = @@collation_connection */ ;
/*!50003 SET character_set_client  = utf8 */ ;
/*!50003 SET character_set_results = utf8 */ ;
/*!50003 SET collation_connection  = utf8_general_ci */ ;
/*!50003 SET @saved_sql_mode       = @@sql_mode */ ;
/*!50003 SET sql_mode              = 'STRICT_ALL_TABLES,NO_ZERO_IN_DATE,NO_ZERO_DATE,ERROR_FOR_DIVISION_BY_ZERO,NO_AUTO_CREATE_USER' */ ;
DELIMITER ;;
CREATE DEFINER=`root`@`localhost` FUNCTION `fn_update_sesion`(v_ip varchar(50), v_nom_maq varchar(50),v_id_cliente int,param varchar(20)) RETURNS int(11)
BEGIN
declare contador int;
declare result int;
declare v_estado int;


select max(estado) into v_estado from sesion where id_cliente = v_id_cliente;

select max(num_conect) into contador from sesion where id_cliente = v_id_cliente;

IF v_estado <> 1 
THEN 

		if UPPER(param)  = 'INICIO'
		then 

				select (contador + 1) into contador from dual;

				update sesion set ip = v_ip, fecha_hora = now(),nom_maquina = v_nom_maq,num_conect = contador, estado = 1
				where id_cliente = v_id_cliente;
                
                
		 else 
					update sesion set ip = v_ip, fecha_hora = now(),nom_maquina = v_nom_maq,num_conect = contador, estado = 0
						where id_cliente = v_id_cliente;
				
			 
		end if;
ELSE 
    
update sesion set ip = v_ip, fecha_hora = now(),nom_maquina = v_nom_maq,num_conect = contador, estado = 0
						where id_cliente = v_id_cliente;  
                        
       if UPPER(param)  = 'INICIO'
		then 

				select (contador + 1) into contador from dual;

				update sesion set ip = v_ip, fecha_hora = now(),nom_maquina = v_nom_maq,num_conect = contador, estado = 1
				where id_cliente = v_id_cliente;
                
           
		 else 
					update sesion set ip = v_ip, fecha_hora = now(),nom_maquina = v_nom_maq,num_conect = contador, estado = 0
						where id_cliente = v_id_cliente;
				
			 
		end if;                 
                        
END IF;

select max(num_conect) into result from sesion where id_cliente = v_id_cliente;

RETURN result;
END ;;
DELIMITER ;
/*!50003 SET sql_mode              = @saved_sql_mode */ ;
/*!50003 SET character_set_client  = @saved_cs_client */ ;
/*!50003 SET character_set_results = @saved_cs_results */ ;
/*!50003 SET collation_connection  = @saved_col_connection */ ;
/*!50003 DROP FUNCTION IF EXISTS `fn_valida_dieta_cabecera` */;
/*!50003 SET @saved_cs_client      = @@character_set_client */ ;
/*!50003 SET @saved_cs_results     = @@character_set_results */ ;
/*!50003 SET @saved_col_connection = @@collation_connection */ ;
/*!50003 SET character_set_client  = utf8mb4 */ ;
/*!50003 SET character_set_results = utf8mb4 */ ;
/*!50003 SET collation_connection  = utf8mb4_general_ci */ ;
/*!50003 SET @saved_sql_mode       = @@sql_mode */ ;
/*!50003 SET sql_mode              = 'NO_AUTO_VALUE_ON_ZERO' */ ;
DELIMITER ;;
CREATE DEFINER=`root`@`localhost` FUNCTION `fn_valida_dieta_cabecera`(`id_usuario` INT) RETURNS int(11)
BEGIN 

declare valida_cabecera INT;

declare id_dieta_cabecera INT;

SELECT COUNT(*) into valida_cabecera

FROM contador_calorias_cabecera 

WHERE id_cliente = id_usuario

AND fecha = DATE(SYSDATE());

IF valida_cabecera = 0

THEN

RETURN valida_cabecera;

ELSE

SELECT id_cabecera into id_dieta_cabecera

FROM contador_calorias_cabecera 

WHERE id_cliente = id_usuario

AND fecha = DATE(SYSDATE());

RETURN  id_dieta_cabecera;

END IF;

END ;;
DELIMITER ;
/*!50003 SET sql_mode              = @saved_sql_mode */ ;
/*!50003 SET character_set_client  = @saved_cs_client */ ;
/*!50003 SET character_set_results = @saved_cs_results */ ;
/*!50003 SET collation_connection  = @saved_col_connection */ ;
/*!50003 DROP FUNCTION IF EXISTS `insert_cont_detalle` */;
/*!50003 SET @saved_cs_client      = @@character_set_client */ ;
/*!50003 SET @saved_cs_results     = @@character_set_results */ ;
/*!50003 SET @saved_col_connection = @@collation_connection */ ;
/*!50003 SET character_set_client  = utf8mb4 */ ;
/*!50003 SET character_set_results = utf8mb4 */ ;
/*!50003 SET collation_connection  = utf8mb4_general_ci */ ;
/*!50003 SET @saved_sql_mode       = @@sql_mode */ ;
/*!50003 SET sql_mode              = 'NO_AUTO_VALUE_ON_ZERO' */ ;
DELIMITER ;;
CREATE DEFINER=`root`@`localhost` FUNCTION `insert_cont_detalle`(`p_id_usuario` INT, `p_id_alimento` INT, `p_id_comida` INT, `p_cantidad` INT, `p_total_calorias` INT) RETURNS varchar(50) CHARSET latin1
begin 

declare v_id_cabecera int;

select fn_valida_dieta_cabecera(p_id_usuario) into v_id_cabecera from dual;

if v_id_cabecera = 0 then

return 'problemas al insertar';

else

insert into contador_calorias_detalle 

(id_cabecera,id_alimento,id_comida, cantidad, calorias) 

values(

v_id_cabecera

,p_id_alimento

,p_id_comida

,p_cantidad

,p_total_calorias);



update  contador_calorias_cabecera  set total_calorias  = (select sum(calorias) from contador_calorias_detalle where id_cabecera = v_id_cabecera) where id_cabecera = v_id_cabecera;



return 'Se ha insertado';

end if;

end ;;
DELIMITER ;
/*!50003 SET sql_mode              = @saved_sql_mode */ ;
/*!50003 SET character_set_client  = @saved_cs_client */ ;
/*!50003 SET character_set_results = @saved_cs_results */ ;
/*!50003 SET collation_connection  = @saved_col_connection */ ;
/*!50003 DROP FUNCTION IF EXISTS `retorna_contrasena` */;
/*!50003 SET @saved_cs_client      = @@character_set_client */ ;
/*!50003 SET @saved_cs_results     = @@character_set_results */ ;
/*!50003 SET @saved_col_connection = @@collation_connection */ ;
/*!50003 SET character_set_client  = utf8 */ ;
/*!50003 SET character_set_results = utf8 */ ;
/*!50003 SET collation_connection  = utf8_general_ci */ ;
/*!50003 SET @saved_sql_mode       = @@sql_mode */ ;
/*!50003 SET sql_mode              = 'STRICT_ALL_TABLES,NO_ZERO_IN_DATE,NO_ZERO_DATE,ERROR_FOR_DIVISION_BY_ZERO,NO_AUTO_CREATE_USER' */ ;
DELIMITER ;;
CREATE DEFINER=`root`@`localhost` FUNCTION `retorna_contrasena`(`rut` VARCHAR(9)) RETURNS varchar(50) CHARSET latin1
    NO SQL
begin
declare contra varchar(50);
select cliente_contrasena into contra from cliente where  cliente_rut = rut;
return contra;

end ;;
DELIMITER ;
/*!50003 SET sql_mode              = @saved_sql_mode */ ;
/*!50003 SET character_set_client  = @saved_cs_client */ ;
/*!50003 SET character_set_results = @saved_cs_results */ ;
/*!50003 SET collation_connection  = @saved_col_connection */ ;
/*!50003 DROP FUNCTION IF EXISTS `retorna_sexo` */;
/*!50003 SET @saved_cs_client      = @@character_set_client */ ;
/*!50003 SET @saved_cs_results     = @@character_set_results */ ;
/*!50003 SET @saved_col_connection = @@collation_connection */ ;
/*!50003 SET character_set_client  = utf8 */ ;
/*!50003 SET character_set_results = utf8 */ ;
/*!50003 SET collation_connection  = utf8_general_ci */ ;
/*!50003 SET @saved_sql_mode       = @@sql_mode */ ;
/*!50003 SET sql_mode              = 'STRICT_ALL_TABLES,NO_ZERO_IN_DATE,NO_ZERO_DATE,ERROR_FOR_DIVISION_BY_ZERO,NO_AUTO_CREATE_USER' */ ;
DELIMITER ;;
CREATE DEFINER=`root`@`localhost` FUNCTION `retorna_sexo`(id_usuario int) RETURNS int(11)
BEGIN
declare n_sexo int;
select cliente_sexo into n_sexo from cliente where cliente_id = id_usuario;
RETURN n_sexo;
END ;;
DELIMITER ;
/*!50003 SET sql_mode              = @saved_sql_mode */ ;
/*!50003 SET character_set_client  = @saved_cs_client */ ;
/*!50003 SET character_set_results = @saved_cs_results */ ;
/*!50003 SET collation_connection  = @saved_col_connection */ ;
/*!50003 DROP FUNCTION IF EXISTS `validate_rut` */;
/*!50003 SET @saved_cs_client      = @@character_set_client */ ;
/*!50003 SET @saved_cs_results     = @@character_set_results */ ;
/*!50003 SET @saved_col_connection = @@collation_connection */ ;
/*!50003 SET character_set_client  = utf8 */ ;
/*!50003 SET character_set_results = utf8 */ ;
/*!50003 SET collation_connection  = utf8_general_ci */ ;
/*!50003 SET @saved_sql_mode       = @@sql_mode */ ;
/*!50003 SET sql_mode              = 'STRICT_ALL_TABLES,NO_ZERO_IN_DATE,NO_ZERO_DATE,ERROR_FOR_DIVISION_BY_ZERO,NO_AUTO_CREATE_USER' */ ;
DELIMITER ;;
CREATE DEFINER=`root`@`localhost` FUNCTION `validate_rut`(RUT VARCHAR(12)) RETURNS int(11)
BEGIN
	DECLARE strlen INT;
	DECLARE i INT;
	DECLARE j INT;
	DECLARE suma NUMERIC;
	DECLARE temprut VARCHAR(12);
	DECLARE verify_dv CHAR(2);
	DECLARE DV CHAR(1);
	SET RUT = REPLACE(REPLACE(RUT, '.', ''),'-','');
	SET DV = SUBSTR(RUT,-1,1);
	SET RUT = SUBSTR(RUT,1,LENGTH(RUT)-1);
	SET i = 1;
  	SET strlen = LENGTH(RUT);
  	SET j = 2;
  	SET suma = 0;
	IF strlen = 8 OR strlen = 7 THEN
		SET temprut = REVERSE(RUT);
		moduloonce: LOOP
		    IF i <= LENGTH(temprut) THEN
    			SET suma = suma + (CONVERT(SUBSTRING(temprut, i, 1),UNSIGNED INTEGER) * j); 
	      		SET i = i + 1;
	      		IF j = 7 THEN
		    		SET j = 2;
	    		ELSE
	    			SET j = j + 1;
    			END IF;
	      		ITERATE moduloonce;
		    END IF;
		    LEAVE moduloonce;
	  	END LOOP moduloonce;
	  	SET verify_dv = 11 - (suma % 11);
	  	IF verify_dv = 11 THEN
	  		SET verify_dv = 0;
	  	ELSEIF verify_dv = 10 THEN 
	  		SET verify_dv = 'K';
	  	END IF;
	  	IF DV = verify_dv THEN
	  		RETURN 1;
	  	ELSE 
	  		RETURN 0;
	  	END IF;
	END IF;
	RETURN 0;
END ;;
DELIMITER ;
/*!50003 SET sql_mode              = @saved_sql_mode */ ;
/*!50003 SET character_set_client  = @saved_cs_client */ ;
/*!50003 SET character_set_results = @saved_cs_results */ ;
/*!50003 SET collation_connection  = @saved_col_connection */ ;
/*!50003 DROP FUNCTION IF EXISTS `Valida_estado_fisico` */;
/*!50003 SET @saved_cs_client      = @@character_set_client */ ;
/*!50003 SET @saved_cs_results     = @@character_set_results */ ;
/*!50003 SET @saved_col_connection = @@collation_connection */ ;
/*!50003 SET character_set_client  = utf8mb4 */ ;
/*!50003 SET character_set_results = utf8mb4 */ ;
/*!50003 SET collation_connection  = utf8mb4_general_ci */ ;
/*!50003 SET @saved_sql_mode       = @@sql_mode */ ;
/*!50003 SET sql_mode              = 'NO_AUTO_VALUE_ON_ZERO' */ ;
DELIMITER ;;
CREATE DEFINER=`root`@`localhost` FUNCTION `Valida_estado_fisico`(`id_cliente` INT) RETURNS int(11)
    NO SQL
BEGIN 

declare fecha_max datetime;

declare  Fecha_act date;

declare fecha_interval date;



SELECT MAX(fecha_registro)  into fecha_max

FROM estado_fisico

WHERE id_cliente = id_cliente;

SELECT DATE( DATE_ADD( fecha_max, INTERVAL 7 DAY ) ) into fecha_interval FROM dual;

SELECT DATE(NOW()) INTO Fecha_act FROM DUAL;





IF  fecha_interval <= Fecha_act

THEN

RETURN 1;

ELSE

RETURN 0;

END IF;

END ;;
DELIMITER ;
/*!50003 SET sql_mode              = @saved_sql_mode */ ;
/*!50003 SET character_set_client  = @saved_cs_client */ ;
/*!50003 SET character_set_results = @saved_cs_results */ ;
/*!50003 SET collation_connection  = @saved_col_connection */ ;
/*!50003 DROP FUNCTION IF EXISTS `valida_mail` */;
/*!50003 SET @saved_cs_client      = @@character_set_client */ ;
/*!50003 SET @saved_cs_results     = @@character_set_results */ ;
/*!50003 SET @saved_col_connection = @@collation_connection */ ;
/*!50003 SET character_set_client  = utf8 */ ;
/*!50003 SET character_set_results = utf8 */ ;
/*!50003 SET collation_connection  = utf8_general_ci */ ;
/*!50003 SET @saved_sql_mode       = @@sql_mode */ ;
/*!50003 SET sql_mode              = 'STRICT_ALL_TABLES,NO_ZERO_IN_DATE,NO_ZERO_DATE,ERROR_FOR_DIVISION_BY_ZERO,NO_AUTO_CREATE_USER' */ ;
DELIMITER ;;
CREATE DEFINER=`root`@`localhost` FUNCTION `valida_mail`(email VARCHAR(300), rut INT) RETURNS int(11)
BEGIN
declare valida int;
declare vemail int;
declare vrut int;
SELECT count(1) into vemail FROM  cliente WHERE cliente_email =  email;
SELECT count(1) into vrut FROM  cliente WHERE cliente_rut =  rut;

select vemail +  vrut into valida from dual;

return valida;
END ;;
DELIMITER ;
/*!50003 SET sql_mode              = @saved_sql_mode */ ;
/*!50003 SET character_set_client  = @saved_cs_client */ ;
/*!50003 SET character_set_results = @saved_cs_results */ ;
/*!50003 SET collation_connection  = @saved_col_connection */ ;
/*!50003 DROP FUNCTION IF EXISTS `valida_usuario` */;
/*!50003 SET @saved_cs_client      = @@character_set_client */ ;
/*!50003 SET @saved_cs_results     = @@character_set_results */ ;
/*!50003 SET @saved_col_connection = @@collation_connection */ ;
/*!50003 SET character_set_client  = utf8mb4 */ ;
/*!50003 SET character_set_results = utf8mb4 */ ;
/*!50003 SET collation_connection  = utf8mb4_general_ci */ ;
/*!50003 SET @saved_sql_mode       = @@sql_mode */ ;
/*!50003 SET sql_mode              = 'NO_AUTO_VALUE_ON_ZERO' */ ;
DELIMITER ;;
CREATE DEFINER=`root`@`localhost` FUNCTION `valida_usuario`(`usuario` VARCHAR(300), `contrasena` VARCHAR(1000), `tipo_usuario` VARCHAR(200)) RETURNS int(1)
    NO SQL
begin

declare valida int;

declare resultado int;

select  count(*) into valida  from cliente where cliente_contrasena = contrasena and cliente_usuario = usuario and cliente_tipo = tipo_usuario limit 1;

if valida = 1

then 

select 1 into resultado from dual;

else 

select 0 into resultado from dual;

end if;

return resultado;

end ;;
DELIMITER ;
/*!50003 SET sql_mode              = @saved_sql_mode */ ;
/*!50003 SET character_set_client  = @saved_cs_client */ ;
/*!50003 SET character_set_results = @saved_cs_results */ ;
/*!50003 SET collation_connection  = @saved_col_connection */ ;
/*!50003 DROP PROCEDURE IF EXISTS `fn_valida_dieta_cabecera` */;
/*!50003 SET @saved_cs_client      = @@character_set_client */ ;
/*!50003 SET @saved_cs_results     = @@character_set_results */ ;
/*!50003 SET @saved_col_connection = @@collation_connection */ ;
/*!50003 SET character_set_client  = utf8mb4 */ ;
/*!50003 SET character_set_results = utf8mb4 */ ;
/*!50003 SET collation_connection  = utf8mb4_general_ci */ ;
/*!50003 SET @saved_sql_mode       = @@sql_mode */ ;
/*!50003 SET sql_mode              = 'NO_AUTO_VALUE_ON_ZERO' */ ;
DELIMITER ;;
CREATE DEFINER=`root`@`localhost` PROCEDURE `fn_valida_dieta_cabecera`(IN `id_usuario` INT)
BEGIN 

declare valida_cabecera INT;

SELECT COUNT(*) into valida_cabecera

FROM contador_calorias_cabecera 

WHERE id_cliente = id_usuario

AND fecha = DATE(SYSDATE());

END ;;
DELIMITER ;
/*!50003 SET sql_mode              = @saved_sql_mode */ ;
/*!50003 SET character_set_client  = @saved_cs_client */ ;
/*!50003 SET character_set_results = @saved_cs_results */ ;
/*!50003 SET collation_connection  = @saved_col_connection */ ;
/*!50003 DROP PROCEDURE IF EXISTS `nueva_dieta` */;
/*!50003 SET @saved_cs_client      = @@character_set_client */ ;
/*!50003 SET @saved_cs_results     = @@character_set_results */ ;
/*!50003 SET @saved_col_connection = @@collation_connection */ ;
/*!50003 SET character_set_client  = utf8mb4 */ ;
/*!50003 SET character_set_results = utf8mb4 */ ;
/*!50003 SET collation_connection  = utf8mb4_general_ci */ ;
/*!50003 SET @saved_sql_mode       = @@sql_mode */ ;
/*!50003 SET sql_mode              = 'NO_AUTO_VALUE_ON_ZERO' */ ;
DELIMITER ;;
CREATE DEFINER=`root`@`localhost` PROCEDURE `nueva_dieta`(OUT `num` INT)
    READS SQL DATA
select count(*) into num from dieta_cabecera ;;
DELIMITER ;
/*!50003 SET sql_mode              = @saved_sql_mode */ ;
/*!50003 SET character_set_client  = @saved_cs_client */ ;
/*!50003 SET character_set_results = @saved_cs_results */ ;
/*!50003 SET collation_connection  = @saved_col_connection */ ;
/*!50003 DROP PROCEDURE IF EXISTS `nueva_dieta2` */;
/*!50003 SET @saved_cs_client      = @@character_set_client */ ;
/*!50003 SET @saved_cs_results     = @@character_set_results */ ;
/*!50003 SET @saved_col_connection = @@collation_connection */ ;
/*!50003 SET character_set_client  = utf8mb4 */ ;
/*!50003 SET character_set_results = utf8mb4 */ ;
/*!50003 SET collation_connection  = utf8mb4_general_ci */ ;
/*!50003 SET @saved_sql_mode       = @@sql_mode */ ;
/*!50003 SET sql_mode              = 'NO_AUTO_VALUE_ON_ZERO' */ ;
DELIMITER ;;
CREATE DEFINER=`root`@`localhost` PROCEDURE `nueva_dieta2`(OUT `num` INT)
select count(*) into num from dieta_cabecera ;;
DELIMITER ;
/*!50003 SET sql_mode              = @saved_sql_mode */ ;
/*!50003 SET character_set_client  = @saved_cs_client */ ;
/*!50003 SET character_set_results = @saved_cs_results */ ;
/*!50003 SET collation_connection  = @saved_col_connection */ ;
/*!50003 DROP PROCEDURE IF EXISTS `prg_elimina_dieta` */;
/*!50003 SET @saved_cs_client      = @@character_set_client */ ;
/*!50003 SET @saved_cs_results     = @@character_set_results */ ;
/*!50003 SET @saved_col_connection = @@collation_connection */ ;
/*!50003 SET character_set_client  = utf8mb4 */ ;
/*!50003 SET character_set_results = utf8mb4 */ ;
/*!50003 SET collation_connection  = utf8mb4_general_ci */ ;
/*!50003 SET @saved_sql_mode       = @@sql_mode */ ;
/*!50003 SET sql_mode              = 'NO_AUTO_VALUE_ON_ZERO' */ ;
DELIMITER ;;
CREATE DEFINER=`root`@`localhost` PROCEDURE `prg_elimina_dieta`(IN `id_dieta` INT(200))
    NO SQL
begin

declare wea int;

set wea = id_dieta;

select id_dieta;

DELETE FROM dieta_detalle WHERE id_dieta = wea;

DELETE FROM dieta_cabecera WHERE id_dieta = wea;

end ;;
DELIMITER ;
/*!50003 SET sql_mode              = @saved_sql_mode */ ;
/*!50003 SET character_set_client  = @saved_cs_client */ ;
/*!50003 SET character_set_results = @saved_cs_results */ ;
/*!50003 SET collation_connection  = @saved_col_connection */ ;
/*!50003 DROP PROCEDURE IF EXISTS `proc_insertar_dieta_detalle` */;
/*!50003 SET @saved_cs_client      = @@character_set_client */ ;
/*!50003 SET @saved_cs_results     = @@character_set_results */ ;
/*!50003 SET @saved_col_connection = @@collation_connection */ ;
/*!50003 SET character_set_client  = utf8mb4 */ ;
/*!50003 SET character_set_results = utf8mb4 */ ;
/*!50003 SET collation_connection  = utf8mb4_general_ci */ ;
/*!50003 SET @saved_sql_mode       = @@sql_mode */ ;
/*!50003 SET sql_mode              = 'NO_AUTO_VALUE_ON_ZERO' */ ;
DELIMITER ;;
CREATE DEFINER=`root`@`localhost` PROCEDURE `proc_insertar_dieta_detalle`(IN `id_dieta` INT, IN `id_comida` INT, IN `id_alimento` INT)
begin

declare s int;

insert into dieta_detalle (id_dieta,id_comida,id_alimento) values (id_dieta,id_comida,id_alimento);



end ;;
DELIMITER ;
/*!50003 SET sql_mode              = @saved_sql_mode */ ;
/*!50003 SET character_set_client  = @saved_cs_client */ ;
/*!50003 SET character_set_results = @saved_cs_results */ ;
/*!50003 SET collation_connection  = @saved_col_connection */ ;
/*!40103 SET TIME_ZONE=@OLD_TIME_ZONE */;

/*!40101 SET SQL_MODE=@OLD_SQL_MODE */;
/*!40014 SET FOREIGN_KEY_CHECKS=@OLD_FOREIGN_KEY_CHECKS */;
/*!40014 SET UNIQUE_CHECKS=@OLD_UNIQUE_CHECKS */;
/*!40101 SET CHARACTER_SET_CLIENT=@OLD_CHARACTER_SET_CLIENT */;
/*!40101 SET CHARACTER_SET_RESULTS=@OLD_CHARACTER_SET_RESULTS */;
/*!40101 SET COLLATION_CONNECTION=@OLD_COLLATION_CONNECTION */;
/*!40111 SET SQL_NOTES=@OLD_SQL_NOTES */;

-- Dump completed on 2017-12-04  9:49:38
